/*
 * Auto-generated sprite data from Enemys.png
 * Generated by convert_sprites.py
 */

// Enemys
// 32 x 24 tiles (768 total)
// Each tile is 8x8 pixels

// Total: 768 tiles

// Unique colors used: 7
// Color indices: ['0x0', '0x6', '0x7', '0xa', '0xb', '0xd', '0xf']

const char Enemys[] PROGMEM = {
    // Tile 0 (0,0)
    0x00, 0x00, 0x00, 0x00, 0x00, 0x00, 0x00, 0x00,
    0x00, 0x00, 0x00, 0x0D, 0x0D, 0x0D, 0x0D, 0x0D,
    0x00, 0x00, 0x0D, 0x0D, 0x0D, 0x0D, 0x0D, 0x0D,
    0x00, 0x00, 0x0D, 0x0D, 0x0D, 0x0D, 0x0D, 0x0D,
    0x00, 0x00, 0x0D, 0x0D, 0x0D, 0x0D, 0x0D, 0x0D,
    0x00, 0x00, 0x0D, 0x0D, 0x0D, 0x0D, 0x0D, 0x0D,
    0x00, 0x00, 0x0D, 0x0D, 0x0D, 0x0D, 0x0D, 0x0D,
    0x00, 0x00, 0x0D, 0x00, 0x0D, 0x00, 0x0D, 0x0D,

    0x00, 0x00, 0x00, 0x00, 0x00, 0x00, 0x00, 0x00,
    0x0D, 0x0D, 0x0D, 0x0D, 0x0D, 0x00, 0x00, 0x00,
    0x0D, 0x0D, 0x0D, 0x0D, 0x0D, 0x0D, 0x00, 0x00,
    0x0D, 0x0D, 0x0D, 0x0D, 0x0D, 0x0D, 0x00, 0x00,
    0x0D, 0x0D, 0x0D, 0x0D, 0x00, 0x00, 0x00, 0x00,
    0x0D, 0x0D, 0x0D, 0x00, 0x0D, 0x0D, 0x00, 0x00,
    0x0D, 0x0D, 0x00, 0x0D, 0x00, 0x00, 0x0D, 0x00,
    0x0D, 0x0D, 0x00, 0x0D, 0x00, 0x00, 0x0D, 0x00,

    0x00, 0x00, 0x00, 0x00, 0x0D, 0x0D, 0x0D, 0x0D,
    0x00, 0x00, 0x00, 0x0D, 0x0D, 0x0D, 0x0D, 0x0D,
    0x00, 0x00, 0x0D, 0x0D, 0x0D, 0x0D, 0x0D, 0x0D,
    0x00, 0x00, 0x0D, 0x0D, 0x0D, 0x0D, 0x0D, 0x0D,
    0x00, 0x00, 0x0D, 0x00, 0x0D, 0x00, 0x0D, 0x0D,
    0x00, 0x00, 0x0D, 0x00, 0x0D, 0x00, 0x0D, 0x0D,
    0x00, 0x00, 0x0D, 0x00, 0x0D, 0x00, 0x0D, 0x0D,
    0x00, 0x00, 0x0D, 0x0D, 0x0D, 0x0D, 0x0D, 0x0D,

    0x0D, 0x0D, 0x00, 0x00, 0x00, 0x00, 0x00, 0x00,
    0x0D, 0x0D, 0x0D, 0x0D, 0x0D, 0x00, 0x00, 0x00,
    0x0D, 0x0D, 0x0D, 0x0D, 0x0D, 0x0D, 0x00, 0x00,
    0x0D, 0x0D, 0x0D, 0x0D, 0x0D, 0x0D, 0x00, 0x00,
    0x0D, 0x0D, 0x0D, 0x0D, 0x0D, 0x0D, 0x00, 0x00,
    0x0D, 0x0D, 0x00, 0x00, 0x0D, 0x00, 0x00, 0x00,
    0x0D, 0x00, 0x0D, 0x0D, 0x00, 0x0D, 0x0D, 0x00,
    0x00, 0x0D, 0x00, 0x00, 0x0D, 0x00, 0x00, 0x0D,

    // Tile 4 (4,0)
    0x00, 0x00, 0x00, 0x00, 0x00, 0x00, 0x00, 0x00,
    0x00, 0x00, 0x00, 0x0A, 0x0A, 0x0A, 0x0A, 0x0A,
    0x00, 0x00, 0x0A, 0x0A, 0x0F, 0x0A, 0x0A, 0x0A,
    0x00, 0x00, 0x0A, 0x0F, 0x0A, 0x0A, 0x0A, 0x0A,
    0x00, 0x00, 0x0A, 0x0F, 0x0A, 0x0A, 0x0A, 0x0A,
    0x00, 0x00, 0x0A, 0x0A, 0x0A, 0x0A, 0x0A, 0x0A,
    0x00, 0x00, 0x00, 0x0A, 0x0A, 0x0A, 0x00, 0x0A,
    0x00, 0x00, 0x0A, 0x00, 0x0A, 0x00, 0x0A, 0x0A,

    0x00, 0x00, 0x00, 0x00, 0x00, 0x00, 0x00, 0x00,
    0x0A, 0x0A, 0x0A, 0x0A, 0x0A, 0x00, 0x00, 0x00,
    0x0A, 0x0A, 0x0A, 0x0A, 0x0A, 0x0A, 0x00, 0x00,
    0x0A, 0x0A, 0x0A, 0x0A, 0x0A, 0x0A, 0x00, 0x00,
    0x0A, 0x0A, 0x0A, 0x0A, 0x00, 0x00, 0x00, 0x00,
    0x0A, 0x0A, 0x0A, 0x00, 0x0F, 0x0F, 0x00, 0x00,
    0x0A, 0x0A, 0x00, 0x0F, 0x00, 0x00, 0x0F, 0x00,
    0x0A, 0x0A, 0x00, 0x0F, 0x00, 0x00, 0x0F, 0x00,

    0x00, 0x00, 0x00, 0x00, 0x0A, 0x0A, 0x0A, 0x0A,
    0x00, 0x00, 0x00, 0x0A, 0x0A, 0x0F, 0x0A, 0x0A,
    0x00, 0x00, 0x0A, 0x0A, 0x0F, 0x0A, 0x0A, 0x0A,
    0x00, 0x00, 0x0A, 0x0A, 0x0A, 0x0A, 0x00, 0x0A,
    0x00, 0x00, 0x0A, 0x00, 0x0A, 0x00, 0x0A, 0x0A,
    0x00, 0x00, 0x0A, 0x00, 0x00, 0x00, 0x0A, 0x0A,
    0x00, 0x00, 0x0A, 0x00, 0x0A, 0x00, 0x0A, 0x0A,
    0x00, 0x00, 0x0A, 0x0A, 0x0A, 0x0A, 0x0A, 0x0A,

    0x0A, 0x0A, 0x00, 0x00, 0x00, 0x00, 0x00, 0x00,
    0x0A, 0x0A, 0x0A, 0x0A, 0x0A, 0x00, 0x00, 0x00,
    0x0A, 0x0A, 0x0A, 0x0A, 0x0A, 0x0A, 0x00, 0x00,
    0x0A, 0x0A, 0x0A, 0x0A, 0x0A, 0x0A, 0x00, 0x00,
    0x0A, 0x0A, 0x0A, 0x0A, 0x0A, 0x0A, 0x00, 0x00,
    0x0A, 0x0A, 0x00, 0x00, 0x0A, 0x00, 0x00, 0x00,
    0x0A, 0x00, 0x0F, 0x0F, 0x00, 0x0F, 0x0F, 0x00,
    0x00, 0x0F, 0x00, 0x00, 0x0F, 0x00, 0x00, 0x0F,

    // Tile 8 (8,0)
    0x00, 0x00, 0x00, 0x00, 0x00, 0x00, 0x00, 0x00,
    0x00, 0x00, 0x00, 0x06, 0x06, 0x06, 0x06, 0x06,
    0x00, 0x00, 0x06, 0x06, 0x0D, 0x06, 0x06, 0x06,
    0x00, 0x00, 0x06, 0x0D, 0x06, 0x06, 0x06, 0x06,
    0x00, 0x00, 0x06, 0x0D, 0x06, 0x06, 0x06, 0x06,
    0x00, 0x00, 0x06, 0x06, 0x06, 0x06, 0x06, 0x06,
    0x00, 0x00, 0x00, 0x06, 0x06, 0x06, 0x00, 0x06,
    0x00, 0x00, 0x06, 0x00, 0x06, 0x00, 0x06, 0x06,

    0x00, 0x00, 0x00, 0x00, 0x00, 0x00, 0x00, 0x00,
    0x06, 0x06, 0x06, 0x06, 0x06, 0x00, 0x00, 0x00,
    0x06, 0x06, 0x06, 0x06, 0x06, 0x06, 0x00, 0x00,
    0x06, 0x06, 0x06, 0x06, 0x06, 0x06, 0x00, 0x00,
    0x06, 0x06, 0x06, 0x06, 0x00, 0x00, 0x00, 0x00,
    0x06, 0x06, 0x06, 0x00, 0x0D, 0x0D, 0x00, 0x00,
    0x06, 0x06, 0x00, 0x0D, 0x00, 0x00, 0x0D, 0x00,
    0x06, 0x06, 0x00, 0x0D, 0x00, 0x00, 0x0D, 0x00,

    0x00, 0x00, 0x00, 0x00, 0x06, 0x06, 0x06, 0x06,
    0x00, 0x00, 0x00, 0x06, 0x06, 0x0D, 0x06, 0x06,
    0x00, 0x00, 0x06, 0x06, 0x0D, 0x06, 0x06, 0x06,
    0x00, 0x00, 0x06, 0x06, 0x06, 0x06, 0x00, 0x06,
    0x00, 0x00, 0x06, 0x00, 0x06, 0x00, 0x06, 0x06,
    0x00, 0x00, 0x06, 0x00, 0x00, 0x00, 0x06, 0x06,
    0x00, 0x00, 0x06, 0x00, 0x06, 0x00, 0x06, 0x06,
    0x00, 0x00, 0x06, 0x06, 0x06, 0x06, 0x06, 0x06,

    0x06, 0x06, 0x00, 0x00, 0x00, 0x00, 0x00, 0x00,
    0x06, 0x06, 0x06, 0x06, 0x06, 0x00, 0x00, 0x00,
    0x06, 0x06, 0x06, 0x06, 0x06, 0x06, 0x00, 0x00,
    0x06, 0x06, 0x06, 0x06, 0x06, 0x06, 0x00, 0x00,
    0x06, 0x06, 0x06, 0x06, 0x06, 0x06, 0x00, 0x00,
    0x06, 0x06, 0x00, 0x00, 0x06, 0x00, 0x00, 0x00,
    0x06, 0x00, 0x0D, 0x0D, 0x00, 0x0D, 0x0D, 0x00,
    0x00, 0x0D, 0x00, 0x00, 0x0D, 0x00, 0x00, 0x0D,

    // Tile 12 (12,0)
    0x00, 0x00, 0x00, 0x00, 0x00, 0x07, 0x07, 0x07,
    0x00, 0x00, 0x00, 0x07, 0x07, 0x07, 0x07, 0x07,
    0x00, 0x00, 0x07, 0x07, 0x07, 0x00, 0x00, 0x07,
    0x00, 0x00, 0x07, 0x07, 0x00, 0x0A, 0x0A, 0x00,
    0x00, 0x07, 0x07, 0x00, 0x0A, 0x0A, 0x0A, 0x0A,
    0x00, 0x07, 0x00, 0x0A, 0x0A, 0x0A, 0x0A, 0x0A,
    0x07, 0x00, 0x0A, 0x0A, 0x0A, 0x0A, 0x0A, 0x00,
    0x07, 0x00, 0x0A, 0x0A, 0x0A, 0x00, 0x0A, 0x0A,

    0x07, 0x00, 0x00, 0x00, 0x00, 0x00, 0x00, 0x00,
    0x07, 0x07, 0x07, 0x00, 0x00, 0x00, 0x00, 0x00,
    0x07, 0x07, 0x07, 0x07, 0x00, 0x00, 0x00, 0x00,
    0x07, 0x07, 0x07, 0x07, 0x00, 0x00, 0x00, 0x00,
    0x00, 0x07, 0x07, 0x07, 0x07, 0x00, 0x00, 0x00,
    0x0A, 0x00, 0x07, 0x07, 0x07, 0x00, 0x00, 0x00,
    0x0A, 0x0A, 0x00, 0x07, 0x07, 0x07, 0x00, 0x00,
    0x00, 0x0A, 0x0A, 0x00, 0x07, 0x07, 0x00, 0x00,

    0x00, 0x00, 0x00, 0x00, 0x00, 0x00, 0x07, 0x07,
    0x00, 0x00, 0x00, 0x00, 0x07, 0x07, 0x07, 0x07,
    0x00, 0x00, 0x00, 0x07, 0x07, 0x07, 0x07, 0x07,
    0x00, 0x00, 0x00, 0x07, 0x07, 0x07, 0x07, 0x00,
    0x00, 0x00, 0x07, 0x07, 0x07, 0x07, 0x00, 0x0A,
    0x00, 0x00, 0x07, 0x07, 0x07, 0x00, 0x0A, 0x0A,
    0x00, 0x07, 0x07, 0x07, 0x00, 0x0A, 0x0A, 0x00,
    0x00, 0x07, 0x07, 0x00, 0x0A, 0x0A, 0x00, 0x0A,

    0x07, 0x07, 0x00, 0x00, 0x00, 0x00, 0x00, 0x00,
    0x07, 0x07, 0x07, 0x07, 0x00, 0x00, 0x00, 0x00,
    0x00, 0x00, 0x07, 0x07, 0x07, 0x00, 0x00, 0x00,
    0x0A, 0x0A, 0x00, 0x07, 0x07, 0x00, 0x00, 0x00,
    0x0A, 0x0A, 0x0A, 0x00, 0x07, 0x07, 0x00, 0x00,
    0x0A, 0x0A, 0x0A, 0x0A, 0x00, 0x07, 0x00, 0x00,
    0x0A, 0x0A, 0x0A, 0x0A, 0x0A, 0x00, 0x07, 0x00,
    0x0A, 0x00, 0x0A, 0x0A, 0x0A, 0x00, 0x07, 0x00,

    // Tile 16 (16,0)
    0x00, 0x00, 0x00, 0x00, 0x00, 0x00, 0x0A, 0x0A,
    0x00, 0x00, 0x00, 0x00, 0x0A, 0x0A, 0x0A, 0x0A,
    0x00, 0x00, 0x00, 0x0A, 0x0A, 0x0A, 0x00, 0x00,
    0x00, 0x00, 0x00, 0x0A, 0x0A, 0x00, 0x0B, 0x0B,
    0x00, 0x00, 0x0A, 0x0A, 0x00, 0x0B, 0x0B, 0x0B,
    0x00, 0x00, 0x0A, 0x00, 0x0B, 0x0B, 0x0B, 0x0B,
    0x00, 0x0A, 0x00, 0x0B, 0x0B, 0x0B, 0x0B, 0x0B,
    0x00, 0x0A, 0x00, 0x0B, 0x0B, 0x0B, 0x00, 0x0B,

    0x0A, 0x0A, 0x00, 0x00, 0x00, 0x00, 0x00, 0x00,
    0x0A, 0x0A, 0x0A, 0x0A, 0x00, 0x00, 0x00, 0x00,
    0x0A, 0x0A, 0x0A, 0x0A, 0x0A, 0x00, 0x00, 0x00,
    0x00, 0x0A, 0x0A, 0x0A, 0x0A, 0x00, 0x00, 0x00,
    0x0B, 0x00, 0x0A, 0x0A, 0x0A, 0x0A, 0x00, 0x00,
    0x0B, 0x0B, 0x00, 0x0A, 0x0A, 0x0A, 0x00, 0x00,
    0x00, 0x0B, 0x0B, 0x00, 0x0A, 0x0A, 0x0A, 0x00,
    0x0B, 0x00, 0x0B, 0x0B, 0x00, 0x0A, 0x0A, 0x00,

    0x00, 0x00, 0x00, 0x00, 0x00, 0x00, 0x0A, 0x0A,
    0x00, 0x00, 0x00, 0x00, 0x0A, 0x0A, 0x0A, 0x0A,
    0x00, 0x00, 0x00, 0x0A, 0x0A, 0x0A, 0x0A, 0x0A,
    0x00, 0x00, 0x00, 0x0A, 0x0A, 0x0A, 0x0A, 0x00,
    0x00, 0x00, 0x0A, 0x0A, 0x0A, 0x0A, 0x00, 0x0B,
    0x00, 0x00, 0x0A, 0x0A, 0x0A, 0x00, 0x0B, 0x0B,
    0x00, 0x0A, 0x0A, 0x0A, 0x00, 0x0B, 0x0B, 0x00,
    0x00, 0x0A, 0x0A, 0x00, 0x0B, 0x0B, 0x00, 0x0B,

    0x0A, 0x0A, 0x00, 0x00, 0x00, 0x00, 0x00, 0x00,
    0x0A, 0x0A, 0x0A, 0x0A, 0x00, 0x00, 0x00, 0x00,
    0x00, 0x00, 0x0A, 0x0A, 0x0A, 0x00, 0x00, 0x00,
    0x0B, 0x0B, 0x00, 0x0A, 0x0A, 0x00, 0x00, 0x00,
    0x0B, 0x0B, 0x0B, 0x00, 0x0A, 0x0A, 0x00, 0x00,
    0x0B, 0x0B, 0x0B, 0x0B, 0x00, 0x0A, 0x00, 0x00,
    0x0B, 0x0B, 0x0B, 0x0B, 0x0B, 0x00, 0x0A, 0x00,
    0x0B, 0x00, 0x0B, 0x0B, 0x0B, 0x00, 0x0A, 0x00,

    // Tile 20 (20,0)
    0x00, 0x00, 0x00, 0x00, 0x00, 0x00, 0x06, 0x06,
    0x00, 0x00, 0x00, 0x00, 0x06, 0x06, 0x06, 0x06,
    0x00, 0x00, 0x00, 0x06, 0x06, 0x06, 0x00, 0x00,
    0x00, 0x00, 0x00, 0x06, 0x06, 0x00, 0x0A, 0x0A,
    0x00, 0x00, 0x06, 0x06, 0x00, 0x0A, 0x0A, 0x0A,
    0x00, 0x00, 0x06, 0x00, 0x0A, 0x0A, 0x0A, 0x0A,
    0x00, 0x06, 0x00, 0x0A, 0x0A, 0x0A, 0x0A, 0x0A,
    0x00, 0x06, 0x00, 0x0A, 0x0A, 0x0A, 0x00, 0x0A,

    0x06, 0x06, 0x00, 0x00, 0x00, 0x00, 0x00, 0x00,
    0x06, 0x06, 0x06, 0x06, 0x00, 0x00, 0x00, 0x00,
    0x06, 0x06, 0x06, 0x06, 0x06, 0x00, 0x00, 0x00,
    0x00, 0x06, 0x06, 0x06, 0x06, 0x00, 0x00, 0x00,
    0x0A, 0x00, 0x06, 0x06, 0x06, 0x06, 0x00, 0x00,
    0x0A, 0x0A, 0x00, 0x06, 0x06, 0x06, 0x00, 0x00,
    0x00, 0x0A, 0x0A, 0x00, 0x06, 0x06, 0x06, 0x00,
    0x0A, 0x00, 0x0A, 0x0A, 0x00, 0x06, 0x06, 0x00,

    0x00, 0x00, 0x00, 0x00, 0x00, 0x00, 0x06, 0x06,
    0x00, 0x00, 0x00, 0x00, 0x06, 0x06, 0x06, 0x06,
    0x00, 0x00, 0x00, 0x06, 0x06, 0x06, 0x06, 0x06,
    0x00, 0x00, 0x00, 0x06, 0x06, 0x06, 0x06, 0x00,
    0x00, 0x00, 0x06, 0x06, 0x06, 0x06, 0x00, 0x0A,
    0x00, 0x00, 0x06, 0x06, 0x06, 0x00, 0x0A, 0x0A,
    0x00, 0x06, 0x06, 0x06, 0x00, 0x0A, 0x0A, 0x00,
    0x00, 0x06, 0x06, 0x00, 0x0A, 0x0A, 0x00, 0x0A,

    0x06, 0x06, 0x00, 0x00, 0x00, 0x00, 0x00, 0x00,
    0x06, 0x06, 0x06, 0x06, 0x00, 0x00, 0x00, 0x00,
    0x00, 0x00, 0x06, 0x06, 0x06, 0x00, 0x00, 0x00,
    0x0A, 0x0A, 0x00, 0x06, 0x06, 0x00, 0x00, 0x00,
    0x0A, 0x0A, 0x0A, 0x00, 0x06, 0x06, 0x00, 0x00,
    0x0A, 0x0A, 0x0A, 0x0A, 0x00, 0x06, 0x00, 0x00,
    0x0A, 0x0A, 0x0A, 0x0A, 0x0A, 0x00, 0x06, 0x00,
    0x0A, 0x00, 0x0A, 0x0A, 0x0A, 0x00, 0x06, 0x00,

    // Tile 24 (24,0)
    0x00, 0x00, 0x00, 0x00, 0x00, 0x00, 0x00, 0x00,
    0x00, 0x00, 0x06, 0x06, 0x06, 0x06, 0x06, 0x06,
    0x00, 0x06, 0x06, 0x0D, 0x06, 0x06, 0x06, 0x06,
    0x00, 0x06, 0x0D, 0x06, 0x06, 0x06, 0x06, 0x06,
    0x00, 0x06, 0x0D, 0x06, 0x06, 0x06, 0x06, 0x06,
    0x00, 0x06, 0x06, 0x06, 0x06, 0x06, 0x06, 0x06,
    0x00, 0x06, 0x00, 0x06, 0x00, 0x06, 0x06, 0x06,
    0x00, 0x06, 0x00, 0x06, 0x00, 0x06, 0x06, 0x06,

    0x00, 0x00, 0x00, 0x00, 0x00, 0x00, 0x00, 0x00,
    0x06, 0x06, 0x06, 0x06, 0x00, 0x00, 0x00, 0x00,
    0x06, 0x06, 0x06, 0x06, 0x06, 0x00, 0x00, 0x00,
    0x06, 0x06, 0x06, 0x06, 0x06, 0x00, 0x00, 0x00,
    0x06, 0x06, 0x06, 0x06, 0x00, 0x00, 0x00, 0x00,
    0x06, 0x06, 0x06, 0x00, 0x0D, 0x0D, 0x00, 0x00,
    0x06, 0x06, 0x00, 0x0D, 0x00, 0x00, 0x0D, 0x00,
    0x06, 0x00, 0x00, 0x0D, 0x00, 0x00, 0x0D, 0x00,

    0x00, 0x00, 0x00, 0x00, 0x00, 0x00, 0x00, 0x00,
    0x00, 0x00, 0x00, 0x00, 0x00, 0x00, 0x00, 0x00,
    0x0B, 0x00, 0x0D, 0x00, 0x06, 0x06, 0x06, 0x00,
    0x0B, 0x00, 0x0D, 0x0D, 0x00, 0x06, 0x00, 0x00,
    0x0B, 0x0B, 0x0D, 0x0D, 0x00, 0x06, 0x06, 0x00,
    0x0B, 0x0B, 0x0D, 0x0D, 0x00, 0x06, 0x00, 0x00,
    0x0B, 0x0B, 0x0D, 0x00, 0x06, 0x06, 0x06, 0x00,
    0x0B, 0x00, 0x0D, 0x0D, 0x00, 0x06, 0x06, 0x00,

    0x00, 0x00, 0x00, 0x00, 0x00, 0x00, 0x00, 0x00,
    0x00, 0x00, 0x00, 0x00, 0x00, 0x00, 0x00, 0x00,
    0x06, 0x06, 0x06, 0x06, 0x06, 0x06, 0x00, 0x00,
    0x00, 0x00, 0x06, 0x0D, 0x0D, 0x06, 0x06, 0x00,
    0x06, 0x06, 0x06, 0x06, 0x06, 0x0D, 0x06, 0x00,
    0x00, 0x00, 0x06, 0x06, 0x06, 0x06, 0x06, 0x00,
    0x06, 0x06, 0x06, 0x06, 0x06, 0x06, 0x06, 0x00,
    0x06, 0x06, 0x06, 0x06, 0x06, 0x06, 0x06, 0x00,

    // Tile 28 (28,0)
    0x00, 0x00, 0x00, 0x00, 0x00, 0x00, 0x00, 0x00,
    0x00, 0x00, 0x00, 0x00, 0x00, 0x00, 0x00, 0x00,
    0x00, 0x00, 0x00, 0x0B, 0x0B, 0x0B, 0x0B, 0x00,
    0x00, 0x00, 0x00, 0x0D, 0x0D, 0x0D, 0x0D, 0x0D,
    0x00, 0x00, 0x0D, 0x0D, 0x00, 0x00, 0x0D, 0x00,
    0x00, 0x00, 0x0D, 0x00, 0x0D, 0x0D, 0x00, 0x0D,
    0x00, 0x00, 0x00, 0x0D, 0x00, 0x00, 0x0D, 0x00,
    0x00, 0x00, 0x00, 0x0D, 0x00, 0x00, 0x0D, 0x00,

    0x00, 0x00, 0x00, 0x00, 0x00, 0x00, 0x00, 0x00,
    0x0B, 0x0B, 0x0B, 0x0B, 0x0B, 0x0B, 0x00, 0x00,
    0x00, 0x0B, 0x0B, 0x0B, 0x00, 0x00, 0x00, 0x00,
    0x0D, 0x0D, 0x0D, 0x0D, 0x0D, 0x0D, 0x00, 0x00,
    0x0D, 0x00, 0x0D, 0x0D, 0x0D, 0x00, 0x00, 0x00,
    0x00, 0x06, 0x00, 0x00, 0x00, 0x06, 0x00, 0x00,
    0x06, 0x06, 0x06, 0x06, 0x06, 0x06, 0x00, 0x00,
    0x06, 0x06, 0x00, 0x06, 0x00, 0x06, 0x00, 0x00,

    0x00, 0x00, 0x00, 0x00, 0x00, 0x0D, 0x0D, 0x00,
    0x00, 0x00, 0x00, 0x00, 0x0D, 0x00, 0x0D, 0x0D,
    0x00, 0x06, 0x06, 0x00, 0x0D, 0x00, 0x00, 0x0D,
    0x06, 0x06, 0x06, 0x06, 0x00, 0x0D, 0x0D, 0x0D,
    0x06, 0x06, 0x06, 0x06, 0x06, 0x00, 0x00, 0x0D,
    0x06, 0x06, 0x06, 0x06, 0x06, 0x06, 0x00, 0x0D,
    0x06, 0x06, 0x06, 0x06, 0x06, 0x06, 0x06, 0x00,
    0x06, 0x06, 0x06, 0x06, 0x06, 0x06, 0x06, 0x06,

    0x00, 0x00, 0x00, 0x00, 0x00, 0x00, 0x00, 0x00,
    0x00, 0x00, 0x00, 0x00, 0x00, 0x00, 0x00, 0x00,
    0x00, 0x00, 0x0D, 0x0D, 0x00, 0x00, 0x00, 0x00,
    0x0D, 0x0D, 0x00, 0x0D, 0x0D, 0x0B, 0x00, 0x00,
    0x00, 0x00, 0x0D, 0x00, 0x0D, 0x0B, 0x00, 0x00,
    0x00, 0x00, 0x0D, 0x00, 0x0D, 0x0B, 0x00, 0x00,
    0x0D, 0x0D, 0x00, 0x0D, 0x0D, 0x0B, 0x00, 0x00,
    0x00, 0x00, 0x0D, 0x00, 0x0D, 0x00, 0x00, 0x00,

    // Tile 32 (0,1)
    0x00, 0x00, 0x0D, 0x00, 0x0D, 0x00, 0x0D, 0x0D,
    0x00, 0x00, 0x0D, 0x00, 0x0D, 0x00, 0x0D, 0x0D,
    0x00, 0x00, 0x0D, 0x0D, 0x0D, 0x0D, 0x0D, 0x0D,
    0x00, 0x06, 0x06, 0x06, 0x06, 0x06, 0x06, 0x06,
    0x00, 0x06, 0x06, 0x06, 0x06, 0x06, 0x06, 0x06,
    0x00, 0x00, 0x06, 0x06, 0x06, 0x06, 0x06, 0x06,
    0x00, 0x00, 0x00, 0x00, 0x0B, 0x0B, 0x0B, 0x00,
    0x00, 0x00, 0x0B, 0x0B, 0x0B, 0x0B, 0x0B, 0x0B,

    0x0D, 0x0D, 0x0D, 0x00, 0x0D, 0x0D, 0x00, 0x00,
    0x0D, 0x0D, 0x0D, 0x00, 0x0D, 0x0D, 0x00, 0x00,
    0x06, 0x06, 0x06, 0x0D, 0x00, 0x00, 0x0D, 0x00,
    0x06, 0x06, 0x06, 0x0D, 0x00, 0x00, 0x0D, 0x00,
    0x06, 0x06, 0x0B, 0x0B, 0x0D, 0x0D, 0x00, 0x00,
    0x06, 0x0B, 0x0B, 0x0B, 0x0B, 0x0B, 0x00, 0x00,
    0x00, 0x0B, 0x0B, 0x0B, 0x00, 0x00, 0x00, 0x00,
    0x00, 0x00, 0x00, 0x00, 0x00, 0x00, 0x00, 0x00,

    0x00, 0x00, 0x00, 0x00, 0x00, 0x00, 0x00, 0x00,
    0x00, 0x00, 0x00, 0x00, 0x00, 0x00, 0x00, 0x00,
    0x00, 0x06, 0x06, 0x06, 0x06, 0x06, 0x06, 0x06,
    0x00, 0x06, 0x06, 0x06, 0x06, 0x06, 0x06, 0x06,
    0x0B, 0x0B, 0x0B, 0x0B, 0x06, 0x06, 0x06, 0x06,
    0x00, 0x0B, 0x0B, 0x0B, 0x0B, 0x06, 0x06, 0x06,
    0x00, 0x00, 0x0B, 0x0B, 0x0B, 0x0B, 0x00, 0x00,
    0x00, 0x00, 0x00, 0x00, 0x00, 0x00, 0x0B, 0x0B,

    0x00, 0x0D, 0x00, 0x00, 0x0D, 0x00, 0x00, 0x0D,
    0x00, 0x00, 0x0D, 0x0D, 0x00, 0x0D, 0x0D, 0x00,
    0x06, 0x06, 0x00, 0x00, 0x06, 0x00, 0x00, 0x00,
    0x06, 0x06, 0x06, 0x06, 0x06, 0x06, 0x00, 0x00,
    0x06, 0x06, 0x06, 0x06, 0x06, 0x06, 0x00, 0x00,
    0x06, 0x06, 0x06, 0x06, 0x06, 0x00, 0x00, 0x00,
    0x0B, 0x0B, 0x0B, 0x00, 0x00, 0x00, 0x00, 0x00,
    0x0B, 0x0B, 0x0B, 0x0B, 0x00, 0x00, 0x00, 0x00,

    // Tile 36 (4,1)
    0x00, 0x00, 0x0A, 0x00, 0x00, 0x00, 0x0A, 0x0A,
    0x00, 0x00, 0x0A, 0x00, 0x0A, 0x00, 0x0A, 0x0A,
    0x00, 0x00, 0x0A, 0x0A, 0x0A, 0x0A, 0x0A, 0x0A,
    0x00, 0x06, 0x06, 0x06, 0x06, 0x06, 0x06, 0x06,
    0x00, 0x06, 0x06, 0x06, 0x06, 0x06, 0x06, 0x06,
    0x00, 0x00, 0x06, 0x06, 0x06, 0x06, 0x06, 0x06,
    0x00, 0x00, 0x00, 0x00, 0x0A, 0x0A, 0x0A, 0x00,
    0x00, 0x00, 0x0A, 0x0A, 0x0A, 0x0A, 0x0A, 0x0A,

    0x0A, 0x0A, 0x0A, 0x00, 0x0F, 0x0F, 0x00, 0x00,
    0x0A, 0x0A, 0x0A, 0x00, 0x0F, 0x0F, 0x00, 0x00,
    0x06, 0x06, 0x06, 0x0F, 0x00, 0x00, 0x0F, 0x00,
    0x06, 0x06, 0x06, 0x0F, 0x00, 0x00, 0x0F, 0x00,
    0x06, 0x06, 0x06, 0x06, 0x0F, 0x0F, 0x00, 0x00,
    0x06, 0x0A, 0x0A, 0x0A, 0x0A, 0x00, 0x00, 0x00,
    0x00, 0x0A, 0x0A, 0x0A, 0x00, 0x00, 0x00, 0x00,
    0x00, 0x00, 0x00, 0x00, 0x00, 0x00, 0x00, 0x00,

    0x00, 0x00, 0x00, 0x00, 0x00, 0x00, 0x00, 0x00,
    0x00, 0x00, 0x00, 0x00, 0x00, 0x00, 0x00, 0x00,
    0x00, 0x06, 0x06, 0x06, 0x06, 0x06, 0x06, 0x06,
    0x00, 0x06, 0x06, 0x06, 0x06, 0x06, 0x06, 0x06,
    0x0A, 0x0A, 0x0A, 0x0A, 0x06, 0x06, 0x06, 0x06,
    0x00, 0x0A, 0x0A, 0x0A, 0x0A, 0x06, 0x06, 0x06,
    0x00, 0x00, 0x0A, 0x0A, 0x0A, 0x0A, 0x00, 0x00,
    0x00, 0x00, 0x00, 0x00, 0x00, 0x00, 0x0A, 0x0A,

    0x00, 0x0F, 0x00, 0x00, 0x0F, 0x00, 0x00, 0x0F,
    0x00, 0x00, 0x0F, 0x0F, 0x00, 0x0F, 0x0F, 0x00,
    0x06, 0x06, 0x00, 0x00, 0x06, 0x00, 0x00, 0x00,
    0x06, 0x06, 0x06, 0x06, 0x06, 0x06, 0x00, 0x00,
    0x06, 0x06, 0x06, 0x06, 0x06, 0x06, 0x00, 0x00,
    0x06, 0x06, 0x06, 0x06, 0x06, 0x00, 0x00, 0x00,
    0x0A, 0x0A, 0x0A, 0x00, 0x00, 0x00, 0x00, 0x00,
    0x0A, 0x0A, 0x0A, 0x0A, 0x00, 0x00, 0x00, 0x00,

    // Tile 40 (8,1)
    0x00, 0x00, 0x06, 0x00, 0x00, 0x00, 0x06, 0x06,
    0x00, 0x00, 0x06, 0x00, 0x06, 0x00, 0x06, 0x06,
    0x00, 0x00, 0x06, 0x06, 0x06, 0x06, 0x06, 0x06,
    0x00, 0x0B, 0x0B, 0x0B, 0x0B, 0x0B, 0x0B, 0x0B,
    0x00, 0x0B, 0x0B, 0x0B, 0x0B, 0x0B, 0x0B, 0x0B,
    0x00, 0x00, 0x0B, 0x0B, 0x0B, 0x0B, 0x0B, 0x0B,
    0x00, 0x00, 0x00, 0x00, 0x06, 0x06, 0x06, 0x00,
    0x00, 0x00, 0x06, 0x06, 0x06, 0x06, 0x06, 0x06,

    0x06, 0x06, 0x06, 0x00, 0x0D, 0x0D, 0x00, 0x00,
    0x06, 0x06, 0x06, 0x00, 0x0D, 0x0D, 0x00, 0x00,
    0x0B, 0x0B, 0x0B, 0x0D, 0x00, 0x00, 0x0D, 0x00,
    0x0B, 0x0B, 0x0B, 0x0D, 0x00, 0x00, 0x0D, 0x00,
    0x0B, 0x0B, 0x0B, 0x0B, 0x0D, 0x0D, 0x00, 0x00,
    0x0B, 0x06, 0x06, 0x06, 0x06, 0x00, 0x00, 0x00,
    0x00, 0x06, 0x06, 0x06, 0x00, 0x00, 0x00, 0x00,
    0x00, 0x00, 0x00, 0x00, 0x00, 0x00, 0x00, 0x00,

    0x00, 0x00, 0x00, 0x00, 0x00, 0x00, 0x00, 0x00,
    0x00, 0x00, 0x00, 0x00, 0x00, 0x00, 0x00, 0x00,
    0x00, 0x0B, 0x0B, 0x0B, 0x0B, 0x0B, 0x0B, 0x0B,
    0x00, 0x0B, 0x0B, 0x0B, 0x0B, 0x0B, 0x0B, 0x0B,
    0x06, 0x06, 0x06, 0x06, 0x0B, 0x0B, 0x0B, 0x0B,
    0x00, 0x06, 0x06, 0x06, 0x06, 0x0B, 0x0B, 0x0B,
    0x00, 0x00, 0x06, 0x06, 0x06, 0x06, 0x00, 0x00,
    0x00, 0x00, 0x00, 0x00, 0x00, 0x00, 0x06, 0x06,

    0x00, 0x0D, 0x00, 0x00, 0x0D, 0x00, 0x00, 0x0D,
    0x00, 0x00, 0x0D, 0x0D, 0x00, 0x0D, 0x0D, 0x00,
    0x0B, 0x0B, 0x00, 0x00, 0x0B, 0x00, 0x00, 0x00,
    0x0B, 0x0B, 0x0B, 0x0B, 0x0B, 0x0B, 0x00, 0x00,
    0x0B, 0x0B, 0x0B, 0x0B, 0x0B, 0x0B, 0x00, 0x00,
    0x0B, 0x0B, 0x0B, 0x0B, 0x0B, 0x00, 0x00, 0x00,
    0x06, 0x06, 0x06, 0x00, 0x00, 0x00, 0x00, 0x00,
    0x06, 0x06, 0x06, 0x06, 0x00, 0x00, 0x00, 0x00,

    // Tile 44 (12,1)
    0x07, 0x00, 0x0A, 0x0A, 0x0A, 0x0A, 0x00, 0x0A,
    0x07, 0x00, 0x0A, 0x0A, 0x0A, 0x0A, 0x0A, 0x0A,
    0x00, 0x07, 0x00, 0x0A, 0x0A, 0x0A, 0x0A, 0x0A,
    0x00, 0x07, 0x07, 0x00, 0x0A, 0x0A, 0x0A, 0x0A,
    0x00, 0x00, 0x07, 0x07, 0x00, 0x00, 0x00, 0x00,
    0x00, 0x00, 0x07, 0x07, 0x00, 0x00, 0x00, 0x00,
    0x00, 0x00, 0x00, 0x07, 0x07, 0x00, 0x00, 0x00,
    0x00, 0x00, 0x00, 0x00, 0x00, 0x07, 0x07, 0x07,

    0x0A, 0x0A, 0x0A, 0x00, 0x00, 0x07, 0x00, 0x00,
    0x0A, 0x0A, 0x00, 0x00, 0x00, 0x07, 0x00, 0x00,
    0x0A, 0x00, 0x00, 0x00, 0x07, 0x00, 0x00, 0x00,
    0x00, 0x00, 0x00, 0x07, 0x07, 0x00, 0x00, 0x00,
    0x07, 0x07, 0x07, 0x07, 0x00, 0x00, 0x00, 0x00,
    0x00, 0x07, 0x07, 0x07, 0x00, 0x00, 0x00, 0x00,
    0x00, 0x07, 0x07, 0x00, 0x00, 0x00, 0x00, 0x00,
    0x07, 0x00, 0x00, 0x00, 0x00, 0x00, 0x00, 0x00,

    0x00, 0x07, 0x00, 0x00, 0x0A, 0x0A, 0x0A, 0x0A,
    0x00, 0x07, 0x00, 0x00, 0x00, 0x0A, 0x0A, 0x0A,
    0x00, 0x00, 0x07, 0x00, 0x00, 0x00, 0x0A, 0x0A,
    0x00, 0x00, 0x07, 0x07, 0x00, 0x00, 0x00, 0x0A,
    0x00, 0x00, 0x00, 0x07, 0x07, 0x07, 0x07, 0x00,
    0x00, 0x00, 0x00, 0x07, 0x07, 0x07, 0x00, 0x00,
    0x00, 0x00, 0x00, 0x00, 0x07, 0x07, 0x00, 0x00,
    0x00, 0x00, 0x00, 0x00, 0x00, 0x00, 0x07, 0x07,

    0x00, 0x0A, 0x0A, 0x0A, 0x0A, 0x00, 0x07, 0x00,
    0x0A, 0x0A, 0x0A, 0x0A, 0x0A, 0x00, 0x07, 0x00,
    0x0A, 0x0A, 0x0A, 0x0A, 0x00, 0x07, 0x00, 0x00,
    0x0A, 0x0A, 0x0A, 0x00, 0x07, 0x07, 0x00, 0x00,
    0x00, 0x00, 0x00, 0x07, 0x07, 0x00, 0x00, 0x00,
    0x00, 0x00, 0x00, 0x07, 0x07, 0x00, 0x00, 0x00,
    0x00, 0x00, 0x07, 0x07, 0x00, 0x00, 0x00, 0x00,
    0x07, 0x07, 0x00, 0x00, 0x00, 0x00, 0x00, 0x00,

    // Tile 48 (16,1)
    0x00, 0x0A, 0x00, 0x0B, 0x0B, 0x0B, 0x0B, 0x00,
    0x00, 0x0A, 0x00, 0x0B, 0x0B, 0x0B, 0x0B, 0x0B,
    0x00, 0x00, 0x0A, 0x00, 0x0B, 0x0B, 0x0B, 0x0B,
    0x00, 0x00, 0x0A, 0x0A, 0x00, 0x0B, 0x0B, 0x0B,
    0x00, 0x00, 0x00, 0x0A, 0x0A, 0x00, 0x00, 0x00,
    0x00, 0x00, 0x00, 0x0A, 0x0A, 0x00, 0x00, 0x00,
    0x00, 0x00, 0x00, 0x00, 0x0A, 0x0A, 0x00, 0x00,
    0x00, 0x00, 0x00, 0x00, 0x00, 0x00, 0x0A, 0x0A,

    0x0B, 0x0B, 0x0B, 0x0B, 0x00, 0x00, 0x0A, 0x00,
    0x0B, 0x0B, 0x0B, 0x00, 0x00, 0x00, 0x0A, 0x00,
    0x0B, 0x0B, 0x00, 0x00, 0x00, 0x0A, 0x00, 0x00,
    0x0B, 0x00, 0x00, 0x00, 0x0A, 0x0A, 0x00, 0x00,
    0x00, 0x0A, 0x0A, 0x0A, 0x0A, 0x00, 0x00, 0x00,
    0x00, 0x00, 0x0A, 0x0A, 0x0A, 0x00, 0x00, 0x00,
    0x00, 0x00, 0x0A, 0x0A, 0x00, 0x00, 0x00, 0x00,
    0x0A, 0x0A, 0x00, 0x00, 0x00, 0x00, 0x00, 0x00,

    0x00, 0x0A, 0x00, 0x00, 0x0B, 0x0B, 0x0B, 0x0B,
    0x00, 0x0A, 0x00, 0x00, 0x00, 0x0B, 0x0B, 0x0B,
    0x00, 0x00, 0x0A, 0x00, 0x00, 0x00, 0x0B, 0x0B,
    0x00, 0x00, 0x0A, 0x0A, 0x00, 0x00, 0x00, 0x0B,
    0x00, 0x00, 0x00, 0x0A, 0x0A, 0x0A, 0x0A, 0x00,
    0x00, 0x00, 0x00, 0x0A, 0x0A, 0x0A, 0x00, 0x00,
    0x00, 0x00, 0x00, 0x00, 0x0A, 0x0A, 0x00, 0x00,
    0x00, 0x00, 0x00, 0x00, 0x00, 0x00, 0x0A, 0x0A,

    0x00, 0x0B, 0x0B, 0x0B, 0x0B, 0x00, 0x0A, 0x00,
    0x0B, 0x0B, 0x0B, 0x0B, 0x0B, 0x00, 0x0A, 0x00,
    0x0B, 0x0B, 0x0B, 0x0B, 0x00, 0x0A, 0x00, 0x00,
    0x0B, 0x0B, 0x0B, 0x00, 0x0A, 0x0A, 0x00, 0x00,
    0x00, 0x00, 0x00, 0x0A, 0x0A, 0x00, 0x00, 0x00,
    0x00, 0x00, 0x00, 0x0A, 0x0A, 0x00, 0x00, 0x00,
    0x00, 0x00, 0x0A, 0x0A, 0x00, 0x00, 0x00, 0x00,
    0x0A, 0x0A, 0x00, 0x00, 0x00, 0x00, 0x00, 0x00,

    // Tile 52 (20,1)
    0x00, 0x06, 0x00, 0x0A, 0x0A, 0x0A, 0x0A, 0x00,
    0x00, 0x06, 0x00, 0x0A, 0x0A, 0x0A, 0x0A, 0x0A,
    0x00, 0x00, 0x06, 0x00, 0x0A, 0x0A, 0x0A, 0x0A,
    0x00, 0x00, 0x06, 0x06, 0x00, 0x0A, 0x0A, 0x0A,
    0x00, 0x00, 0x00, 0x06, 0x06, 0x00, 0x00, 0x00,
    0x00, 0x00, 0x00, 0x06, 0x06, 0x00, 0x00, 0x00,
    0x00, 0x00, 0x00, 0x00, 0x06, 0x06, 0x00, 0x00,
    0x00, 0x00, 0x00, 0x00, 0x00, 0x00, 0x06, 0x06,

    0x0A, 0x0A, 0x0A, 0x0A, 0x00, 0x00, 0x06, 0x00,
    0x0A, 0x0A, 0x0A, 0x00, 0x00, 0x00, 0x06, 0x00,
    0x0A, 0x0A, 0x00, 0x00, 0x00, 0x06, 0x00, 0x00,
    0x0A, 0x00, 0x00, 0x00, 0x06, 0x06, 0x00, 0x00,
    0x00, 0x06, 0x06, 0x06, 0x06, 0x00, 0x00, 0x00,
    0x00, 0x00, 0x06, 0x06, 0x06, 0x00, 0x00, 0x00,
    0x00, 0x00, 0x06, 0x06, 0x00, 0x00, 0x00, 0x00,
    0x06, 0x06, 0x00, 0x00, 0x00, 0x00, 0x00, 0x00,

    0x00, 0x06, 0x00, 0x00, 0x0A, 0x0A, 0x0A, 0x0A,
    0x00, 0x06, 0x00, 0x00, 0x00, 0x0A, 0x0A, 0x0A,
    0x00, 0x00, 0x06, 0x00, 0x00, 0x00, 0x0A, 0x0A,
    0x00, 0x00, 0x06, 0x06, 0x00, 0x00, 0x00, 0x0A,
    0x00, 0x00, 0x00, 0x06, 0x06, 0x06, 0x06, 0x00,
    0x00, 0x00, 0x00, 0x06, 0x06, 0x06, 0x00, 0x00,
    0x00, 0x00, 0x00, 0x00, 0x06, 0x06, 0x00, 0x00,
    0x00, 0x00, 0x00, 0x00, 0x00, 0x00, 0x06, 0x06,

    0x00, 0x0A, 0x0A, 0x0A, 0x0A, 0x00, 0x06, 0x00,
    0x0A, 0x0A, 0x0A, 0x0A, 0x0A, 0x00, 0x06, 0x00,
    0x0A, 0x0A, 0x0A, 0x0A, 0x00, 0x06, 0x00, 0x00,
    0x0A, 0x0A, 0x0A, 0x00, 0x06, 0x06, 0x00, 0x00,
    0x00, 0x00, 0x00, 0x06, 0x06, 0x00, 0x00, 0x00,
    0x00, 0x00, 0x00, 0x06, 0x06, 0x00, 0x00, 0x00,
    0x00, 0x00, 0x06, 0x06, 0x00, 0x00, 0x00, 0x00,
    0x06, 0x06, 0x00, 0x00, 0x00, 0x00, 0x00, 0x00,

    // Tile 56 (24,1)
    0x00, 0x00, 0x00, 0x00, 0x00, 0x00, 0x00, 0x06,
    0x00, 0x06, 0x00, 0x06, 0x00, 0x06, 0x06, 0x00,
    0x00, 0x06, 0x06, 0x06, 0x06, 0x06, 0x06, 0x00,
    0x00, 0x06, 0x00, 0x00, 0x00, 0x06, 0x00, 0x0D,
    0x00, 0x00, 0x0D, 0x0D, 0x0D, 0x00, 0x0D, 0x00,
    0x00, 0x0D, 0x0D, 0x0D, 0x0D, 0x0D, 0x0D, 0x0D,
    0x00, 0x00, 0x00, 0x0B, 0x0B, 0x0B, 0x00, 0x00,
    0x00, 0x0B, 0x0B, 0x0B, 0x0B, 0x0B, 0x0B, 0x00,

    0x00, 0x0D, 0x0D, 0x0D, 0x0D, 0x0D, 0x00, 0x00,
    0x0D, 0x00, 0x00, 0x0D, 0x00, 0x00, 0x00, 0x00,
    0x0D, 0x00, 0x00, 0x0D, 0x00, 0x00, 0x00, 0x00,
    0x00, 0x0D, 0x0D, 0x00, 0x0D, 0x00, 0x00, 0x00,
    0x0D, 0x00, 0x00, 0x0D, 0x0D, 0x00, 0x00, 0x00,
    0x0D, 0x0D, 0x0D, 0x0D, 0x00, 0x00, 0x00, 0x00,
    0x0B, 0x0B, 0x0B, 0x0B, 0x00, 0x00, 0x00, 0x00,
    0x00, 0x00, 0x00, 0x00, 0x00, 0x00, 0x00, 0x00,

    0x00, 0x00, 0x0D, 0x00, 0x0D, 0x00, 0x00, 0x06,
    0x00, 0x0B, 0x0D, 0x0D, 0x00, 0x0D, 0x0D, 0x00,
    0x00, 0x0B, 0x0D, 0x00, 0x0D, 0x00, 0x00, 0x0D,
    0x00, 0x0B, 0x0D, 0x00, 0x0D, 0x00, 0x00, 0x0D,
    0x00, 0x0B, 0x0D, 0x0D, 0x00, 0x0D, 0x0D, 0x0D,
    0x00, 0x00, 0x00, 0x0D, 0x0D, 0x00, 0x00, 0x0D,
    0x00, 0x00, 0x00, 0x00, 0x00, 0x00, 0x00, 0x0D,
    0x00, 0x00, 0x00, 0x00, 0x00, 0x00, 0x00, 0x00,

    0x06, 0x06, 0x06, 0x06, 0x06, 0x06, 0x06, 0x00,
    0x06, 0x06, 0x06, 0x06, 0x06, 0x06, 0x06, 0x00,
    0x00, 0x06, 0x06, 0x06, 0x06, 0x06, 0x06, 0x00,
    0x00, 0x00, 0x06, 0x06, 0x06, 0x06, 0x06, 0x00,
    0x0D, 0x0D, 0x00, 0x06, 0x06, 0x06, 0x06, 0x00,
    0x00, 0x00, 0x0D, 0x00, 0x06, 0x06, 0x00, 0x00,
    0x0D, 0x00, 0x0D, 0x00, 0x00, 0x00, 0x00, 0x00,
    0x0D, 0x0D, 0x00, 0x00, 0x00, 0x00, 0x00, 0x00,

    // Tile 60 (28,1)
    0x00, 0x0D, 0x0D, 0x0D, 0x0D, 0x0D, 0x00, 0x06,
    0x0D, 0x00, 0x00, 0x0D, 0x00, 0x00, 0x06, 0x06,
    0x0D, 0x00, 0x00, 0x0D, 0x00, 0x06, 0x06, 0x06,
    0x00, 0x0D, 0x0D, 0x00, 0x06, 0x06, 0x06, 0x06,
    0x00, 0x00, 0x00, 0x06, 0x06, 0x06, 0x06, 0x06,
    0x00, 0x00, 0x06, 0x06, 0x06, 0x06, 0x06, 0x06,
    0x00, 0x00, 0x06, 0x06, 0x06, 0x06, 0x06, 0x06,
    0x00, 0x00, 0x00, 0x06, 0x06, 0x06, 0x06, 0x06,

    0x00, 0x00, 0x00, 0x00, 0x00, 0x00, 0x00, 0x00,
    0x06, 0x06, 0x00, 0x06, 0x00, 0x06, 0x00, 0x00,
    0x06, 0x06, 0x00, 0x06, 0x00, 0x06, 0x00, 0x00,
    0x06, 0x06, 0x06, 0x06, 0x06, 0x06, 0x00, 0x00,
    0x06, 0x06, 0x06, 0x06, 0x0D, 0x06, 0x00, 0x00,
    0x06, 0x06, 0x06, 0x06, 0x0D, 0x06, 0x00, 0x00,
    0x06, 0x06, 0x06, 0x0D, 0x06, 0x06, 0x00, 0x00,
    0x06, 0x06, 0x06, 0x06, 0x06, 0x00, 0x00, 0x00,

    0x06, 0x06, 0x06, 0x06, 0x06, 0x06, 0x06, 0x00,
    0x06, 0x06, 0x06, 0x06, 0x06, 0x06, 0x06, 0x00,
    0x06, 0x06, 0x06, 0x06, 0x06, 0x00, 0x00, 0x00,
    0x06, 0x0D, 0x06, 0x06, 0x06, 0x06, 0x06, 0x00,
    0x06, 0x06, 0x0D, 0x0D, 0x06, 0x00, 0x00, 0x00,
    0x00, 0x06, 0x06, 0x06, 0x06, 0x06, 0x06, 0x00,
    0x00, 0x00, 0x00, 0x00, 0x00, 0x00, 0x00, 0x00,
    0x00, 0x00, 0x00, 0x00, 0x00, 0x00, 0x00, 0x00,

    0x06, 0x06, 0x00, 0x0D, 0x0D, 0x00, 0x0B, 0x00,
    0x06, 0x06, 0x06, 0x00, 0x0D, 0x0B, 0x0B, 0x00,
    0x00, 0x06, 0x00, 0x0D, 0x0D, 0x0B, 0x0B, 0x00,
    0x06, 0x06, 0x00, 0x0D, 0x0D, 0x0B, 0x0B, 0x00,
    0x00, 0x06, 0x00, 0x0D, 0x0D, 0x00, 0x0B, 0x00,
    0x06, 0x06, 0x06, 0x00, 0x0D, 0x00, 0x0B, 0x00,
    0x00, 0x00, 0x00, 0x00, 0x00, 0x00, 0x00, 0x00,
    0x00, 0x00, 0x00, 0x00, 0x00, 0x00, 0x00, 0x00,

    // Tile 64 (0,2)
    0x00, 0x00, 0x00, 0x00, 0x00, 0x00, 0x00, 0x0F,
    0x00, 0x00, 0x00, 0x00, 0x0F, 0x0F, 0x0F, 0x0F,
    0x00, 0x00, 0x00, 0x0F, 0x0F, 0x0F, 0x0F, 0x0F,
    0x00, 0x00, 0x00, 0x0F, 0x0F, 0x0F, 0x0F, 0x0F,
    0x00, 0x00, 0x0F, 0x0F, 0x00, 0x00, 0x00, 0x0F,
    0x00, 0x00, 0x0F, 0x00, 0x06, 0x00, 0x06, 0x00,
    0x00, 0x00, 0x0F, 0x06, 0x0F, 0x06, 0x0F, 0x06,
    0x00, 0x00, 0x0F, 0x06, 0x06, 0x06, 0x06, 0x06,

    0x0F, 0x0F, 0x0F, 0x0F, 0x0F, 0x00, 0x00, 0x00,
    0x0F, 0x0F, 0x0F, 0x0F, 0x0F, 0x0F, 0x00, 0x00,
    0x0F, 0x0F, 0x0F, 0x0F, 0x00, 0x00, 0x00, 0x00,
    0x0F, 0x0F, 0x0F, 0x0F, 0x00, 0x00, 0x00, 0x00,
    0x0F, 0x0F, 0x0F, 0x0F, 0x0F, 0x00, 0x00, 0x00,
    0x0F, 0x0F, 0x0F, 0x0F, 0x0F, 0x00, 0x00, 0x00,
    0x00, 0x0F, 0x0F, 0x0F, 0x0F, 0x00, 0x00, 0x00,
    0x00, 0x0F, 0x00, 0x0F, 0x00, 0x00, 0x00, 0x00,

    0x00, 0x00, 0x00, 0x00, 0x00, 0x00, 0x00, 0x0F,
    0x00, 0x00, 0x00, 0x00, 0x0F, 0x0F, 0x0F, 0x0F,
    0x00, 0x00, 0x00, 0x0F, 0x0F, 0x0F, 0x0F, 0x0F,
    0x00, 0x00, 0x00, 0x0F, 0x0F, 0x0F, 0x0F, 0x0F,
    0x00, 0x00, 0x0F, 0x0F, 0x00, 0x00, 0x00, 0x0F,
    0x00, 0x00, 0x0F, 0x00, 0x0A, 0x00, 0x0A, 0x00,
    0x00, 0x00, 0x0F, 0x06, 0x0F, 0x06, 0x0F, 0x06,
    0x00, 0x00, 0x0F, 0x06, 0x06, 0x06, 0x06, 0x06,

    0x0F, 0x0F, 0x0F, 0x00, 0x00, 0x0F, 0x00, 0x00,
    0x0F, 0x0F, 0x0F, 0x0F, 0x0F, 0x0F, 0x00, 0x00,
    0x0F, 0x0F, 0x0F, 0x0F, 0x0F, 0x00, 0x00, 0x00,
    0x0F, 0x0F, 0x0F, 0x0F, 0x00, 0x00, 0x00, 0x00,
    0x0F, 0x0F, 0x0F, 0x0F, 0x0F, 0x00, 0x00, 0x00,
    0x0F, 0x0F, 0x0F, 0x0F, 0x0F, 0x00, 0x00, 0x00,
    0x00, 0x0F, 0x0F, 0x0F, 0x00, 0x00, 0x00, 0x00,
    0x00, 0x0F, 0x0F, 0x0F, 0x00, 0x00, 0x00, 0x00,

    // Tile 68 (4,2)
    0x00, 0x00, 0x00, 0x00, 0x00, 0x00, 0x00, 0x0A,
    0x00, 0x00, 0x00, 0x00, 0x0A, 0x0A, 0x0A, 0x0A,
    0x00, 0x00, 0x00, 0x0A, 0x0A, 0x0A, 0x0A, 0x0A,
    0x00, 0x00, 0x00, 0x0A, 0x0A, 0x0A, 0x0A, 0x0A,
    0x00, 0x00, 0x0A, 0x0A, 0x00, 0x00, 0x00, 0x0A,
    0x00, 0x00, 0x0A, 0x00, 0x06, 0x00, 0x06, 0x00,
    0x00, 0x00, 0x0A, 0x06, 0x0F, 0x06, 0x0F, 0x06,
    0x00, 0x00, 0x0A, 0x06, 0x06, 0x06, 0x06, 0x06,

    0x0A, 0x0A, 0x0A, 0x0A, 0x0A, 0x00, 0x00, 0x00,
    0x0A, 0x0A, 0x0A, 0x0A, 0x0A, 0x0A, 0x00, 0x00,
    0x0A, 0x0A, 0x0A, 0x0A, 0x00, 0x00, 0x00, 0x00,
    0x0A, 0x0A, 0x0A, 0x0A, 0x00, 0x00, 0x00, 0x00,
    0x0A, 0x0A, 0x0A, 0x0A, 0x0A, 0x00, 0x00, 0x00,
    0x0A, 0x0A, 0x0A, 0x0A, 0x0A, 0x00, 0x00, 0x00,
    0x00, 0x0A, 0x0A, 0x0A, 0x0A, 0x00, 0x00, 0x00,
    0x00, 0x0A, 0x00, 0x0A, 0x00, 0x00, 0x00, 0x00,

    0x00, 0x00, 0x00, 0x00, 0x00, 0x00, 0x00, 0x0A,
    0x00, 0x00, 0x00, 0x00, 0x0A, 0x0A, 0x0A, 0x0A,
    0x00, 0x00, 0x00, 0x0A, 0x0A, 0x0A, 0x0A, 0x0A,
    0x00, 0x00, 0x00, 0x0A, 0x0A, 0x0A, 0x0A, 0x0A,
    0x00, 0x00, 0x0A, 0x0A, 0x00, 0x00, 0x00, 0x0A,
    0x00, 0x00, 0x0A, 0x00, 0x06, 0x00, 0x06, 0x00,
    0x00, 0x00, 0x0A, 0x06, 0x0F, 0x06, 0x0F, 0x06,
    0x00, 0x00, 0x0A, 0x06, 0x06, 0x06, 0x06, 0x06,

    0x0A, 0x0A, 0x0A, 0x00, 0x00, 0x0A, 0x00, 0x00,
    0x0A, 0x0A, 0x0A, 0x0A, 0x0A, 0x0A, 0x00, 0x00,
    0x0A, 0x0A, 0x0A, 0x0A, 0x0A, 0x00, 0x00, 0x00,
    0x0A, 0x0A, 0x0A, 0x0A, 0x00, 0x00, 0x00, 0x00,
    0x0A, 0x0A, 0x0A, 0x0A, 0x0A, 0x00, 0x00, 0x00,
    0x0A, 0x0A, 0x0A, 0x0A, 0x0A, 0x00, 0x00, 0x00,
    0x00, 0x0A, 0x0A, 0x0A, 0x00, 0x00, 0x00, 0x00,
    0x00, 0x0A, 0x0A, 0x0A, 0x00, 0x00, 0x00, 0x00,

    // Tile 72 (8,2)
    0x00, 0x00, 0x00, 0x00, 0x00, 0x00, 0x00, 0x06,
    0x00, 0x00, 0x00, 0x00, 0x06, 0x06, 0x06, 0x06,
    0x00, 0x00, 0x00, 0x06, 0x06, 0x06, 0x06, 0x06,
    0x00, 0x00, 0x00, 0x06, 0x06, 0x06, 0x06, 0x06,
    0x00, 0x00, 0x06, 0x06, 0x00, 0x00, 0x00, 0x06,
    0x00, 0x00, 0x06, 0x00, 0x0B, 0x00, 0x0B, 0x00,
    0x00, 0x00, 0x06, 0x0B, 0x0D, 0x0B, 0x0D, 0x0B,
    0x00, 0x00, 0x06, 0x0B, 0x0B, 0x0B, 0x0B, 0x0B,

    0x06, 0x06, 0x06, 0x06, 0x06, 0x00, 0x00, 0x00,
    0x06, 0x06, 0x06, 0x06, 0x06, 0x06, 0x00, 0x00,
    0x06, 0x06, 0x06, 0x06, 0x00, 0x00, 0x00, 0x00,
    0x06, 0x06, 0x06, 0x06, 0x00, 0x00, 0x00, 0x00,
    0x06, 0x06, 0x06, 0x06, 0x06, 0x00, 0x00, 0x00,
    0x06, 0x06, 0x06, 0x06, 0x06, 0x00, 0x00, 0x00,
    0x00, 0x06, 0x06, 0x06, 0x06, 0x00, 0x00, 0x00,
    0x00, 0x06, 0x00, 0x06, 0x00, 0x00, 0x00, 0x00,

    0x00, 0x00, 0x00, 0x00, 0x00, 0x00, 0x00, 0x06,
    0x00, 0x00, 0x00, 0x00, 0x06, 0x06, 0x06, 0x06,
    0x00, 0x00, 0x00, 0x06, 0x06, 0x06, 0x06, 0x06,
    0x00, 0x00, 0x00, 0x06, 0x06, 0x06, 0x06, 0x06,
    0x00, 0x00, 0x06, 0x06, 0x00, 0x00, 0x00, 0x06,
    0x00, 0x00, 0x06, 0x00, 0x0B, 0x00, 0x0B, 0x00,
    0x00, 0x00, 0x06, 0x0B, 0x0D, 0x0B, 0x0D, 0x0B,
    0x00, 0x00, 0x06, 0x0B, 0x0B, 0x0B, 0x0B, 0x0B,

    0x06, 0x06, 0x06, 0x00, 0x00, 0x06, 0x00, 0x00,
    0x06, 0x06, 0x06, 0x06, 0x06, 0x06, 0x00, 0x00,
    0x06, 0x06, 0x06, 0x06, 0x06, 0x00, 0x00, 0x00,
    0x06, 0x06, 0x06, 0x06, 0x00, 0x00, 0x00, 0x00,
    0x06, 0x06, 0x06, 0x06, 0x06, 0x00, 0x00, 0x00,
    0x06, 0x06, 0x06, 0x06, 0x06, 0x00, 0x00, 0x00,
    0x00, 0x06, 0x06, 0x06, 0x00, 0x00, 0x00, 0x00,
    0x00, 0x06, 0x06, 0x06, 0x00, 0x00, 0x00, 0x00,

    // Tile 76 (12,2)
    0x00, 0x00, 0x00, 0x00, 0x00, 0x07, 0x07, 0x07,
    0x00, 0x00, 0x00, 0x07, 0x07, 0x07, 0x00, 0x00,
    0x00, 0x00, 0x07, 0x07, 0x00, 0x00, 0x0F, 0x0F,
    0x00, 0x00, 0x07, 0x00, 0x0F, 0x0F, 0x0F, 0x00,
    0x00, 0x07, 0x00, 0x0F, 0x0F, 0x0F, 0x00, 0x00,
    0x00, 0x07, 0x00, 0x0F, 0x0F, 0x00, 0x0F, 0x0A,
    0x07, 0x00, 0x0F, 0x0F, 0x00, 0x00, 0x0A, 0x0A,
    0x07, 0x00, 0x0F, 0x00, 0x0F, 0x0A, 0x00, 0x00,

    0x07, 0x00, 0x00, 0x00, 0x00, 0x00, 0x00, 0x00,
    0x00, 0x07, 0x07, 0x00, 0x00, 0x00, 0x00, 0x00,
    0x00, 0x00, 0x07, 0x07, 0x00, 0x00, 0x00, 0x00,
    0x0F, 0x0F, 0x00, 0x07, 0x00, 0x00, 0x00, 0x00,
    0x00, 0x0F, 0x00, 0x07, 0x07, 0x00, 0x00, 0x00,
    0x00, 0x00, 0x0F, 0x00, 0x07, 0x00, 0x00, 0x00,
    0x00, 0x0F, 0x0F, 0x0F, 0x00, 0x07, 0x00, 0x00,
    0x0F, 0x0F, 0x0F, 0x0F, 0x00, 0x07, 0x00, 0x00,

    0x00, 0x00, 0x00, 0x00, 0x00, 0x00, 0x07, 0x07,
    0x00, 0x00, 0x00, 0x00, 0x07, 0x07, 0x00, 0x00,
    0x00, 0x00, 0x00, 0x07, 0x07, 0x00, 0x00, 0x0F,
    0x00, 0x00, 0x00, 0x07, 0x00, 0x0F, 0x0F, 0x00,
    0x00, 0x00, 0x07, 0x07, 0x00, 0x0F, 0x00, 0x00,
    0x00, 0x00, 0x07, 0x00, 0x0F, 0x00, 0x00, 0x0A,
    0x00, 0x07, 0x00, 0x0F, 0x0F, 0x0F, 0x00, 0x0A,
    0x00, 0x07, 0x00, 0x0F, 0x0F, 0x0F, 0x0F, 0x00,

    0x07, 0x07, 0x00, 0x00, 0x00, 0x00, 0x00, 0x00,
    0x00, 0x07, 0x07, 0x07, 0x00, 0x00, 0x00, 0x00,
    0x0F, 0x00, 0x00, 0x07, 0x07, 0x00, 0x00, 0x00,
    0x0F, 0x0F, 0x0F, 0x00, 0x07, 0x00, 0x00, 0x00,
    0x00, 0x0F, 0x0F, 0x0F, 0x00, 0x07, 0x00, 0x00,
    0x0F, 0x00, 0x0F, 0x0F, 0x00, 0x07, 0x00, 0x00,
    0x0A, 0x00, 0x00, 0x0F, 0x0F, 0x00, 0x07, 0x00,
    0x00, 0x0A, 0x0F, 0x00, 0x0F, 0x00, 0x07, 0x00,

    // Tile 80 (16,2)
    0x00, 0x00, 0x00, 0x00, 0x00, 0x00, 0x0A, 0x0A,
    0x00, 0x00, 0x00, 0x00, 0x0A, 0x0A, 0x0A, 0x00,
    0x00, 0x00, 0x00, 0x0A, 0x0A, 0x00, 0x00, 0x0F,
    0x00, 0x00, 0x00, 0x0A, 0x00, 0x0F, 0x0F, 0x0F,
    0x00, 0x00, 0x0A, 0x00, 0x0F, 0x0F, 0x0F, 0x00,
    0x00, 0x00, 0x0A, 0x00, 0x0F, 0x0F, 0x00, 0x0F,
    0x00, 0x0A, 0x00, 0x0F, 0x0F, 0x00, 0x00, 0x0B,
    0x00, 0x0A, 0x00, 0x0F, 0x00, 0x0F, 0x0B, 0x00,

    0x0A, 0x0A, 0x00, 0x00, 0x00, 0x00, 0x00, 0x00,
    0x00, 0x00, 0x0A, 0x0A, 0x00, 0x00, 0x00, 0x00,
    0x0F, 0x00, 0x00, 0x0A, 0x0A, 0x00, 0x00, 0x00,
    0x00, 0x0F, 0x0F, 0x00, 0x0A, 0x00, 0x00, 0x00,
    0x00, 0x00, 0x0F, 0x00, 0x0A, 0x0A, 0x00, 0x00,
    0x0B, 0x00, 0x00, 0x0F, 0x00, 0x0A, 0x00, 0x00,
    0x0B, 0x00, 0x0F, 0x0F, 0x0F, 0x00, 0x0A, 0x00,
    0x00, 0x0F, 0x0F, 0x0F, 0x0F, 0x00, 0x0A, 0x00,

    0x00, 0x00, 0x00, 0x00, 0x00, 0x00, 0x0A, 0x0A,
    0x00, 0x00, 0x00, 0x00, 0x0A, 0x0A, 0x00, 0x00,
    0x00, 0x00, 0x00, 0x0A, 0x0A, 0x00, 0x00, 0x0F,
    0x00, 0x00, 0x00, 0x0A, 0x00, 0x0F, 0x0F, 0x00,
    0x00, 0x00, 0x0A, 0x0A, 0x00, 0x0F, 0x00, 0x00,
    0x00, 0x00, 0x0A, 0x00, 0x0F, 0x00, 0x00, 0x0B,
    0x00, 0x0A, 0x00, 0x0F, 0x0F, 0x0F, 0x00, 0x0B,
    0x00, 0x0A, 0x00, 0x0F, 0x0F, 0x0F, 0x0F, 0x00,

    0x0A, 0x0A, 0x00, 0x00, 0x00, 0x00, 0x00, 0x00,
    0x00, 0x0A, 0x0A, 0x0A, 0x00, 0x00, 0x00, 0x00,
    0x0F, 0x00, 0x00, 0x0A, 0x0A, 0x00, 0x00, 0x00,
    0x0F, 0x0F, 0x0F, 0x00, 0x0A, 0x00, 0x00, 0x00,
    0x00, 0x0F, 0x0F, 0x0F, 0x00, 0x0A, 0x00, 0x00,
    0x0F, 0x00, 0x0F, 0x0F, 0x00, 0x0A, 0x00, 0x00,
    0x0B, 0x00, 0x00, 0x0F, 0x0F, 0x00, 0x0A, 0x00,
    0x00, 0x0B, 0x0F, 0x00, 0x0F, 0x00, 0x0A, 0x00,

    // Tile 84 (20,2)
    0x00, 0x00, 0x00, 0x00, 0x00, 0x00, 0x06, 0x06,
    0x00, 0x00, 0x00, 0x00, 0x06, 0x06, 0x06, 0x00,
    0x00, 0x00, 0x00, 0x06, 0x06, 0x00, 0x00, 0x0F,
    0x00, 0x00, 0x00, 0x06, 0x00, 0x0F, 0x0F, 0x0F,
    0x00, 0x00, 0x06, 0x00, 0x0F, 0x0F, 0x0F, 0x00,
    0x00, 0x00, 0x06, 0x00, 0x0F, 0x0F, 0x00, 0x0F,
    0x00, 0x06, 0x00, 0x0F, 0x0F, 0x00, 0x00, 0x0A,
    0x00, 0x06, 0x00, 0x0F, 0x00, 0x0F, 0x0A, 0x00,

    0x06, 0x06, 0x00, 0x00, 0x00, 0x00, 0x00, 0x00,
    0x00, 0x00, 0x06, 0x06, 0x00, 0x00, 0x00, 0x00,
    0x0F, 0x00, 0x00, 0x06, 0x06, 0x00, 0x00, 0x00,
    0x00, 0x0F, 0x0F, 0x00, 0x06, 0x00, 0x00, 0x00,
    0x00, 0x00, 0x0F, 0x00, 0x06, 0x06, 0x00, 0x00,
    0x0A, 0x00, 0x00, 0x0F, 0x00, 0x06, 0x00, 0x00,
    0x0A, 0x00, 0x0F, 0x0F, 0x0F, 0x00, 0x06, 0x00,
    0x00, 0x0F, 0x0F, 0x0F, 0x0F, 0x00, 0x06, 0x00,

    0x00, 0x00, 0x00, 0x00, 0x00, 0x00, 0x06, 0x06,
    0x00, 0x00, 0x00, 0x00, 0x06, 0x06, 0x00, 0x00,
    0x00, 0x00, 0x00, 0x06, 0x06, 0x00, 0x00, 0x0F,
    0x00, 0x00, 0x00, 0x06, 0x00, 0x0F, 0x0F, 0x00,
    0x00, 0x00, 0x06, 0x06, 0x00, 0x0F, 0x00, 0x00,
    0x00, 0x00, 0x06, 0x00, 0x0F, 0x00, 0x00, 0x0A,
    0x00, 0x06, 0x00, 0x0F, 0x0F, 0x0F, 0x00, 0x0A,
    0x00, 0x06, 0x00, 0x0F, 0x0F, 0x0F, 0x0F, 0x00,

    0x06, 0x06, 0x00, 0x00, 0x00, 0x00, 0x00, 0x00,
    0x00, 0x06, 0x06, 0x06, 0x00, 0x00, 0x00, 0x00,
    0x0F, 0x00, 0x00, 0x06, 0x06, 0x00, 0x00, 0x00,
    0x0F, 0x0F, 0x0F, 0x00, 0x06, 0x00, 0x00, 0x00,
    0x00, 0x0F, 0x0F, 0x0F, 0x00, 0x06, 0x00, 0x00,
    0x0F, 0x00, 0x0F, 0x0F, 0x00, 0x06, 0x00, 0x00,
    0x0A, 0x00, 0x00, 0x0F, 0x0F, 0x00, 0x06, 0x00,
    0x00, 0x0A, 0x0F, 0x00, 0x0F, 0x00, 0x06, 0x00,

    // Tile 88 (24,2)
    0x00, 0x00, 0x00, 0x00, 0x00, 0x00, 0x00, 0x06,
    0x00, 0x00, 0x00, 0x00, 0x06, 0x06, 0x06, 0x06,
    0x00, 0x00, 0x00, 0x06, 0x06, 0x06, 0x06, 0x06,
    0x00, 0x00, 0x00, 0x06, 0x06, 0x06, 0x06, 0x06,
    0x00, 0x00, 0x06, 0x06, 0x00, 0x00, 0x00, 0x06,
    0x00, 0x00, 0x06, 0x00, 0x0B, 0x00, 0x0B, 0x00,
    0x00, 0x00, 0x06, 0x0B, 0x0D, 0x0B, 0x0D, 0x0B,
    0x00, 0x00, 0x06, 0x0B, 0x0B, 0x0B, 0x0B, 0x0B,

    0x06, 0x06, 0x06, 0x06, 0x06, 0x00, 0x00, 0x00,
    0x06, 0x06, 0x06, 0x06, 0x06, 0x06, 0x00, 0x00,
    0x06, 0x06, 0x06, 0x06, 0x00, 0x00, 0x00, 0x00,
    0x06, 0x06, 0x06, 0x06, 0x00, 0x00, 0x00, 0x00,
    0x06, 0x06, 0x06, 0x06, 0x06, 0x00, 0x00, 0x00,
    0x06, 0x06, 0x06, 0x06, 0x06, 0x00, 0x00, 0x00,
    0x00, 0x06, 0x06, 0x06, 0x06, 0x00, 0x00, 0x00,
    0x00, 0x06, 0x00, 0x06, 0x00, 0x00, 0x00, 0x00,

    0x00, 0x00, 0x00, 0x00, 0x00, 0x00, 0x00, 0x06,
    0x0B, 0x00, 0x00, 0x00, 0x00, 0x06, 0x06, 0x06,
    0x0B, 0x0B, 0x00, 0x06, 0x06, 0x06, 0x06, 0x00,
    0x0B, 0x0B, 0x06, 0x06, 0x06, 0x06, 0x06, 0x00,
    0x0B, 0x0B, 0x06, 0x06, 0x00, 0x00, 0x06, 0x0B,
    0x0B, 0x06, 0x06, 0x00, 0x06, 0x06, 0x00, 0x00,
    0x06, 0x06, 0x06, 0x00, 0x06, 0x06, 0x06, 0x0B,
    0x06, 0x06, 0x06, 0x06, 0x06, 0x06, 0x06, 0x06,

    0x00, 0x00, 0x00, 0x00, 0x00, 0x00, 0x00, 0x00,
    0x00, 0x00, 0x00, 0x00, 0x00, 0x00, 0x00, 0x00,
    0x06, 0x06, 0x06, 0x06, 0x00, 0x00, 0x00, 0x00,
    0x0B, 0x0B, 0x00, 0x06, 0x06, 0x06, 0x00, 0x00,
    0x0B, 0x0D, 0x0B, 0x00, 0x06, 0x06, 0x06, 0x00,
    0x0B, 0x0B, 0x00, 0x00, 0x06, 0x06, 0x06, 0x00,
    0x0B, 0x0D, 0x0B, 0x00, 0x06, 0x06, 0x06, 0x00,
    0x0B, 0x0B, 0x00, 0x06, 0x06, 0x06, 0x06, 0x06,

    // Tile 92 (28,2)
    0x00, 0x00, 0x00, 0x06, 0x0B, 0x0B, 0x0B, 0x06,
    0x00, 0x06, 0x06, 0x06, 0x0B, 0x0B, 0x0B, 0x0B,
    0x06, 0x06, 0x06, 0x06, 0x06, 0x0B, 0x0B, 0x0B,
    0x06, 0x00, 0x06, 0x06, 0x06, 0x06, 0x06, 0x06,
    0x00, 0x00, 0x06, 0x06, 0x06, 0x06, 0x06, 0x06,
    0x00, 0x00, 0x00, 0x06, 0x06, 0x06, 0x06, 0x06,
    0x00, 0x00, 0x00, 0x06, 0x06, 0x06, 0x06, 0x06,
    0x00, 0x00, 0x00, 0x00, 0x00, 0x06, 0x06, 0x06,

    0x06, 0x06, 0x0B, 0x0B, 0x0B, 0x0B, 0x0B, 0x00,
    0x06, 0x06, 0x06, 0x0B, 0x0B, 0x0B, 0x00, 0x00,
    0x06, 0x06, 0x06, 0x06, 0x06, 0x00, 0x00, 0x00,
    0x06, 0x00, 0x00, 0x06, 0x06, 0x06, 0x00, 0x00,
    0x06, 0x06, 0x06, 0x00, 0x06, 0x06, 0x00, 0x00,
    0x06, 0x06, 0x06, 0x00, 0x06, 0x06, 0x06, 0x00,
    0x06, 0x06, 0x00, 0x06, 0x06, 0x06, 0x06, 0x00,
    0x06, 0x0B, 0x00, 0x0B, 0x00, 0x00, 0x06, 0x06,

    0x00, 0x00, 0x00, 0x00, 0x06, 0x06, 0x00, 0x00,
    0x00, 0x00, 0x00, 0x00, 0x00, 0x06, 0x06, 0x00,
    0x00, 0x00, 0x00, 0x06, 0x06, 0x06, 0x06, 0x00,
    0x00, 0x06, 0x06, 0x06, 0x06, 0x06, 0x06, 0x06,
    0x00, 0x06, 0x06, 0x06, 0x06, 0x06, 0x0B, 0x0B,
    0x06, 0x06, 0x06, 0x06, 0x06, 0x0B, 0x0B, 0x0B,
    0x06, 0x06, 0x06, 0x06, 0x06, 0x0B, 0x0B, 0x0B,
    0x06, 0x06, 0x06, 0x06, 0x06, 0x0B, 0x0B, 0x06,

    0x00, 0x00, 0x00, 0x00, 0x00, 0x00, 0x00, 0x00,
    0x00, 0x00, 0x00, 0x00, 0x00, 0x00, 0x00, 0x00,
    0x00, 0x06, 0x00, 0x00, 0x00, 0x00, 0x00, 0x00,
    0x06, 0x06, 0x00, 0x00, 0x06, 0x06, 0x06, 0x00,
    0x06, 0x06, 0x06, 0x06, 0x06, 0x06, 0x06, 0x06,
    0x06, 0x06, 0x06, 0x06, 0x06, 0x06, 0x06, 0x00,
    0x06, 0x06, 0x06, 0x06, 0x06, 0x06, 0x06, 0x06,
    0x06, 0x06, 0x06, 0x06, 0x06, 0x06, 0x00, 0x00,

    // Tile 96 (0,3)
    0x0F, 0x0F, 0x00, 0x00, 0x06, 0x00, 0x06, 0x0F,
    0x00, 0x0F, 0x0F, 0x0F, 0x0F, 0x00, 0x0F, 0x0F,
    0x00, 0x0F, 0x0F, 0x0F, 0x00, 0x0F, 0x0F, 0x0F,
    0x00, 0x00, 0x0F, 0x0F, 0x00, 0x0F, 0x0F, 0x0F,
    0x00, 0x00, 0x0F, 0x0F, 0x0F, 0x00, 0x00, 0x0F,
    0x00, 0x00, 0x00, 0x0F, 0x0F, 0x0F, 0x0F, 0x0F,
    0x00, 0x00, 0x0A, 0x0A, 0x0A, 0x0F, 0x0F, 0x0F,
    0x00, 0x0A, 0x0A, 0x0A, 0x0A, 0x0A, 0x0F, 0x0F,

    0x0F, 0x0F, 0x0F, 0x00, 0x00, 0x00, 0x00, 0x00,
    0x0F, 0x0F, 0x0F, 0x0F, 0x0F, 0x00, 0x00, 0x00,
    0x0F, 0x0F, 0x0F, 0x0F, 0x0F, 0x00, 0x00, 0x00,
    0x0F, 0x0F, 0x0F, 0x0F, 0x0F, 0x0F, 0x00, 0x00,
    0x0F, 0x0F, 0x0F, 0x0F, 0x0F, 0x0F, 0x00, 0x0F,
    0x0A, 0x0A, 0x0A, 0x0F, 0x0F, 0x0F, 0x0F, 0x0F,
    0x0A, 0x0A, 0x0A, 0x0A, 0x0F, 0x0F, 0x0F, 0x00,
    0x0F, 0x0A, 0x0A, 0x0A, 0x0F, 0x00, 0x00, 0x00,

    0x00, 0x00, 0x00, 0x00, 0x06, 0x00, 0x06, 0x0F,
    0x00, 0x0F, 0x0F, 0x00, 0x0F, 0x0F, 0x0F, 0x0F,
    0x0F, 0x0F, 0x0F, 0x0F, 0x00, 0x0F, 0x0F, 0x0F,
    0x00, 0x00, 0x0F, 0x0F, 0x0F, 0x00, 0x0F, 0x0F,
    0x00, 0x00, 0x00, 0x0F, 0x0F, 0x0F, 0x00, 0x0F,
    0x00, 0x0A, 0x0A, 0x0A, 0x0F, 0x0F, 0x0F, 0x0F,
    0x00, 0x00, 0x0A, 0x0A, 0x0A, 0x0F, 0x0F, 0x0F,
    0x00, 0x00, 0x00, 0x0A, 0x0A, 0x00, 0x0F, 0x0A,

    0x0F, 0x0F, 0x00, 0x00, 0x0F, 0x00, 0x00, 0x00,
    0x0F, 0x0F, 0x0F, 0x0F, 0x0F, 0x0F, 0x00, 0x00,
    0x0F, 0x0F, 0x0F, 0x0F, 0x0F, 0x0F, 0x00, 0x00,
    0x0F, 0x0F, 0x0F, 0x0F, 0x0F, 0x0F, 0x0F, 0x00,
    0x0F, 0x0F, 0x0F, 0x0F, 0x0F, 0x0F, 0x0F, 0x00,
    0x0F, 0x0F, 0x0F, 0x0F, 0x0F, 0x0F, 0x0F, 0x0F,
    0x0A, 0x0A, 0x0A, 0x0F, 0x0F, 0x00, 0x00, 0x0F,
    0x0A, 0x0A, 0x0A, 0x0A, 0x00, 0x00, 0x00, 0x00,

    // Tile 100 (4,3)
    0x0A, 0x0A, 0x00, 0x00, 0x06, 0x00, 0x06, 0x0A,
    0x00, 0x0A, 0x0A, 0x0A, 0x0A, 0x00, 0x0A, 0x0A,
    0x00, 0x0A, 0x0A, 0x0A, 0x00, 0x0A, 0x0A, 0x0A,
    0x00, 0x00, 0x0A, 0x0A, 0x00, 0x0A, 0x0A, 0x0A,
    0x00, 0x00, 0x0A, 0x0A, 0x0A, 0x00, 0x00, 0x0A,
    0x00, 0x00, 0x00, 0x0A, 0x0A, 0x0A, 0x0A, 0x0A,
    0x00, 0x00, 0x06, 0x06, 0x06, 0x0A, 0x0A, 0x0A,
    0x00, 0x06, 0x06, 0x06, 0x06, 0x06, 0x0A, 0x0A,

    0x0A, 0x0A, 0x0A, 0x00, 0x00, 0x00, 0x00, 0x00,
    0x0A, 0x0A, 0x0A, 0x0A, 0x0A, 0x00, 0x00, 0x00,
    0x0A, 0x0A, 0x0A, 0x0A, 0x0A, 0x00, 0x00, 0x00,
    0x0A, 0x0A, 0x0A, 0x0A, 0x0A, 0x0A, 0x00, 0x00,
    0x0A, 0x0A, 0x0A, 0x0A, 0x0A, 0x0A, 0x00, 0x0A,
    0x06, 0x06, 0x06, 0x0A, 0x0A, 0x0A, 0x0A, 0x0A,
    0x06, 0x06, 0x06, 0x06, 0x0A, 0x0A, 0x0A, 0x00,
    0x0A, 0x06, 0x06, 0x06, 0x0A, 0x00, 0x00, 0x00,

    0x00, 0x00, 0x00, 0x00, 0x06, 0x00, 0x06, 0x0A,
    0x00, 0x0A, 0x0A, 0x00, 0x0A, 0x0A, 0x0A, 0x0A,
    0x0A, 0x0A, 0x0A, 0x0A, 0x00, 0x0A, 0x0A, 0x0A,
    0x00, 0x00, 0x0A, 0x0A, 0x0A, 0x00, 0x0A, 0x0A,
    0x00, 0x00, 0x00, 0x0A, 0x0A, 0x0A, 0x00, 0x0A,
    0x00, 0x06, 0x06, 0x06, 0x0A, 0x0A, 0x0A, 0x0A,
    0x00, 0x00, 0x06, 0x06, 0x06, 0x0A, 0x0A, 0x0A,
    0x00, 0x00, 0x00, 0x06, 0x06, 0x00, 0x0A, 0x06,

    0x0A, 0x0A, 0x00, 0x00, 0x0A, 0x00, 0x00, 0x00,
    0x0A, 0x0A, 0x0A, 0x0A, 0x0A, 0x0A, 0x00, 0x00,
    0x0A, 0x0A, 0x0A, 0x0A, 0x0A, 0x0A, 0x00, 0x00,
    0x0A, 0x0A, 0x0A, 0x0A, 0x0A, 0x0A, 0x0A, 0x00,
    0x0A, 0x0A, 0x0A, 0x0A, 0x0A, 0x0A, 0x0A, 0x00,
    0x0A, 0x0A, 0x0A, 0x0A, 0x0A, 0x0A, 0x0A, 0x0A,
    0x06, 0x06, 0x06, 0x0A, 0x0A, 0x00, 0x00, 0x0A,
    0x06, 0x06, 0x06, 0x06, 0x00, 0x00, 0x00, 0x00,

    // Tile 104 (8,3)
    0x06, 0x06, 0x00, 0x00, 0x0B, 0x00, 0x0B, 0x06,
    0x00, 0x06, 0x06, 0x06, 0x06, 0x00, 0x06, 0x06,
    0x00, 0x06, 0x06, 0x06, 0x00, 0x06, 0x06, 0x06,
    0x00, 0x00, 0x06, 0x06, 0x00, 0x06, 0x06, 0x06,
    0x00, 0x00, 0x06, 0x06, 0x06, 0x00, 0x00, 0x06,
    0x00, 0x00, 0x00, 0x06, 0x06, 0x06, 0x06, 0x06,
    0x00, 0x00, 0x0B, 0x0B, 0x0B, 0x06, 0x06, 0x06,
    0x00, 0x0B, 0x0B, 0x0B, 0x0B, 0x0B, 0x06, 0x06,

    0x06, 0x06, 0x06, 0x00, 0x00, 0x00, 0x00, 0x00,
    0x06, 0x06, 0x06, 0x06, 0x06, 0x00, 0x00, 0x00,
    0x06, 0x06, 0x06, 0x06, 0x06, 0x00, 0x00, 0x00,
    0x06, 0x06, 0x06, 0x06, 0x06, 0x06, 0x00, 0x00,
    0x06, 0x06, 0x06, 0x06, 0x06, 0x06, 0x00, 0x06,
    0x0B, 0x0B, 0x0B, 0x06, 0x06, 0x06, 0x06, 0x06,
    0x0B, 0x0B, 0x0B, 0x0B, 0x06, 0x06, 0x06, 0x00,
    0x06, 0x0B, 0x0B, 0x0B, 0x06, 0x00, 0x00, 0x00,

    0x00, 0x00, 0x00, 0x00, 0x0B, 0x00, 0x0B, 0x06,
    0x00, 0x06, 0x06, 0x00, 0x06, 0x06, 0x06, 0x06,
    0x06, 0x06, 0x06, 0x06, 0x00, 0x06, 0x06, 0x06,
    0x00, 0x00, 0x06, 0x06, 0x06, 0x00, 0x06, 0x06,
    0x00, 0x00, 0x00, 0x06, 0x06, 0x06, 0x00, 0x06,
    0x00, 0x0B, 0x0B, 0x0B, 0x06, 0x06, 0x06, 0x06,
    0x00, 0x00, 0x0B, 0x0B, 0x0B, 0x06, 0x06, 0x06,
    0x00, 0x00, 0x00, 0x0B, 0x0B, 0x00, 0x06, 0x0B,

    0x06, 0x06, 0x00, 0x00, 0x06, 0x00, 0x00, 0x00,
    0x06, 0x06, 0x06, 0x06, 0x06, 0x06, 0x00, 0x00,
    0x06, 0x06, 0x06, 0x06, 0x06, 0x06, 0x00, 0x00,
    0x06, 0x06, 0x06, 0x06, 0x06, 0x06, 0x06, 0x00,
    0x06, 0x06, 0x06, 0x06, 0x06, 0x06, 0x06, 0x00,
    0x06, 0x06, 0x06, 0x06, 0x06, 0x06, 0x06, 0x06,
    0x0B, 0x0B, 0x0B, 0x06, 0x06, 0x00, 0x00, 0x06,
    0x0B, 0x0B, 0x0B, 0x0B, 0x00, 0x00, 0x00, 0x00,

    // Tile 108 (12,3)
    0x07, 0x00, 0x0F, 0x00, 0x0A, 0x0A, 0x00, 0x0F,
    0x07, 0x00, 0x0F, 0x00, 0x00, 0x00, 0x0F, 0x0F,
    0x00, 0x07, 0x00, 0x0F, 0x0F, 0x0F, 0x0F, 0x0F,
    0x00, 0x07, 0x07, 0x00, 0x0F, 0x0F, 0x0A, 0x0F,
    0x00, 0x00, 0x07, 0x00, 0x0F, 0x0F, 0x0A, 0x0A,
    0x00, 0x00, 0x07, 0x07, 0x00, 0x0F, 0x0A, 0x0A,
    0x00, 0x00, 0x00, 0x07, 0x07, 0x00, 0x00, 0x00,
    0x00, 0x00, 0x00, 0x00, 0x00, 0x07, 0x07, 0x07,

    0x0F, 0x0A, 0x0A, 0x0F, 0x00, 0x07, 0x00, 0x00,
    0x0F, 0x0A, 0x0A, 0x0F, 0x00, 0x07, 0x00, 0x00,
    0x0F, 0x0F, 0x0A, 0x00, 0x07, 0x00, 0x00, 0x00,
    0x0F, 0x0F, 0x00, 0x07, 0x07, 0x00, 0x00, 0x00,
    0x0F, 0x00, 0x07, 0x07, 0x00, 0x00, 0x00, 0x00,
    0x00, 0x07, 0x07, 0x07, 0x00, 0x00, 0x00, 0x00,
    0x07, 0x07, 0x07, 0x00, 0x00, 0x00, 0x00, 0x00,
    0x07, 0x00, 0x00, 0x00, 0x00, 0x00, 0x00, 0x00,

    0x00, 0x07, 0x00, 0x0F, 0x0A, 0x0A, 0x0F, 0x0F,
    0x00, 0x07, 0x00, 0x0F, 0x0A, 0x0A, 0x0F, 0x0F,
    0x00, 0x00, 0x07, 0x00, 0x0A, 0x0F, 0x0F, 0x0F,
    0x00, 0x00, 0x07, 0x07, 0x00, 0x0F, 0x0F, 0x0F,
    0x00, 0x00, 0x00, 0x07, 0x07, 0x00, 0x0F, 0x0A,
    0x00, 0x00, 0x00, 0x07, 0x07, 0x07, 0x00, 0x0A,
    0x00, 0x00, 0x00, 0x00, 0x07, 0x07, 0x07, 0x00,
    0x00, 0x00, 0x00, 0x00, 0x00, 0x00, 0x07, 0x07,

    0x00, 0x0A, 0x0A, 0x00, 0x0F, 0x00, 0x07, 0x00,
    0x0F, 0x00, 0x00, 0x00, 0x0F, 0x00, 0x07, 0x00,
    0x0F, 0x0F, 0x0F, 0x0F, 0x00, 0x07, 0x00, 0x00,
    0x0A, 0x0F, 0x0F, 0x00, 0x07, 0x07, 0x00, 0x00,
    0x0A, 0x0F, 0x0F, 0x00, 0x07, 0x00, 0x00, 0x00,
    0x0A, 0x0F, 0x00, 0x07, 0x07, 0x00, 0x00, 0x00,
    0x00, 0x00, 0x07, 0x07, 0x00, 0x00, 0x00, 0x00,
    0x07, 0x07, 0x00, 0x00, 0x00, 0x00, 0x00, 0x00,

    // Tile 112 (16,3)
    0x00, 0x0A, 0x00, 0x0F, 0x00, 0x0B, 0x0B, 0x00,
    0x00, 0x0A, 0x00, 0x0F, 0x00, 0x00, 0x00, 0x0F,
    0x00, 0x00, 0x0A, 0x00, 0x0F, 0x0F, 0x0F, 0x0F,
    0x00, 0x00, 0x0A, 0x0A, 0x00, 0x0F, 0x0F, 0x0B,
    0x00, 0x00, 0x00, 0x0A, 0x00, 0x0F, 0x0F, 0x0B,
    0x00, 0x00, 0x00, 0x0A, 0x0A, 0x00, 0x0F, 0x0B,
    0x00, 0x00, 0x00, 0x00, 0x0A, 0x0A, 0x00, 0x00,
    0x00, 0x00, 0x00, 0x00, 0x00, 0x00, 0x0A, 0x0A,

    0x0F, 0x0F, 0x0B, 0x0B, 0x0F, 0x00, 0x0A, 0x00,
    0x0F, 0x0F, 0x0B, 0x0B, 0x0F, 0x00, 0x0A, 0x00,
    0x0F, 0x0F, 0x0F, 0x0B, 0x00, 0x0A, 0x00, 0x00,
    0x0F, 0x0F, 0x0F, 0x00, 0x0A, 0x0A, 0x00, 0x00,
    0x0B, 0x0F, 0x00, 0x0A, 0x0A, 0x00, 0x00, 0x00,
    0x0B, 0x00, 0x0A, 0x0A, 0x0A, 0x00, 0x00, 0x00,
    0x00, 0x0A, 0x0A, 0x0A, 0x00, 0x00, 0x00, 0x00,
    0x0A, 0x0A, 0x00, 0x00, 0x00, 0x00, 0x00, 0x00,

    0x00, 0x0A, 0x00, 0x0F, 0x0B, 0x0B, 0x0F, 0x0F,
    0x00, 0x0A, 0x00, 0x0F, 0x0B, 0x0B, 0x0F, 0x0F,
    0x00, 0x00, 0x0A, 0x00, 0x0B, 0x0F, 0x0F, 0x0F,
    0x00, 0x00, 0x0A, 0x0A, 0x00, 0x0F, 0x0F, 0x0F,
    0x00, 0x00, 0x00, 0x0A, 0x0A, 0x00, 0x0F, 0x0B,
    0x00, 0x00, 0x00, 0x0A, 0x0A, 0x0A, 0x00, 0x0B,
    0x00, 0x00, 0x00, 0x00, 0x0A, 0x0A, 0x0A, 0x00,
    0x00, 0x00, 0x00, 0x00, 0x00, 0x00, 0x0A, 0x0A,

    0x00, 0x0B, 0x0B, 0x00, 0x0F, 0x00, 0x0A, 0x00,
    0x0F, 0x00, 0x00, 0x00, 0x0F, 0x00, 0x0A, 0x00,
    0x0F, 0x0F, 0x0F, 0x0F, 0x00, 0x0A, 0x00, 0x00,
    0x0B, 0x0F, 0x0F, 0x00, 0x0A, 0x0A, 0x00, 0x00,
    0x0B, 0x0F, 0x0F, 0x00, 0x0A, 0x00, 0x00, 0x00,
    0x0B, 0x0F, 0x00, 0x0A, 0x0A, 0x00, 0x00, 0x00,
    0x00, 0x00, 0x0A, 0x0A, 0x00, 0x00, 0x00, 0x00,
    0x0A, 0x0A, 0x00, 0x00, 0x00, 0x00, 0x00, 0x00,

    // Tile 116 (20,3)
    0x00, 0x06, 0x00, 0x0F, 0x00, 0x0A, 0x0A, 0x00,
    0x00, 0x06, 0x00, 0x0F, 0x00, 0x00, 0x00, 0x0F,
    0x00, 0x00, 0x06, 0x00, 0x0F, 0x0F, 0x0F, 0x0F,
    0x00, 0x00, 0x06, 0x06, 0x00, 0x0F, 0x0F, 0x0A,
    0x00, 0x00, 0x00, 0x06, 0x00, 0x0F, 0x0F, 0x0A,
    0x00, 0x00, 0x00, 0x06, 0x06, 0x00, 0x0F, 0x0A,
    0x00, 0x00, 0x00, 0x00, 0x06, 0x06, 0x00, 0x00,
    0x00, 0x00, 0x00, 0x00, 0x00, 0x00, 0x06, 0x06,

    0x0F, 0x0F, 0x0A, 0x0A, 0x0F, 0x00, 0x06, 0x00,
    0x0F, 0x0F, 0x0A, 0x0A, 0x0F, 0x00, 0x06, 0x00,
    0x0F, 0x0F, 0x0F, 0x0A, 0x00, 0x06, 0x00, 0x00,
    0x0F, 0x0F, 0x0F, 0x00, 0x06, 0x06, 0x00, 0x00,
    0x0A, 0x0F, 0x00, 0x06, 0x06, 0x00, 0x00, 0x00,
    0x0A, 0x00, 0x06, 0x06, 0x06, 0x00, 0x00, 0x00,
    0x00, 0x06, 0x06, 0x06, 0x00, 0x00, 0x00, 0x00,
    0x06, 0x06, 0x00, 0x00, 0x00, 0x00, 0x00, 0x00,

    0x00, 0x06, 0x00, 0x0F, 0x0A, 0x0A, 0x0F, 0x0F,
    0x00, 0x06, 0x00, 0x0F, 0x0A, 0x0A, 0x0F, 0x0F,
    0x00, 0x00, 0x06, 0x00, 0x0A, 0x0F, 0x0F, 0x0F,
    0x00, 0x00, 0x06, 0x06, 0x00, 0x0F, 0x0F, 0x0F,
    0x00, 0x00, 0x00, 0x06, 0x06, 0x00, 0x0F, 0x0A,
    0x00, 0x00, 0x00, 0x06, 0x06, 0x06, 0x00, 0x0A,
    0x00, 0x00, 0x00, 0x00, 0x06, 0x06, 0x06, 0x00,
    0x00, 0x00, 0x00, 0x00, 0x00, 0x00, 0x06, 0x06,

    0x00, 0x0A, 0x0A, 0x00, 0x0F, 0x00, 0x06, 0x00,
    0x0F, 0x00, 0x00, 0x00, 0x0F, 0x00, 0x06, 0x00,
    0x0F, 0x0F, 0x0F, 0x0F, 0x00, 0x06, 0x00, 0x00,
    0x0A, 0x0F, 0x0F, 0x00, 0x06, 0x06, 0x00, 0x00,
    0x0A, 0x0F, 0x0F, 0x00, 0x06, 0x00, 0x00, 0x00,
    0x0A, 0x0F, 0x00, 0x06, 0x06, 0x00, 0x00, 0x00,
    0x00, 0x00, 0x06, 0x06, 0x00, 0x00, 0x00, 0x00,
    0x06, 0x06, 0x00, 0x00, 0x00, 0x00, 0x00, 0x00,

    // Tile 120 (24,3)
    0x06, 0x06, 0x00, 0x00, 0x0B, 0x00, 0x0B, 0x06,
    0x00, 0x06, 0x06, 0x06, 0x06, 0x00, 0x06, 0x06,
    0x00, 0x06, 0x06, 0x06, 0x00, 0x06, 0x06, 0x06,
    0x00, 0x00, 0x06, 0x06, 0x00, 0x06, 0x06, 0x06,
    0x00, 0x00, 0x06, 0x06, 0x06, 0x00, 0x00, 0x06,
    0x00, 0x00, 0x00, 0x06, 0x06, 0x06, 0x06, 0x06,
    0x00, 0x00, 0x0B, 0x0B, 0x0B, 0x06, 0x06, 0x06,
    0x00, 0x0B, 0x0B, 0x0B, 0x0B, 0x0B, 0x06, 0x06,

    0x06, 0x06, 0x06, 0x00, 0x00, 0x00, 0x00, 0x00,
    0x06, 0x06, 0x06, 0x06, 0x06, 0x00, 0x00, 0x00,
    0x06, 0x06, 0x06, 0x06, 0x06, 0x00, 0x00, 0x00,
    0x06, 0x06, 0x06, 0x06, 0x06, 0x06, 0x00, 0x00,
    0x06, 0x06, 0x06, 0x06, 0x06, 0x06, 0x00, 0x06,
    0x0B, 0x0B, 0x0B, 0x06, 0x06, 0x06, 0x06, 0x06,
    0x0B, 0x0B, 0x0B, 0x0B, 0x06, 0x06, 0x06, 0x00,
    0x06, 0x0B, 0x0B, 0x0B, 0x06, 0x00, 0x00, 0x00,

    0x06, 0x0B, 0x0B, 0x06, 0x06, 0x06, 0x06, 0x06,
    0x0B, 0x0B, 0x0B, 0x06, 0x06, 0x06, 0x06, 0x06,
    0x0B, 0x0B, 0x0B, 0x06, 0x06, 0x06, 0x06, 0x06,
    0x0B, 0x0B, 0x06, 0x06, 0x06, 0x06, 0x06, 0x00,
    0x06, 0x06, 0x06, 0x06, 0x06, 0x06, 0x06, 0x00,
    0x00, 0x06, 0x06, 0x06, 0x06, 0x00, 0x00, 0x00,
    0x00, 0x06, 0x06, 0x00, 0x00, 0x00, 0x00, 0x00,
    0x00, 0x00, 0x06, 0x06, 0x00, 0x00, 0x00, 0x00,

    0x00, 0x00, 0x06, 0x06, 0x06, 0x06, 0x06, 0x06,
    0x06, 0x06, 0x06, 0x06, 0x06, 0x06, 0x06, 0x06,
    0x00, 0x06, 0x06, 0x06, 0x06, 0x06, 0x06, 0x06,
    0x06, 0x06, 0x06, 0x06, 0x06, 0x06, 0x06, 0x06,
    0x00, 0x06, 0x06, 0x06, 0x00, 0x00, 0x06, 0x06,
    0x00, 0x00, 0x00, 0x00, 0x00, 0x00, 0x06, 0x00,
    0x00, 0x00, 0x00, 0x00, 0x00, 0x00, 0x00, 0x00,
    0x00, 0x00, 0x00, 0x00, 0x00, 0x00, 0x00, 0x00,

    // Tile 124 (28,3)
    0x00, 0x00, 0x00, 0x00, 0x06, 0x00, 0x06, 0x00,
    0x00, 0x00, 0x00, 0x06, 0x06, 0x06, 0x06, 0x00,
    0x00, 0x00, 0x00, 0x06, 0x06, 0x06, 0x06, 0x06,
    0x00, 0x00, 0x00, 0x06, 0x06, 0x06, 0x06, 0x06,
    0x00, 0x00, 0x00, 0x00, 0x06, 0x06, 0x06, 0x06,
    0x00, 0x00, 0x00, 0x00, 0x06, 0x06, 0x06, 0x06,
    0x00, 0x00, 0x06, 0x06, 0x06, 0x06, 0x06, 0x06,
    0x00, 0x00, 0x00, 0x06, 0x06, 0x06, 0x06, 0x06,

    0x0B, 0x0B, 0x0B, 0x0B, 0x0B, 0x06, 0x00, 0x00,
    0x0B, 0x0D, 0x0B, 0x0D, 0x0B, 0x06, 0x00, 0x00,
    0x00, 0x0B, 0x00, 0x0B, 0x00, 0x06, 0x00, 0x00,
    0x06, 0x00, 0x00, 0x00, 0x06, 0x06, 0x00, 0x00,
    0x06, 0x06, 0x06, 0x06, 0x06, 0x00, 0x00, 0x00,
    0x06, 0x06, 0x06, 0x06, 0x06, 0x00, 0x00, 0x00,
    0x06, 0x06, 0x06, 0x06, 0x00, 0x00, 0x00, 0x00,
    0x06, 0x00, 0x00, 0x00, 0x00, 0x00, 0x00, 0x00,

    0x06, 0x06, 0x06, 0x06, 0x06, 0x06, 0x06, 0x06,
    0x0B, 0x06, 0x06, 0x06, 0x00, 0x06, 0x06, 0x06,
    0x00, 0x00, 0x06, 0x06, 0x00, 0x06, 0x06, 0x0B,
    0x0B, 0x06, 0x00, 0x00, 0x06, 0x06, 0x0B, 0x0B,
    0x00, 0x06, 0x06, 0x06, 0x06, 0x06, 0x0B, 0x0B,
    0x00, 0x06, 0x06, 0x06, 0x06, 0x00, 0x0B, 0x0B,
    0x06, 0x06, 0x06, 0x00, 0x00, 0x00, 0x00, 0x0B,
    0x06, 0x00, 0x00, 0x00, 0x00, 0x00, 0x00, 0x00,

    0x06, 0x06, 0x06, 0x06, 0x06, 0x00, 0x0B, 0x0B,
    0x00, 0x06, 0x06, 0x06, 0x00, 0x0B, 0x0D, 0x0B,
    0x00, 0x06, 0x06, 0x06, 0x00, 0x00, 0x0B, 0x0B,
    0x00, 0x06, 0x06, 0x06, 0x00, 0x0B, 0x0D, 0x0B,
    0x00, 0x00, 0x06, 0x06, 0x06, 0x00, 0x0B, 0x0B,
    0x00, 0x00, 0x00, 0x00, 0x06, 0x06, 0x06, 0x06,
    0x00, 0x00, 0x00, 0x00, 0x00, 0x00, 0x00, 0x00,
    0x00, 0x00, 0x00, 0x00, 0x00, 0x00, 0x00, 0x00,

    // Tile 128 (0,4)
    0x00, 0x00, 0x00, 0x00, 0x00, 0x00, 0x00, 0x00,
    0x00, 0x00, 0x00, 0x00, 0x00, 0x00, 0x00, 0x0A,
    0x00, 0x00, 0x00, 0x00, 0x00, 0x0A, 0x06, 0x0A,
    0x00, 0x00, 0x00, 0x0A, 0x0A, 0x0A, 0x0A, 0x06,
    0x00, 0x00, 0x0A, 0x0A, 0x0F, 0x0F, 0x0A, 0x0A,
    0x00, 0x0A, 0x0A, 0x0F, 0x0F, 0x0F, 0x0A, 0x0A,
    0x00, 0x0A, 0x0A, 0x0F, 0x0F, 0x0A, 0x0A, 0x0A,
    0x06, 0x0A, 0x0A, 0x0A, 0x0A, 0x0A, 0x0A, 0x06,

    0x00, 0x00, 0x00, 0x00, 0x00, 0x00, 0x00, 0x00,
    0x0A, 0x0A, 0x06, 0x06, 0x00, 0x00, 0x00, 0x00,
    0x0A, 0x00, 0x0A, 0x0A, 0x06, 0x00, 0x00, 0x00,
    0x06, 0x0A, 0x0A, 0x00, 0x0A, 0x06, 0x06, 0x00,
    0x06, 0x06, 0x06, 0x0A, 0x0A, 0x0A, 0x06, 0x06,
    0x0A, 0x06, 0x00, 0x06, 0x06, 0x06, 0x0A, 0x06,
    0x06, 0x06, 0x06, 0x06, 0x00, 0x06, 0x06, 0x06,
    0x06, 0x06, 0x06, 0x06, 0x06, 0x00, 0x06, 0x06,

    0x00, 0x00, 0x00, 0x00, 0x00, 0x00, 0x00, 0x00,
    0x00, 0x00, 0x00, 0x00, 0x06, 0x06, 0x0A, 0x0A,
    0x00, 0x00, 0x00, 0x06, 0x0A, 0x0A, 0x00, 0x0A,
    0x00, 0x06, 0x06, 0x0A, 0x00, 0x0A, 0x0A, 0x06,
    0x06, 0x06, 0x0A, 0x0A, 0x0A, 0x06, 0x06, 0x06,
    0x06, 0x0A, 0x06, 0x06, 0x06, 0x00, 0x06, 0x0A,
    0x06, 0x06, 0x06, 0x00, 0x06, 0x06, 0x06, 0x06,
    0x06, 0x06, 0x00, 0x06, 0x06, 0x06, 0x06, 0x06,

    0x00, 0x00, 0x00, 0x00, 0x00, 0x00, 0x00, 0x00,
    0x0A, 0x00, 0x00, 0x00, 0x00, 0x00, 0x00, 0x00,
    0x0A, 0x06, 0x0A, 0x00, 0x00, 0x00, 0x00, 0x00,
    0x06, 0x0A, 0x0A, 0x0A, 0x0A, 0x00, 0x00, 0x00,
    0x0A, 0x0A, 0x0F, 0x0F, 0x0A, 0x0A, 0x00, 0x00,
    0x0A, 0x0A, 0x0F, 0x0F, 0x0F, 0x0A, 0x0A, 0x00,
    0x0A, 0x0A, 0x0A, 0x0F, 0x0F, 0x0A, 0x0A, 0x00,
    0x06, 0x0A, 0x0A, 0x0A, 0x0A, 0x0A, 0x0A, 0x06,

    // Tile 132 (4,4)
    0x00, 0x00, 0x00, 0x00, 0x00, 0x00, 0x00, 0x00,
    0x00, 0x00, 0x00, 0x00, 0x00, 0x06, 0x00, 0x06,
    0x00, 0x00, 0x00, 0x06, 0x06, 0x00, 0x06, 0x06,
    0x00, 0x00, 0x06, 0x00, 0x06, 0x06, 0x00, 0x06,
    0x00, 0x06, 0x00, 0x06, 0x06, 0x06, 0x06, 0x06,
    0x00, 0x06, 0x06, 0x06, 0x06, 0x00, 0x06, 0x06,
    0x00, 0x06, 0x00, 0x06, 0x00, 0x06, 0x06, 0x06,
    0x00, 0x06, 0x06, 0x06, 0x06, 0x06, 0x00, 0x06,

    0x00, 0x00, 0x00, 0x00, 0x00, 0x00, 0x00, 0x00,
    0x06, 0x06, 0x06, 0x00, 0x00, 0x00, 0x00, 0x00,
    0x0A, 0x0A, 0x06, 0x06, 0x06, 0x00, 0x00, 0x00,
    0x0A, 0x0A, 0x0A, 0x0A, 0x0A, 0x06, 0x00, 0x00,
    0x06, 0x06, 0x0A, 0x0A, 0x06, 0x0A, 0x06, 0x00,
    0x00, 0x06, 0x06, 0x06, 0x00, 0x0A, 0x06, 0x00,
    0x06, 0x06, 0x00, 0x0A, 0x06, 0x0A, 0x0A, 0x06,
    0x06, 0x06, 0x06, 0x06, 0x06, 0x06, 0x0A, 0x0A,

    0x00, 0x00, 0x00, 0x00, 0x00, 0x00, 0x00, 0x00,
    0x00, 0x00, 0x00, 0x00, 0x00, 0x06, 0x06, 0x06,
    0x00, 0x00, 0x00, 0x06, 0x06, 0x06, 0x0A, 0x0A,
    0x00, 0x00, 0x06, 0x0A, 0x0A, 0x0A, 0x0A, 0x0A,
    0x00, 0x06, 0x0A, 0x06, 0x0A, 0x0A, 0x06, 0x06,
    0x00, 0x06, 0x0A, 0x00, 0x06, 0x06, 0x06, 0x00,
    0x06, 0x0A, 0x0A, 0x06, 0x0A, 0x00, 0x06, 0x06,
    0x0A, 0x0A, 0x06, 0x06, 0x06, 0x06, 0x06, 0x06,

    0x00, 0x00, 0x00, 0x00, 0x00, 0x00, 0x00, 0x00,
    0x06, 0x00, 0x06, 0x00, 0x00, 0x00, 0x00, 0x00,
    0x06, 0x06, 0x00, 0x06, 0x06, 0x00, 0x00, 0x00,
    0x06, 0x00, 0x06, 0x06, 0x00, 0x06, 0x00, 0x00,
    0x06, 0x06, 0x06, 0x06, 0x06, 0x00, 0x06, 0x00,
    0x06, 0x06, 0x00, 0x06, 0x06, 0x06, 0x06, 0x00,
    0x06, 0x06, 0x06, 0x00, 0x06, 0x00, 0x06, 0x00,
    0x06, 0x00, 0x06, 0x06, 0x06, 0x06, 0x06, 0x00,

    // Tile 136 (8,4)
    0x00, 0x00, 0x00, 0x00, 0x00, 0x00, 0x00, 0x00,
    0x00, 0x00, 0x00, 0x00, 0x06, 0x00, 0x0A, 0x00,
    0x00, 0x00, 0x00, 0x0A, 0x06, 0x00, 0x00, 0x0A,
    0x00, 0x00, 0x0A, 0x0A, 0x06, 0x06, 0x06, 0x0A,
    0x00, 0x00, 0x0A, 0x06, 0x06, 0x00, 0x06, 0x0A,
    0x00, 0x0A, 0x00, 0x06, 0x00, 0x00, 0x00, 0x06,
    0x00, 0x0A, 0x06, 0x00, 0x00, 0x0A, 0x0A, 0x00,
    0x00, 0x00, 0x06, 0x00, 0x00, 0x00, 0x00, 0x00,

    0x00, 0x00, 0x00, 0x00, 0x00, 0x00, 0x00, 0x00,
    0x00, 0x00, 0x00, 0x0A, 0x00, 0x00, 0x00, 0x00,
    0x0A, 0x00, 0x06, 0x00, 0x00, 0x00, 0x00, 0x00,
    0x00, 0x0A, 0x06, 0x06, 0x0A, 0x00, 0x00, 0x00,
    0x00, 0x00, 0x06, 0x06, 0x00, 0x00, 0x00, 0x00,
    0x0A, 0x00, 0x00, 0x00, 0x00, 0x00, 0x00, 0x00,
    0x00, 0x00, 0x0A, 0x06, 0x00, 0x00, 0x00, 0x00,
    0x00, 0x00, 0x00, 0x06, 0x00, 0x00, 0x0A, 0x00,

    0x00, 0x00, 0x00, 0x00, 0x00, 0x00, 0x00, 0x00,
    0x00, 0x00, 0x00, 0x00, 0x00, 0x06, 0x00, 0x00,
    0x00, 0x00, 0x00, 0x0A, 0x00, 0x00, 0x00, 0x00,
    0x00, 0x00, 0x00, 0x00, 0x00, 0x00, 0x06, 0x00,
    0x00, 0x00, 0x00, 0x00, 0x00, 0x00, 0x00, 0x00,
    0x00, 0x0A, 0x00, 0x0A, 0x00, 0x00, 0x00, 0x00,
    0x00, 0x00, 0x00, 0x00, 0x00, 0x00, 0x00, 0x00,
    0x00, 0x00, 0x00, 0x00, 0x00, 0x0A, 0x00, 0x00,

    0x00, 0x00, 0x00, 0x00, 0x00, 0x00, 0x00, 0x00,
    0x00, 0x00, 0x00, 0x0A, 0x00, 0x00, 0x00, 0x00,
    0x00, 0x00, 0x00, 0x00, 0x00, 0x00, 0x00, 0x00,
    0x00, 0x06, 0x00, 0x00, 0x00, 0x00, 0x00, 0x00,
    0x00, 0x00, 0x00, 0x0A, 0x00, 0x06, 0x00, 0x00,
    0x00, 0x06, 0x00, 0x00, 0x00, 0x00, 0x00, 0x00,
    0x00, 0x00, 0x00, 0x00, 0x00, 0x00, 0x00, 0x00,
    0x00, 0x00, 0x00, 0x00, 0x06, 0x00, 0x0A, 0x00,

    // Tile 140 (12,4)
    0x00, 0x00, 0x00, 0x00, 0x00, 0x00, 0x00, 0x00,
    0x00, 0x00, 0x00, 0x00, 0x00, 0x00, 0x00, 0x00,
    0x00, 0x00, 0x00, 0x00, 0x00, 0x00, 0x00, 0x00,
    0x00, 0x00, 0x00, 0x00, 0x00, 0x00, 0x00, 0x00,
    0x00, 0x00, 0x00, 0x00, 0x00, 0x00, 0x00, 0x00,
    0x00, 0x00, 0x00, 0x00, 0x00, 0x00, 0x00, 0x00,
    0x00, 0x00, 0x00, 0x00, 0x00, 0x00, 0x00, 0x00,
    0x00, 0x00, 0x00, 0x00, 0x00, 0x00, 0x00, 0x00,

    0x00, 0x00, 0x00, 0x00, 0x00, 0x00, 0x00, 0x00,
    0x00, 0x00, 0x00, 0x00, 0x00, 0x00, 0x00, 0x00,
    0x00, 0x00, 0x00, 0x00, 0x00, 0x00, 0x00, 0x00,
    0x00, 0x00, 0x00, 0x00, 0x00, 0x00, 0x00, 0x00,
    0x00, 0x00, 0x00, 0x00, 0x00, 0x00, 0x00, 0x00,
    0x00, 0x00, 0x00, 0x00, 0x00, 0x00, 0x00, 0x00,
    0x00, 0x00, 0x00, 0x00, 0x00, 0x00, 0x00, 0x00,
    0x00, 0x00, 0x00, 0x00, 0x00, 0x00, 0x00, 0x00,

    0x00, 0x00, 0x00, 0x00, 0x00, 0x00, 0x00, 0x00,
    0x00, 0x00, 0x00, 0x00, 0x00, 0x00, 0x00, 0x00,
    0x00, 0x00, 0x00, 0x00, 0x00, 0x00, 0x00, 0x00,
    0x00, 0x00, 0x00, 0x00, 0x00, 0x00, 0x00, 0x00,
    0x00, 0x00, 0x00, 0x00, 0x00, 0x00, 0x00, 0x00,
    0x00, 0x00, 0x00, 0x00, 0x00, 0x00, 0x00, 0x00,
    0x00, 0x00, 0x00, 0x00, 0x00, 0x00, 0x00, 0x00,
    0x00, 0x00, 0x00, 0x00, 0x00, 0x00, 0x00, 0x00,

    0x00, 0x00, 0x00, 0x00, 0x00, 0x00, 0x00, 0x00,
    0x00, 0x00, 0x00, 0x00, 0x00, 0x00, 0x00, 0x00,
    0x00, 0x00, 0x00, 0x00, 0x00, 0x00, 0x00, 0x00,
    0x00, 0x00, 0x00, 0x00, 0x00, 0x00, 0x00, 0x00,
    0x00, 0x00, 0x00, 0x00, 0x00, 0x00, 0x00, 0x00,
    0x00, 0x00, 0x00, 0x00, 0x00, 0x00, 0x00, 0x00,
    0x00, 0x00, 0x00, 0x00, 0x00, 0x00, 0x00, 0x00,
    0x00, 0x00, 0x00, 0x00, 0x00, 0x00, 0x00, 0x00,

    // Tile 144 (16,4)
    0x00, 0x00, 0x00, 0x00, 0x00, 0x00, 0x00, 0x00,
    0x00, 0x00, 0x00, 0x00, 0x00, 0x00, 0x00, 0x00,
    0x00, 0x00, 0x00, 0x00, 0x00, 0x00, 0x00, 0x00,
    0x00, 0x00, 0x00, 0x00, 0x00, 0x00, 0x00, 0x00,
    0x00, 0x00, 0x00, 0x00, 0x00, 0x00, 0x00, 0x00,
    0x00, 0x00, 0x00, 0x00, 0x00, 0x00, 0x00, 0x00,
    0x00, 0x00, 0x00, 0x00, 0x00, 0x00, 0x00, 0x00,
    0x00, 0x00, 0x00, 0x00, 0x00, 0x00, 0x00, 0x00,

    0x00, 0x00, 0x00, 0x00, 0x00, 0x00, 0x00, 0x00,
    0x00, 0x00, 0x00, 0x00, 0x00, 0x00, 0x00, 0x00,
    0x00, 0x00, 0x00, 0x00, 0x00, 0x00, 0x00, 0x00,
    0x00, 0x00, 0x00, 0x00, 0x00, 0x00, 0x00, 0x00,
    0x00, 0x00, 0x00, 0x00, 0x00, 0x00, 0x00, 0x00,
    0x00, 0x00, 0x00, 0x00, 0x00, 0x00, 0x00, 0x00,
    0x00, 0x00, 0x00, 0x00, 0x00, 0x00, 0x00, 0x00,
    0x00, 0x00, 0x00, 0x00, 0x00, 0x00, 0x00, 0x00,

    0x00, 0x00, 0x00, 0x00, 0x00, 0x00, 0x00, 0x00,
    0x00, 0x00, 0x00, 0x00, 0x00, 0x00, 0x00, 0x00,
    0x00, 0x00, 0x00, 0x00, 0x00, 0x00, 0x00, 0x00,
    0x00, 0x00, 0x00, 0x00, 0x00, 0x00, 0x00, 0x00,
    0x00, 0x00, 0x00, 0x00, 0x00, 0x00, 0x00, 0x00,
    0x00, 0x00, 0x00, 0x00, 0x00, 0x00, 0x00, 0x00,
    0x00, 0x00, 0x00, 0x00, 0x00, 0x00, 0x00, 0x00,
    0x00, 0x00, 0x00, 0x00, 0x00, 0x00, 0x00, 0x00,

    0x00, 0x00, 0x00, 0x00, 0x00, 0x00, 0x00, 0x00,
    0x00, 0x00, 0x00, 0x00, 0x00, 0x00, 0x00, 0x00,
    0x00, 0x00, 0x00, 0x00, 0x00, 0x00, 0x00, 0x00,
    0x00, 0x00, 0x00, 0x00, 0x00, 0x00, 0x00, 0x00,
    0x00, 0x00, 0x00, 0x00, 0x00, 0x00, 0x00, 0x00,
    0x00, 0x00, 0x00, 0x00, 0x00, 0x00, 0x00, 0x00,
    0x00, 0x00, 0x00, 0x00, 0x00, 0x00, 0x00, 0x00,
    0x00, 0x00, 0x00, 0x00, 0x00, 0x00, 0x00, 0x00,

    // Tile 148 (20,4)
    0x00, 0x00, 0x00, 0x00, 0x00, 0x00, 0x00, 0x00,
    0x00, 0x00, 0x00, 0x00, 0x00, 0x00, 0x00, 0x00,
    0x00, 0x00, 0x00, 0x00, 0x00, 0x00, 0x00, 0x00,
    0x00, 0x00, 0x00, 0x00, 0x00, 0x00, 0x00, 0x00,
    0x00, 0x00, 0x00, 0x00, 0x00, 0x00, 0x00, 0x00,
    0x00, 0x00, 0x00, 0x00, 0x00, 0x00, 0x00, 0x00,
    0x00, 0x00, 0x00, 0x00, 0x00, 0x00, 0x00, 0x00,
    0x00, 0x00, 0x00, 0x00, 0x00, 0x00, 0x00, 0x00,

    0x00, 0x00, 0x00, 0x00, 0x00, 0x00, 0x00, 0x00,
    0x00, 0x00, 0x00, 0x00, 0x00, 0x00, 0x00, 0x00,
    0x00, 0x00, 0x00, 0x00, 0x00, 0x00, 0x00, 0x00,
    0x00, 0x00, 0x00, 0x00, 0x00, 0x00, 0x00, 0x00,
    0x00, 0x00, 0x00, 0x00, 0x00, 0x00, 0x00, 0x00,
    0x00, 0x00, 0x00, 0x00, 0x00, 0x00, 0x00, 0x00,
    0x00, 0x00, 0x00, 0x00, 0x00, 0x00, 0x00, 0x00,
    0x00, 0x00, 0x00, 0x00, 0x00, 0x00, 0x00, 0x00,

    0x00, 0x00, 0x00, 0x00, 0x00, 0x00, 0x00, 0x00,
    0x00, 0x00, 0x00, 0x00, 0x00, 0x00, 0x00, 0x00,
    0x00, 0x00, 0x00, 0x00, 0x00, 0x00, 0x00, 0x00,
    0x00, 0x00, 0x00, 0x00, 0x00, 0x00, 0x00, 0x00,
    0x00, 0x00, 0x00, 0x00, 0x00, 0x00, 0x00, 0x00,
    0x00, 0x00, 0x00, 0x00, 0x00, 0x00, 0x00, 0x00,
    0x00, 0x00, 0x00, 0x00, 0x00, 0x00, 0x00, 0x00,
    0x00, 0x00, 0x00, 0x00, 0x00, 0x00, 0x00, 0x00,

    0x00, 0x00, 0x00, 0x00, 0x00, 0x00, 0x00, 0x00,
    0x00, 0x00, 0x00, 0x00, 0x00, 0x00, 0x00, 0x00,
    0x00, 0x00, 0x00, 0x00, 0x00, 0x00, 0x00, 0x00,
    0x00, 0x00, 0x00, 0x00, 0x00, 0x00, 0x00, 0x00,
    0x00, 0x00, 0x00, 0x00, 0x00, 0x00, 0x00, 0x00,
    0x00, 0x00, 0x00, 0x00, 0x00, 0x00, 0x00, 0x00,
    0x00, 0x00, 0x00, 0x00, 0x00, 0x00, 0x00, 0x00,
    0x00, 0x00, 0x00, 0x00, 0x00, 0x00, 0x00, 0x00,

    // Tile 152 (24,4)
    0x00, 0x00, 0x00, 0x00, 0x00, 0x00, 0x00, 0x00,
    0x00, 0x00, 0x00, 0x00, 0x00, 0x00, 0x00, 0x00,
    0x00, 0x00, 0x00, 0x00, 0x00, 0x00, 0x00, 0x00,
    0x00, 0x00, 0x00, 0x00, 0x00, 0x00, 0x00, 0x00,
    0x00, 0x00, 0x00, 0x00, 0x00, 0x00, 0x00, 0x00,
    0x00, 0x00, 0x00, 0x00, 0x00, 0x00, 0x00, 0x00,
    0x00, 0x00, 0x00, 0x00, 0x00, 0x00, 0x00, 0x00,
    0x00, 0x00, 0x00, 0x00, 0x00, 0x00, 0x00, 0x00,

    0x00, 0x00, 0x00, 0x00, 0x00, 0x00, 0x00, 0x00,
    0x00, 0x00, 0x00, 0x00, 0x00, 0x00, 0x00, 0x00,
    0x00, 0x00, 0x00, 0x00, 0x00, 0x00, 0x00, 0x00,
    0x00, 0x00, 0x00, 0x00, 0x00, 0x00, 0x00, 0x00,
    0x00, 0x00, 0x00, 0x00, 0x00, 0x00, 0x00, 0x00,
    0x00, 0x00, 0x00, 0x00, 0x00, 0x00, 0x00, 0x00,
    0x00, 0x00, 0x00, 0x00, 0x00, 0x00, 0x00, 0x00,
    0x00, 0x00, 0x00, 0x00, 0x00, 0x00, 0x00, 0x00,

    0x00, 0x00, 0x00, 0x00, 0x00, 0x00, 0x00, 0x00,
    0x00, 0x00, 0x00, 0x00, 0x00, 0x00, 0x00, 0x00,
    0x00, 0x00, 0x00, 0x00, 0x00, 0x00, 0x00, 0x00,
    0x00, 0x00, 0x00, 0x00, 0x00, 0x00, 0x00, 0x00,
    0x00, 0x00, 0x00, 0x00, 0x00, 0x00, 0x00, 0x00,
    0x00, 0x00, 0x00, 0x00, 0x00, 0x00, 0x00, 0x00,
    0x00, 0x00, 0x00, 0x00, 0x00, 0x00, 0x00, 0x00,
    0x00, 0x00, 0x00, 0x00, 0x00, 0x00, 0x00, 0x00,

    0x00, 0x00, 0x00, 0x00, 0x00, 0x00, 0x00, 0x00,
    0x00, 0x00, 0x00, 0x00, 0x00, 0x00, 0x00, 0x00,
    0x00, 0x00, 0x00, 0x00, 0x00, 0x00, 0x00, 0x00,
    0x00, 0x00, 0x00, 0x00, 0x00, 0x00, 0x00, 0x00,
    0x00, 0x00, 0x00, 0x00, 0x00, 0x00, 0x00, 0x00,
    0x00, 0x00, 0x00, 0x00, 0x00, 0x00, 0x00, 0x00,
    0x00, 0x00, 0x00, 0x00, 0x00, 0x00, 0x00, 0x00,
    0x00, 0x00, 0x00, 0x00, 0x00, 0x00, 0x00, 0x00,

    // Tile 156 (28,4)
    0x00, 0x00, 0x00, 0x00, 0x00, 0x00, 0x00, 0x00,
    0x00, 0x00, 0x00, 0x00, 0x00, 0x00, 0x00, 0x00,
    0x00, 0x00, 0x00, 0x00, 0x00, 0x00, 0x00, 0x00,
    0x00, 0x00, 0x00, 0x00, 0x00, 0x00, 0x00, 0x00,
    0x00, 0x00, 0x00, 0x00, 0x00, 0x00, 0x00, 0x00,
    0x00, 0x00, 0x00, 0x00, 0x00, 0x00, 0x00, 0x00,
    0x00, 0x00, 0x00, 0x00, 0x00, 0x00, 0x00, 0x00,
    0x00, 0x00, 0x00, 0x00, 0x00, 0x00, 0x00, 0x00,

    0x00, 0x00, 0x00, 0x00, 0x00, 0x00, 0x00, 0x00,
    0x00, 0x00, 0x00, 0x00, 0x00, 0x00, 0x00, 0x00,
    0x00, 0x00, 0x00, 0x00, 0x00, 0x00, 0x00, 0x00,
    0x00, 0x00, 0x00, 0x00, 0x00, 0x00, 0x00, 0x00,
    0x00, 0x00, 0x00, 0x00, 0x00, 0x00, 0x00, 0x00,
    0x00, 0x00, 0x00, 0x00, 0x00, 0x00, 0x00, 0x00,
    0x00, 0x00, 0x00, 0x00, 0x00, 0x00, 0x00, 0x00,
    0x00, 0x00, 0x00, 0x00, 0x00, 0x00, 0x00, 0x00,

    0x00, 0x00, 0x00, 0x00, 0x00, 0x00, 0x00, 0x00,
    0x00, 0x00, 0x00, 0x00, 0x00, 0x00, 0x00, 0x00,
    0x00, 0x00, 0x00, 0x00, 0x00, 0x00, 0x00, 0x00,
    0x00, 0x00, 0x00, 0x00, 0x00, 0x00, 0x00, 0x00,
    0x00, 0x00, 0x00, 0x00, 0x00, 0x00, 0x00, 0x00,
    0x00, 0x00, 0x00, 0x00, 0x00, 0x00, 0x00, 0x00,
    0x00, 0x00, 0x00, 0x00, 0x00, 0x00, 0x00, 0x00,
    0x00, 0x00, 0x00, 0x00, 0x00, 0x00, 0x00, 0x00,

    0x00, 0x00, 0x00, 0x00, 0x00, 0x00, 0x00, 0x00,
    0x00, 0x00, 0x00, 0x00, 0x00, 0x00, 0x00, 0x00,
    0x00, 0x00, 0x00, 0x00, 0x00, 0x00, 0x00, 0x00,
    0x00, 0x00, 0x00, 0x00, 0x00, 0x00, 0x00, 0x00,
    0x00, 0x00, 0x00, 0x00, 0x00, 0x00, 0x00, 0x00,
    0x00, 0x00, 0x00, 0x00, 0x00, 0x00, 0x00, 0x00,
    0x00, 0x00, 0x00, 0x00, 0x00, 0x00, 0x00, 0x00,
    0x00, 0x00, 0x00, 0x00, 0x00, 0x00, 0x00, 0x00,

    // Tile 160 (0,5)
    0x0A, 0x06, 0x0A, 0x00, 0x0A, 0x06, 0x06, 0x06,
    0x0A, 0x0A, 0x06, 0x06, 0x06, 0x06, 0x06, 0x06,
    0x06, 0x0A, 0x0A, 0x06, 0x0A, 0x00, 0x06, 0x06,
    0x00, 0x06, 0x0A, 0x00, 0x06, 0x06, 0x06, 0x00,
    0x00, 0x06, 0x0A, 0x06, 0x0A, 0x0A, 0x06, 0x06,
    0x00, 0x00, 0x06, 0x0A, 0x0A, 0x0A, 0x0A, 0x0A,
    0x00, 0x00, 0x00, 0x06, 0x06, 0x06, 0x0A, 0x0A,
    0x00, 0x00, 0x00, 0x00, 0x00, 0x06, 0x06, 0x06,

    0x06, 0x06, 0x06, 0x06, 0x00, 0x06, 0x06, 0x06,
    0x06, 0x00, 0x06, 0x06, 0x06, 0x06, 0x06, 0x00,
    0x06, 0x06, 0x06, 0x00, 0x06, 0x00, 0x06, 0x00,
    0x06, 0x06, 0x00, 0x06, 0x06, 0x06, 0x06, 0x00,
    0x06, 0x06, 0x06, 0x06, 0x06, 0x00, 0x06, 0x00,
    0x06, 0x00, 0x06, 0x06, 0x00, 0x06, 0x00, 0x00,
    0x06, 0x06, 0x00, 0x06, 0x06, 0x00, 0x00, 0x00,
    0x06, 0x00, 0x06, 0x00, 0x00, 0x00, 0x00, 0x00,

    0x06, 0x06, 0x06, 0x00, 0x06, 0x06, 0x06, 0x06,
    0x00, 0x06, 0x06, 0x06, 0x06, 0x06, 0x00, 0x06,
    0x00, 0x06, 0x00, 0x06, 0x00, 0x06, 0x06, 0x06,
    0x00, 0x06, 0x06, 0x06, 0x06, 0x00, 0x06, 0x06,
    0x00, 0x06, 0x00, 0x06, 0x06, 0x06, 0x06, 0x06,
    0x00, 0x00, 0x06, 0x00, 0x06, 0x06, 0x00, 0x06,
    0x00, 0x00, 0x00, 0x06, 0x06, 0x00, 0x06, 0x06,
    0x00, 0x00, 0x00, 0x00, 0x00, 0x06, 0x00, 0x06,

    0x06, 0x06, 0x06, 0x0A, 0x00, 0x0A, 0x06, 0x0A,
    0x06, 0x06, 0x06, 0x06, 0x06, 0x06, 0x0A, 0x0A,
    0x06, 0x06, 0x00, 0x0A, 0x06, 0x0A, 0x0A, 0x06,
    0x00, 0x06, 0x06, 0x06, 0x00, 0x0A, 0x06, 0x00,
    0x06, 0x06, 0x0A, 0x0A, 0x06, 0x0A, 0x06, 0x00,
    0x0A, 0x0A, 0x0A, 0x0A, 0x0A, 0x06, 0x00, 0x00,
    0x0A, 0x0A, 0x06, 0x06, 0x06, 0x00, 0x00, 0x00,
    0x06, 0x06, 0x06, 0x00, 0x00, 0x00, 0x00, 0x00,

    // Tile 164 (4,5)
    0x06, 0x06, 0x06, 0x00, 0x06, 0x06, 0x06, 0x06,
    0x06, 0x06, 0x00, 0x06, 0x06, 0x06, 0x06, 0x06,
    0x06, 0x06, 0x06, 0x00, 0x06, 0x06, 0x06, 0x06,
    0x06, 0x0A, 0x06, 0x06, 0x06, 0x00, 0x06, 0x0A,
    0x06, 0x06, 0x0A, 0x0A, 0x0A, 0x06, 0x06, 0x06,
    0x00, 0x06, 0x06, 0x0A, 0x00, 0x0A, 0x0A, 0x06,
    0x00, 0x00, 0x00, 0x06, 0x0A, 0x0A, 0x00, 0x0A,
    0x00, 0x00, 0x00, 0x00, 0x06, 0x06, 0x0A, 0x0A,

    0x06, 0x06, 0x06, 0x0A, 0x00, 0x0A, 0x06, 0x0A,
    0x06, 0x0A, 0x0A, 0x0A, 0x0A, 0x0A, 0x0A, 0x06,
    0x0A, 0x0A, 0x0A, 0x0F, 0x0F, 0x0A, 0x0A, 0x00,
    0x0A, 0x0A, 0x0F, 0x0F, 0x0F, 0x0A, 0x0A, 0x00,
    0x0A, 0x0A, 0x0F, 0x0F, 0x0A, 0x0A, 0x00, 0x00,
    0x06, 0x0A, 0x0A, 0x0A, 0x0A, 0x00, 0x00, 0x00,
    0x0A, 0x06, 0x0A, 0x00, 0x00, 0x00, 0x00, 0x00,
    0x0A, 0x00, 0x00, 0x00, 0x00, 0x00, 0x00, 0x00,

    0x0A, 0x06, 0x0A, 0x00, 0x0A, 0x06, 0x06, 0x06,
    0x06, 0x0A, 0x0A, 0x0A, 0x0A, 0x0A, 0x0A, 0x06,
    0x00, 0x0A, 0x0A, 0x0F, 0x0F, 0x0A, 0x0A, 0x0A,
    0x00, 0x0A, 0x0A, 0x0F, 0x0F, 0x0F, 0x0A, 0x0A,
    0x00, 0x00, 0x0A, 0x0A, 0x0F, 0x0F, 0x0A, 0x0A,
    0x00, 0x00, 0x00, 0x0A, 0x0A, 0x0A, 0x0A, 0x06,
    0x00, 0x00, 0x00, 0x00, 0x00, 0x0A, 0x06, 0x0A,
    0x00, 0x00, 0x00, 0x00, 0x00, 0x00, 0x00, 0x0A,

    0x06, 0x06, 0x06, 0x06, 0x00, 0x06, 0x06, 0x06,
    0x06, 0x06, 0x06, 0x06, 0x06, 0x00, 0x06, 0x06,
    0x06, 0x06, 0x06, 0x06, 0x00, 0x06, 0x06, 0x06,
    0x0A, 0x06, 0x00, 0x06, 0x06, 0x06, 0x0A, 0x06,
    0x06, 0x06, 0x06, 0x0A, 0x0A, 0x0A, 0x06, 0x06,
    0x06, 0x0A, 0x0A, 0x00, 0x0A, 0x06, 0x06, 0x00,
    0x0A, 0x00, 0x0A, 0x0A, 0x06, 0x00, 0x00, 0x00,
    0x0A, 0x0A, 0x06, 0x06, 0x00, 0x00, 0x00, 0x00,

    // Tile 168 (8,5)
    0x00, 0x0A, 0x00, 0x00, 0x06, 0x00, 0x00, 0x00,
    0x00, 0x00, 0x00, 0x00, 0x06, 0x0A, 0x00, 0x00,
    0x00, 0x00, 0x00, 0x00, 0x00, 0x00, 0x00, 0x0A,
    0x00, 0x00, 0x00, 0x00, 0x06, 0x06, 0x00, 0x00,
    0x00, 0x00, 0x00, 0x0A, 0x06, 0x06, 0x0A, 0x00,
    0x00, 0x00, 0x00, 0x00, 0x00, 0x06, 0x00, 0x0A,
    0x00, 0x00, 0x00, 0x00, 0x0A, 0x00, 0x00, 0x00,
    0x00, 0x00, 0x00, 0x00, 0x00, 0x00, 0x00, 0x06,

    0x00, 0x00, 0x00, 0x00, 0x00, 0x06, 0x00, 0x00,
    0x00, 0x0A, 0x0A, 0x00, 0x00, 0x06, 0x0A, 0x00,
    0x06, 0x00, 0x00, 0x00, 0x06, 0x00, 0x0A, 0x00,
    0x0A, 0x06, 0x00, 0x06, 0x06, 0x0A, 0x00, 0x00,
    0x0A, 0x06, 0x06, 0x06, 0x0A, 0x0A, 0x00, 0x00,
    0x0A, 0x00, 0x00, 0x06, 0x0A, 0x00, 0x00, 0x00,
    0x00, 0x0A, 0x00, 0x06, 0x00, 0x00, 0x00, 0x00,
    0x00, 0x0A, 0x00, 0x00, 0x00, 0x00, 0x00, 0x00,

    0x00, 0x0A, 0x00, 0x06, 0x00, 0x00, 0x00, 0x00,
    0x00, 0x00, 0x00, 0x00, 0x00, 0x00, 0x00, 0x00,
    0x00, 0x00, 0x00, 0x00, 0x00, 0x00, 0x06, 0x00,
    0x00, 0x00, 0x06, 0x00, 0x0A, 0x00, 0x00, 0x00,
    0x00, 0x00, 0x00, 0x00, 0x00, 0x00, 0x06, 0x00,
    0x00, 0x00, 0x00, 0x00, 0x00, 0x00, 0x00, 0x00,
    0x00, 0x00, 0x00, 0x00, 0x0A, 0x00, 0x00, 0x00,
    0x00, 0x00, 0x00, 0x00, 0x00, 0x00, 0x00, 0x0A,

    0x00, 0x00, 0x0A, 0x00, 0x00, 0x00, 0x00, 0x00,
    0x00, 0x00, 0x00, 0x00, 0x00, 0x00, 0x00, 0x00,
    0x00, 0x00, 0x00, 0x00, 0x0A, 0x00, 0x0A, 0x00,
    0x00, 0x00, 0x00, 0x00, 0x00, 0x00, 0x00, 0x00,
    0x00, 0x06, 0x00, 0x00, 0x00, 0x00, 0x00, 0x00,
    0x00, 0x00, 0x00, 0x00, 0x0A, 0x00, 0x00, 0x00,
    0x00, 0x00, 0x06, 0x00, 0x00, 0x00, 0x00, 0x00,
    0x00, 0x00, 0x00, 0x00, 0x00, 0x00, 0x00, 0x00,

    // Tile 172 (12,5)
    0x00, 0x00, 0x00, 0x00, 0x00, 0x00, 0x00, 0x00,
    0x00, 0x00, 0x00, 0x00, 0x00, 0x00, 0x00, 0x00,
    0x00, 0x00, 0x00, 0x00, 0x00, 0x00, 0x00, 0x00,
    0x00, 0x00, 0x00, 0x00, 0x00, 0x00, 0x00, 0x00,
    0x00, 0x00, 0x00, 0x00, 0x00, 0x00, 0x00, 0x00,
    0x00, 0x00, 0x00, 0x00, 0x00, 0x00, 0x00, 0x00,
    0x00, 0x00, 0x00, 0x00, 0x00, 0x00, 0x00, 0x00,
    0x00, 0x00, 0x00, 0x00, 0x00, 0x00, 0x00, 0x00,

    0x00, 0x00, 0x00, 0x00, 0x00, 0x00, 0x00, 0x00,
    0x00, 0x00, 0x00, 0x00, 0x00, 0x00, 0x00, 0x00,
    0x00, 0x00, 0x00, 0x00, 0x00, 0x00, 0x00, 0x00,
    0x00, 0x00, 0x00, 0x00, 0x00, 0x00, 0x00, 0x00,
    0x00, 0x00, 0x00, 0x00, 0x00, 0x00, 0x00, 0x00,
    0x00, 0x00, 0x00, 0x00, 0x00, 0x00, 0x00, 0x00,
    0x00, 0x00, 0x00, 0x00, 0x00, 0x00, 0x00, 0x00,
    0x00, 0x00, 0x00, 0x00, 0x00, 0x00, 0x00, 0x00,

    0x00, 0x00, 0x00, 0x00, 0x00, 0x00, 0x00, 0x00,
    0x00, 0x00, 0x00, 0x00, 0x00, 0x00, 0x00, 0x00,
    0x00, 0x00, 0x00, 0x00, 0x00, 0x00, 0x00, 0x00,
    0x00, 0x00, 0x00, 0x00, 0x00, 0x00, 0x00, 0x00,
    0x00, 0x00, 0x00, 0x00, 0x00, 0x00, 0x00, 0x00,
    0x00, 0x00, 0x00, 0x00, 0x00, 0x00, 0x00, 0x00,
    0x00, 0x00, 0x00, 0x00, 0x00, 0x00, 0x00, 0x00,
    0x00, 0x00, 0x00, 0x00, 0x00, 0x00, 0x00, 0x00,

    0x00, 0x00, 0x00, 0x00, 0x00, 0x00, 0x00, 0x00,
    0x00, 0x00, 0x00, 0x00, 0x00, 0x00, 0x00, 0x00,
    0x00, 0x00, 0x00, 0x00, 0x00, 0x00, 0x00, 0x00,
    0x00, 0x00, 0x00, 0x00, 0x00, 0x00, 0x00, 0x00,
    0x00, 0x00, 0x00, 0x00, 0x00, 0x00, 0x00, 0x00,
    0x00, 0x00, 0x00, 0x00, 0x00, 0x00, 0x00, 0x00,
    0x00, 0x00, 0x00, 0x00, 0x00, 0x00, 0x00, 0x00,
    0x00, 0x00, 0x00, 0x00, 0x00, 0x00, 0x00, 0x00,

    // Tile 176 (16,5)
    0x00, 0x00, 0x00, 0x00, 0x00, 0x00, 0x00, 0x00,
    0x00, 0x00, 0x00, 0x00, 0x00, 0x00, 0x00, 0x00,
    0x00, 0x00, 0x00, 0x00, 0x00, 0x00, 0x00, 0x00,
    0x00, 0x00, 0x00, 0x00, 0x00, 0x00, 0x00, 0x00,
    0x00, 0x00, 0x00, 0x00, 0x00, 0x00, 0x00, 0x00,
    0x00, 0x00, 0x00, 0x00, 0x00, 0x00, 0x00, 0x00,
    0x00, 0x00, 0x00, 0x00, 0x00, 0x00, 0x00, 0x00,
    0x00, 0x00, 0x00, 0x00, 0x00, 0x00, 0x00, 0x00,

    0x00, 0x00, 0x00, 0x00, 0x00, 0x00, 0x00, 0x00,
    0x00, 0x00, 0x00, 0x00, 0x00, 0x00, 0x00, 0x00,
    0x00, 0x00, 0x00, 0x00, 0x00, 0x00, 0x00, 0x00,
    0x00, 0x00, 0x00, 0x00, 0x00, 0x00, 0x00, 0x00,
    0x00, 0x00, 0x00, 0x00, 0x00, 0x00, 0x00, 0x00,
    0x00, 0x00, 0x00, 0x00, 0x00, 0x00, 0x00, 0x00,
    0x00, 0x00, 0x00, 0x00, 0x00, 0x00, 0x00, 0x00,
    0x00, 0x00, 0x00, 0x00, 0x00, 0x00, 0x00, 0x00,

    0x00, 0x00, 0x00, 0x00, 0x00, 0x00, 0x00, 0x00,
    0x00, 0x00, 0x00, 0x00, 0x00, 0x00, 0x00, 0x00,
    0x00, 0x00, 0x00, 0x00, 0x00, 0x00, 0x00, 0x00,
    0x00, 0x00, 0x00, 0x00, 0x00, 0x00, 0x00, 0x00,
    0x00, 0x00, 0x00, 0x00, 0x00, 0x00, 0x00, 0x00,
    0x00, 0x00, 0x00, 0x00, 0x00, 0x00, 0x00, 0x00,
    0x00, 0x00, 0x00, 0x00, 0x00, 0x00, 0x00, 0x00,
    0x00, 0x00, 0x00, 0x00, 0x00, 0x00, 0x00, 0x00,

    0x00, 0x00, 0x00, 0x00, 0x00, 0x00, 0x00, 0x00,
    0x00, 0x00, 0x00, 0x00, 0x00, 0x00, 0x00, 0x00,
    0x00, 0x00, 0x00, 0x00, 0x00, 0x00, 0x00, 0x00,
    0x00, 0x00, 0x00, 0x00, 0x00, 0x00, 0x00, 0x00,
    0x00, 0x00, 0x00, 0x00, 0x00, 0x00, 0x00, 0x00,
    0x00, 0x00, 0x00, 0x00, 0x00, 0x00, 0x00, 0x00,
    0x00, 0x00, 0x00, 0x00, 0x00, 0x00, 0x00, 0x00,
    0x00, 0x00, 0x00, 0x00, 0x00, 0x00, 0x00, 0x00,

    // Tile 180 (20,5)
    0x00, 0x00, 0x00, 0x00, 0x00, 0x00, 0x00, 0x00,
    0x00, 0x00, 0x00, 0x00, 0x00, 0x00, 0x00, 0x00,
    0x00, 0x00, 0x00, 0x00, 0x00, 0x00, 0x00, 0x00,
    0x00, 0x00, 0x00, 0x00, 0x00, 0x00, 0x00, 0x00,
    0x00, 0x00, 0x00, 0x00, 0x00, 0x00, 0x00, 0x00,
    0x00, 0x00, 0x00, 0x00, 0x00, 0x00, 0x00, 0x00,
    0x00, 0x00, 0x00, 0x00, 0x00, 0x00, 0x00, 0x00,
    0x00, 0x00, 0x00, 0x00, 0x00, 0x00, 0x00, 0x00,

    0x00, 0x00, 0x00, 0x00, 0x00, 0x00, 0x00, 0x00,
    0x00, 0x00, 0x00, 0x00, 0x00, 0x00, 0x00, 0x00,
    0x00, 0x00, 0x00, 0x00, 0x00, 0x00, 0x00, 0x00,
    0x00, 0x00, 0x00, 0x00, 0x00, 0x00, 0x00, 0x00,
    0x00, 0x00, 0x00, 0x00, 0x00, 0x00, 0x00, 0x00,
    0x00, 0x00, 0x00, 0x00, 0x00, 0x00, 0x00, 0x00,
    0x00, 0x00, 0x00, 0x00, 0x00, 0x00, 0x00, 0x00,
    0x00, 0x00, 0x00, 0x00, 0x00, 0x00, 0x00, 0x00,

    0x00, 0x00, 0x00, 0x00, 0x00, 0x00, 0x00, 0x00,
    0x00, 0x00, 0x00, 0x00, 0x00, 0x00, 0x00, 0x00,
    0x00, 0x00, 0x00, 0x00, 0x00, 0x00, 0x00, 0x00,
    0x00, 0x00, 0x00, 0x00, 0x00, 0x00, 0x00, 0x00,
    0x00, 0x00, 0x00, 0x00, 0x00, 0x00, 0x00, 0x00,
    0x00, 0x00, 0x00, 0x00, 0x00, 0x00, 0x00, 0x00,
    0x00, 0x00, 0x00, 0x00, 0x00, 0x00, 0x00, 0x00,
    0x00, 0x00, 0x00, 0x00, 0x00, 0x00, 0x00, 0x00,

    0x00, 0x00, 0x00, 0x00, 0x00, 0x00, 0x00, 0x00,
    0x00, 0x00, 0x00, 0x00, 0x00, 0x00, 0x00, 0x00,
    0x00, 0x00, 0x00, 0x00, 0x00, 0x00, 0x00, 0x00,
    0x00, 0x00, 0x00, 0x00, 0x00, 0x00, 0x00, 0x00,
    0x00, 0x00, 0x00, 0x00, 0x00, 0x00, 0x00, 0x00,
    0x00, 0x00, 0x00, 0x00, 0x00, 0x00, 0x00, 0x00,
    0x00, 0x00, 0x00, 0x00, 0x00, 0x00, 0x00, 0x00,
    0x00, 0x00, 0x00, 0x00, 0x00, 0x00, 0x00, 0x00,

    // Tile 184 (24,5)
    0x00, 0x00, 0x00, 0x00, 0x00, 0x00, 0x00, 0x00,
    0x00, 0x00, 0x00, 0x00, 0x00, 0x00, 0x00, 0x00,
    0x00, 0x00, 0x00, 0x00, 0x00, 0x00, 0x00, 0x00,
    0x00, 0x00, 0x00, 0x00, 0x00, 0x00, 0x00, 0x00,
    0x00, 0x00, 0x00, 0x00, 0x00, 0x00, 0x00, 0x00,
    0x00, 0x00, 0x00, 0x00, 0x00, 0x00, 0x00, 0x00,
    0x00, 0x00, 0x00, 0x00, 0x00, 0x00, 0x00, 0x00,
    0x00, 0x00, 0x00, 0x00, 0x00, 0x00, 0x00, 0x00,

    0x00, 0x00, 0x00, 0x00, 0x00, 0x00, 0x00, 0x00,
    0x00, 0x00, 0x00, 0x00, 0x00, 0x00, 0x00, 0x00,
    0x00, 0x00, 0x00, 0x00, 0x00, 0x00, 0x00, 0x00,
    0x00, 0x00, 0x00, 0x00, 0x00, 0x00, 0x00, 0x00,
    0x00, 0x00, 0x00, 0x00, 0x00, 0x00, 0x00, 0x00,
    0x00, 0x00, 0x00, 0x00, 0x00, 0x00, 0x00, 0x00,
    0x00, 0x00, 0x00, 0x00, 0x00, 0x00, 0x00, 0x00,
    0x00, 0x00, 0x00, 0x00, 0x00, 0x00, 0x00, 0x00,

    0x00, 0x00, 0x00, 0x00, 0x00, 0x00, 0x00, 0x00,
    0x00, 0x00, 0x00, 0x00, 0x00, 0x00, 0x00, 0x00,
    0x00, 0x00, 0x00, 0x00, 0x00, 0x00, 0x00, 0x00,
    0x00, 0x00, 0x00, 0x00, 0x00, 0x00, 0x00, 0x00,
    0x00, 0x00, 0x00, 0x00, 0x00, 0x00, 0x00, 0x00,
    0x00, 0x00, 0x00, 0x00, 0x00, 0x00, 0x00, 0x00,
    0x00, 0x00, 0x00, 0x00, 0x00, 0x00, 0x00, 0x00,
    0x00, 0x00, 0x00, 0x00, 0x00, 0x00, 0x00, 0x00,

    0x00, 0x00, 0x00, 0x00, 0x00, 0x00, 0x00, 0x00,
    0x00, 0x00, 0x00, 0x00, 0x00, 0x00, 0x00, 0x00,
    0x00, 0x00, 0x00, 0x00, 0x00, 0x00, 0x00, 0x00,
    0x00, 0x00, 0x00, 0x00, 0x00, 0x00, 0x00, 0x00,
    0x00, 0x00, 0x00, 0x00, 0x00, 0x00, 0x00, 0x00,
    0x00, 0x00, 0x00, 0x00, 0x00, 0x00, 0x00, 0x00,
    0x00, 0x00, 0x00, 0x00, 0x00, 0x00, 0x00, 0x00,
    0x00, 0x00, 0x00, 0x00, 0x00, 0x00, 0x00, 0x00,

    // Tile 188 (28,5)
    0x00, 0x00, 0x00, 0x00, 0x00, 0x00, 0x00, 0x00,
    0x00, 0x00, 0x00, 0x00, 0x00, 0x00, 0x00, 0x00,
    0x00, 0x00, 0x00, 0x00, 0x00, 0x00, 0x00, 0x00,
    0x00, 0x00, 0x00, 0x00, 0x00, 0x00, 0x00, 0x00,
    0x00, 0x00, 0x00, 0x00, 0x00, 0x00, 0x00, 0x00,
    0x00, 0x00, 0x00, 0x00, 0x00, 0x00, 0x00, 0x00,
    0x00, 0x00, 0x00, 0x00, 0x00, 0x00, 0x00, 0x00,
    0x00, 0x00, 0x00, 0x00, 0x00, 0x00, 0x00, 0x00,

    0x00, 0x00, 0x00, 0x00, 0x00, 0x00, 0x00, 0x00,
    0x00, 0x00, 0x00, 0x00, 0x00, 0x00, 0x00, 0x00,
    0x00, 0x00, 0x00, 0x00, 0x00, 0x00, 0x00, 0x00,
    0x00, 0x00, 0x00, 0x00, 0x00, 0x00, 0x00, 0x00,
    0x00, 0x00, 0x00, 0x00, 0x00, 0x00, 0x00, 0x00,
    0x00, 0x00, 0x00, 0x00, 0x00, 0x00, 0x00, 0x00,
    0x00, 0x00, 0x00, 0x00, 0x00, 0x00, 0x00, 0x00,
    0x00, 0x00, 0x00, 0x00, 0x00, 0x00, 0x00, 0x00,

    0x00, 0x00, 0x00, 0x00, 0x00, 0x00, 0x00, 0x00,
    0x00, 0x00, 0x00, 0x00, 0x00, 0x00, 0x00, 0x00,
    0x00, 0x00, 0x00, 0x00, 0x00, 0x00, 0x00, 0x00,
    0x00, 0x00, 0x00, 0x00, 0x00, 0x00, 0x00, 0x00,
    0x00, 0x00, 0x00, 0x00, 0x00, 0x00, 0x00, 0x00,
    0x00, 0x00, 0x00, 0x00, 0x00, 0x00, 0x00, 0x00,
    0x00, 0x00, 0x00, 0x00, 0x00, 0x00, 0x00, 0x00,
    0x00, 0x00, 0x00, 0x00, 0x00, 0x00, 0x00, 0x00,

    0x00, 0x00, 0x00, 0x00, 0x00, 0x00, 0x00, 0x00,
    0x00, 0x00, 0x00, 0x00, 0x00, 0x00, 0x00, 0x00,
    0x00, 0x00, 0x00, 0x00, 0x00, 0x00, 0x00, 0x00,
    0x00, 0x00, 0x00, 0x00, 0x00, 0x00, 0x00, 0x00,
    0x00, 0x00, 0x00, 0x00, 0x00, 0x00, 0x00, 0x00,
    0x00, 0x00, 0x00, 0x00, 0x00, 0x00, 0x00, 0x00,
    0x00, 0x00, 0x00, 0x00, 0x00, 0x00, 0x00, 0x00,
    0x00, 0x00, 0x00, 0x00, 0x00, 0x00, 0x00, 0x00,

    // Tile 192 (0,6)
    0x00, 0x00, 0x00, 0x00, 0x00, 0x00, 0x00, 0x00,
    0x00, 0x00, 0x00, 0x00, 0x0B, 0x0B, 0x0B, 0x0B,
    0x00, 0x00, 0x0B, 0x0B, 0x0B, 0x0F, 0x0F, 0x0B,
    0x00, 0x0B, 0x0B, 0x0F, 0x0F, 0x0B, 0x0B, 0x0B,
    0x00, 0x0B, 0x0F, 0x0B, 0x0B, 0x0B, 0x0B, 0x0B,
    0x0B, 0x0B, 0x0F, 0x0B, 0x0B, 0x0B, 0x0B, 0x0A,
    0x0B, 0x0B, 0x0B, 0x0B, 0x0B, 0x0B, 0x0B, 0x0A,
    0x0B, 0x0B, 0x0B, 0x0B, 0x0B, 0x0B, 0x0B, 0x0B,

    0x00, 0x00, 0x00, 0x00, 0x00, 0x00, 0x00, 0x00,
    0x00, 0x00, 0x00, 0x00, 0x00, 0x00, 0x00, 0x00,
    0x0B, 0x0B, 0x00, 0x00, 0x00, 0x00, 0x00, 0x00,
    0x0B, 0x0B, 0x0B, 0x00, 0x00, 0x00, 0x00, 0x00,
    0x0A, 0x0A, 0x0B, 0x0B, 0x00, 0x00, 0x00, 0x00,
    0x0F, 0x0A, 0x0A, 0x0B, 0x0B, 0x00, 0x00, 0x00,
    0x0F, 0x0A, 0x0A, 0x0B, 0x0B, 0x00, 0x00, 0x00,
    0x0A, 0x0A, 0x0B, 0x0B, 0x0B, 0x00, 0x00, 0x00,

    0x00, 0x00, 0x00, 0x00, 0x00, 0x00, 0x00, 0x00,
    0x00, 0x00, 0x00, 0x00, 0x0B, 0x0B, 0x0B, 0x0B,
    0x00, 0x00, 0x0B, 0x0B, 0x0B, 0x0F, 0x0F, 0x0B,
    0x00, 0x0B, 0x0B, 0x0F, 0x0F, 0x0B, 0x0B, 0x0B,
    0x00, 0x0B, 0x0F, 0x0B, 0x0B, 0x0B, 0x0B, 0x0B,
    0x0B, 0x0B, 0x0F, 0x0B, 0x0B, 0x0B, 0x0B, 0x0B,
    0x0B, 0x0B, 0x0B, 0x0B, 0x0B, 0x0B, 0x0B, 0x0B,
    0x0B, 0x0B, 0x0B, 0x0B, 0x0B, 0x0B, 0x0B, 0x0B,

    0x00, 0x00, 0x00, 0x00, 0x00, 0x00, 0x00, 0x00,
    0x00, 0x00, 0x00, 0x00, 0x00, 0x00, 0x00, 0x00,
    0x0B, 0x0B, 0x00, 0x00, 0x00, 0x00, 0x00, 0x00,
    0x0B, 0x0B, 0x0B, 0x00, 0x00, 0x00, 0x00, 0x00,
    0x0A, 0x0A, 0x0B, 0x0B, 0x00, 0x00, 0x00, 0x00,
    0x0F, 0x0A, 0x0A, 0x0B, 0x0B, 0x00, 0x00, 0x00,
    0x0F, 0x0A, 0x0A, 0x0B, 0x0B, 0x00, 0x00, 0x00,
    0x0A, 0x0A, 0x0B, 0x0B, 0x0B, 0x00, 0x00, 0x00,

    // Tile 196 (4,6)
    0x00, 0x00, 0x00, 0x00, 0x00, 0x00, 0x00, 0x00,
    0x00, 0x00, 0x00, 0x00, 0x0A, 0x0A, 0x0A, 0x0A,
    0x00, 0x00, 0x0A, 0x0A, 0x0A, 0x0F, 0x0F, 0x0A,
    0x00, 0x0A, 0x0A, 0x0F, 0x0F, 0x0A, 0x0A, 0x0A,
    0x00, 0x0A, 0x0F, 0x0A, 0x0A, 0x0A, 0x0A, 0x0A,
    0x0A, 0x0A, 0x0F, 0x0A, 0x0A, 0x0A, 0x0A, 0x06,
    0x0A, 0x0A, 0x0A, 0x0A, 0x0A, 0x0A, 0x0A, 0x06,
    0x0A, 0x0A, 0x0A, 0x0A, 0x0A, 0x0A, 0x0A, 0x0A,

    0x00, 0x00, 0x00, 0x00, 0x00, 0x00, 0x00, 0x00,
    0x00, 0x00, 0x00, 0x00, 0x00, 0x00, 0x00, 0x00,
    0x0A, 0x0A, 0x00, 0x00, 0x00, 0x00, 0x00, 0x00,
    0x0A, 0x0A, 0x0A, 0x00, 0x00, 0x00, 0x00, 0x00,
    0x06, 0x06, 0x0A, 0x0A, 0x00, 0x00, 0x00, 0x00,
    0x0F, 0x06, 0x06, 0x0A, 0x0A, 0x00, 0x00, 0x00,
    0x0F, 0x06, 0x06, 0x0A, 0x0A, 0x00, 0x00, 0x00,
    0x06, 0x06, 0x0A, 0x0A, 0x0A, 0x00, 0x00, 0x00,

    0x00, 0x00, 0x00, 0x00, 0x00, 0x00, 0x00, 0x00,
    0x00, 0x00, 0x00, 0x00, 0x0A, 0x0A, 0x0A, 0x0A,
    0x00, 0x00, 0x0A, 0x0A, 0x0A, 0x0F, 0x0F, 0x0A,
    0x00, 0x0A, 0x0A, 0x0F, 0x0F, 0x0A, 0x0A, 0x0A,
    0x00, 0x0A, 0x0F, 0x0A, 0x0A, 0x0A, 0x0A, 0x0A,
    0x0A, 0x0A, 0x0F, 0x0A, 0x0A, 0x0A, 0x0A, 0x0A,
    0x0A, 0x0A, 0x0A, 0x0A, 0x0A, 0x0A, 0x0A, 0x0A,
    0x0A, 0x0A, 0x0A, 0x0A, 0x0A, 0x0A, 0x0A, 0x0A,

    0x00, 0x00, 0x00, 0x00, 0x00, 0x00, 0x00, 0x00,
    0x00, 0x00, 0x00, 0x00, 0x00, 0x00, 0x00, 0x00,
    0x0A, 0x0A, 0x00, 0x00, 0x00, 0x00, 0x00, 0x00,
    0x0A, 0x0A, 0x0A, 0x00, 0x00, 0x00, 0x00, 0x00,
    0x06, 0x06, 0x0A, 0x0A, 0x00, 0x00, 0x00, 0x00,
    0x0F, 0x06, 0x06, 0x0A, 0x0A, 0x00, 0x00, 0x00,
    0x0F, 0x06, 0x06, 0x0A, 0x0A, 0x00, 0x00, 0x00,
    0x06, 0x06, 0x0A, 0x0A, 0x0A, 0x00, 0x00, 0x00,

    // Tile 200 (8,6)
    0x00, 0x00, 0x00, 0x00, 0x00, 0x00, 0x00, 0x00,
    0x00, 0x00, 0x00, 0x00, 0x06, 0x06, 0x06, 0x06,
    0x00, 0x00, 0x06, 0x06, 0x06, 0x0D, 0x0D, 0x06,
    0x00, 0x06, 0x06, 0x0D, 0x0D, 0x06, 0x06, 0x06,
    0x00, 0x06, 0x0D, 0x06, 0x06, 0x06, 0x06, 0x06,
    0x06, 0x06, 0x0D, 0x06, 0x06, 0x06, 0x06, 0x0B,
    0x06, 0x06, 0x06, 0x06, 0x06, 0x06, 0x06, 0x0B,
    0x06, 0x06, 0x06, 0x06, 0x06, 0x06, 0x06, 0x06,

    0x00, 0x00, 0x00, 0x00, 0x00, 0x00, 0x00, 0x00,
    0x00, 0x00, 0x00, 0x00, 0x00, 0x00, 0x00, 0x00,
    0x06, 0x06, 0x00, 0x00, 0x00, 0x00, 0x00, 0x00,
    0x06, 0x06, 0x06, 0x00, 0x00, 0x00, 0x00, 0x00,
    0x0B, 0x0B, 0x06, 0x06, 0x00, 0x00, 0x00, 0x00,
    0x0D, 0x0B, 0x0B, 0x06, 0x06, 0x00, 0x00, 0x00,
    0x0D, 0x0B, 0x0B, 0x06, 0x06, 0x00, 0x00, 0x00,
    0x0B, 0x0B, 0x06, 0x06, 0x06, 0x00, 0x00, 0x00,

    0x00, 0x00, 0x00, 0x00, 0x00, 0x00, 0x00, 0x00,
    0x00, 0x00, 0x00, 0x00, 0x06, 0x06, 0x06, 0x06,
    0x00, 0x00, 0x06, 0x06, 0x06, 0x0D, 0x0D, 0x06,
    0x00, 0x06, 0x06, 0x0D, 0x0D, 0x06, 0x06, 0x06,
    0x00, 0x06, 0x0D, 0x06, 0x06, 0x06, 0x06, 0x06,
    0x06, 0x06, 0x0D, 0x06, 0x06, 0x06, 0x06, 0x06,
    0x06, 0x06, 0x06, 0x06, 0x06, 0x06, 0x06, 0x06,
    0x06, 0x06, 0x06, 0x06, 0x06, 0x06, 0x06, 0x06,

    0x00, 0x00, 0x00, 0x00, 0x00, 0x00, 0x00, 0x00,
    0x00, 0x00, 0x00, 0x00, 0x00, 0x00, 0x00, 0x00,
    0x06, 0x06, 0x00, 0x00, 0x00, 0x00, 0x00, 0x00,
    0x06, 0x06, 0x06, 0x00, 0x00, 0x00, 0x00, 0x00,
    0x0B, 0x0B, 0x06, 0x06, 0x00, 0x00, 0x00, 0x00,
    0x0D, 0x0B, 0x0B, 0x06, 0x06, 0x00, 0x00, 0x00,
    0x0D, 0x0B, 0x0B, 0x06, 0x06, 0x00, 0x00, 0x00,
    0x0B, 0x0B, 0x06, 0x06, 0x06, 0x00, 0x00, 0x00,

    // Tile 204 (12,6)
    0x00, 0x00, 0x00, 0x00, 0x00, 0x07, 0x07, 0x07,
    0x00, 0x00, 0x00, 0x07, 0x07, 0x07, 0x07, 0x07,
    0x00, 0x00, 0x07, 0x07, 0x07, 0x07, 0x00, 0x00,
    0x00, 0x00, 0x07, 0x07, 0x00, 0x00, 0x0A, 0x0A,
    0x00, 0x07, 0x07, 0x00, 0x0A, 0x0A, 0x0A, 0x0A,
    0x00, 0x07, 0x07, 0x00, 0x0A, 0x0A, 0x0A, 0x0A,
    0x07, 0x07, 0x00, 0x0A, 0x07, 0x0A, 0x0A, 0x0A,
    0x07, 0x07, 0x00, 0x07, 0x0F, 0x07, 0x0A, 0x0A,

    0x07, 0x00, 0x00, 0x00, 0x00, 0x00, 0x00, 0x00,
    0x07, 0x07, 0x07, 0x00, 0x00, 0x00, 0x00, 0x00,
    0x00, 0x00, 0x07, 0x07, 0x00, 0x00, 0x00, 0x00,
    0x0A, 0x00, 0x00, 0x07, 0x00, 0x00, 0x00, 0x00,
    0x0A, 0x0A, 0x00, 0x07, 0x07, 0x00, 0x00, 0x00,
    0x0A, 0x0A, 0x0A, 0x00, 0x07, 0x00, 0x00, 0x00,
    0x0A, 0x0A, 0x00, 0x00, 0x07, 0x07, 0x00, 0x00,
    0x0A, 0x00, 0x0A, 0x0A, 0x00, 0x07, 0x00, 0x00,

    0x00, 0x00, 0x00, 0x00, 0x00, 0x00, 0x07, 0x07,
    0x00, 0x00, 0x00, 0x00, 0x07, 0x07, 0x07, 0x07,
    0x00, 0x00, 0x00, 0x07, 0x07, 0x00, 0x00, 0x00,
    0x00, 0x00, 0x00, 0x07, 0x00, 0x00, 0x0A, 0x0A,
    0x00, 0x00, 0x07, 0x07, 0x00, 0x0A, 0x0A, 0x0A,
    0x00, 0x00, 0x07, 0x00, 0x0A, 0x0A, 0x0A, 0x0A,
    0x00, 0x07, 0x07, 0x00, 0x00, 0x0A, 0x0A, 0x0A,
    0x00, 0x07, 0x00, 0x0A, 0x0A, 0x00, 0x0A, 0x0A,

    0x07, 0x07, 0x00, 0x00, 0x00, 0x00, 0x00, 0x00,
    0x07, 0x07, 0x07, 0x07, 0x00, 0x00, 0x00, 0x00,
    0x00, 0x07, 0x07, 0x07, 0x07, 0x00, 0x00, 0x00,
    0x0A, 0x00, 0x00, 0x07, 0x07, 0x00, 0x00, 0x00,
    0x0A, 0x0A, 0x0A, 0x00, 0x07, 0x07, 0x00, 0x00,
    0x0A, 0x0A, 0x0A, 0x00, 0x07, 0x07, 0x00, 0x00,
    0x0A, 0x0A, 0x07, 0x0A, 0x00, 0x07, 0x07, 0x00,
    0x0A, 0x07, 0x0F, 0x07, 0x00, 0x07, 0x07, 0x00,

    // Tile 208 (16,6)
    0x00, 0x00, 0x00, 0x00, 0x00, 0x00, 0x0A, 0x0A,
    0x00, 0x00, 0x00, 0x00, 0x0A, 0x0A, 0x0A, 0x0A,
    0x00, 0x00, 0x00, 0x0A, 0x0A, 0x0A, 0x0A, 0x00,
    0x00, 0x00, 0x00, 0x0A, 0x0A, 0x00, 0x00, 0x0B,
    0x00, 0x00, 0x0A, 0x0A, 0x00, 0x0B, 0x0B, 0x0B,
    0x00, 0x00, 0x0A, 0x0A, 0x00, 0x0B, 0x0B, 0x0B,
    0x00, 0x0A, 0x0A, 0x00, 0x0B, 0x0A, 0x0B, 0x0B,
    0x00, 0x0A, 0x0A, 0x00, 0x0A, 0x0F, 0x0A, 0x0B,

    0x0A, 0x0A, 0x00, 0x00, 0x00, 0x00, 0x00, 0x00,
    0x0A, 0x0A, 0x0A, 0x0A, 0x00, 0x00, 0x00, 0x00,
    0x00, 0x00, 0x00, 0x0A, 0x0A, 0x00, 0x00, 0x00,
    0x0B, 0x0B, 0x00, 0x00, 0x0A, 0x00, 0x00, 0x00,
    0x0B, 0x0B, 0x0B, 0x00, 0x0A, 0x0A, 0x00, 0x00,
    0x0B, 0x0B, 0x0B, 0x0B, 0x00, 0x0A, 0x00, 0x00,
    0x0B, 0x0B, 0x0B, 0x00, 0x00, 0x0A, 0x0A, 0x00,
    0x0B, 0x0B, 0x00, 0x0B, 0x0B, 0x00, 0x0A, 0x00,

    0x00, 0x00, 0x00, 0x00, 0x00, 0x00, 0x0A, 0x0A,
    0x00, 0x00, 0x00, 0x00, 0x0A, 0x0A, 0x0A, 0x0A,
    0x00, 0x00, 0x00, 0x0A, 0x0A, 0x00, 0x00, 0x00,
    0x00, 0x00, 0x00, 0x0A, 0x00, 0x00, 0x0B, 0x0B,
    0x00, 0x00, 0x0A, 0x0A, 0x00, 0x0B, 0x0B, 0x0B,
    0x00, 0x00, 0x0A, 0x00, 0x0B, 0x0B, 0x0B, 0x0B,
    0x00, 0x0A, 0x0A, 0x00, 0x00, 0x0B, 0x0B, 0x0B,
    0x00, 0x0A, 0x00, 0x0B, 0x0B, 0x00, 0x0B, 0x0B,

    0x0A, 0x0A, 0x00, 0x00, 0x00, 0x00, 0x00, 0x00,
    0x0A, 0x0A, 0x0A, 0x0A, 0x00, 0x00, 0x00, 0x00,
    0x00, 0x0A, 0x0A, 0x0A, 0x0A, 0x00, 0x00, 0x00,
    0x0B, 0x00, 0x00, 0x0A, 0x0A, 0x00, 0x00, 0x00,
    0x0B, 0x0B, 0x0B, 0x00, 0x0A, 0x0A, 0x00, 0x00,
    0x0B, 0x0B, 0x0B, 0x00, 0x0A, 0x0A, 0x00, 0x00,
    0x0B, 0x0B, 0x0A, 0x0B, 0x00, 0x0A, 0x0A, 0x00,
    0x0B, 0x0A, 0x0F, 0x0A, 0x00, 0x0A, 0x0A, 0x00,

    // Tile 212 (20,6)
    0x00, 0x00, 0x00, 0x00, 0x00, 0x00, 0x06, 0x06,
    0x00, 0x00, 0x00, 0x00, 0x06, 0x06, 0x06, 0x06,
    0x00, 0x00, 0x00, 0x06, 0x06, 0x06, 0x06, 0x00,
    0x00, 0x00, 0x00, 0x06, 0x06, 0x00, 0x00, 0x0A,
    0x00, 0x00, 0x06, 0x06, 0x00, 0x0A, 0x0A, 0x0A,
    0x00, 0x00, 0x06, 0x06, 0x00, 0x0A, 0x0A, 0x0A,
    0x00, 0x06, 0x06, 0x00, 0x0A, 0x06, 0x0A, 0x0A,
    0x00, 0x06, 0x06, 0x00, 0x06, 0x0F, 0x06, 0x0A,

    0x06, 0x06, 0x00, 0x00, 0x00, 0x00, 0x00, 0x00,
    0x06, 0x06, 0x06, 0x06, 0x00, 0x00, 0x00, 0x00,
    0x00, 0x00, 0x00, 0x06, 0x06, 0x00, 0x00, 0x00,
    0x0A, 0x0A, 0x00, 0x00, 0x06, 0x00, 0x00, 0x00,
    0x0A, 0x0A, 0x0A, 0x00, 0x06, 0x06, 0x00, 0x00,
    0x0A, 0x0A, 0x0A, 0x0A, 0x00, 0x06, 0x00, 0x00,
    0x0A, 0x0A, 0x0A, 0x00, 0x00, 0x06, 0x06, 0x00,
    0x0A, 0x0A, 0x00, 0x0A, 0x0A, 0x00, 0x06, 0x00,

    0x00, 0x00, 0x00, 0x00, 0x00, 0x00, 0x06, 0x06,
    0x00, 0x00, 0x00, 0x00, 0x06, 0x06, 0x06, 0x06,
    0x00, 0x00, 0x00, 0x06, 0x06, 0x00, 0x00, 0x00,
    0x00, 0x00, 0x00, 0x06, 0x00, 0x00, 0x0A, 0x0A,
    0x00, 0x00, 0x06, 0x06, 0x00, 0x0A, 0x0A, 0x0A,
    0x00, 0x00, 0x06, 0x00, 0x0A, 0x0A, 0x0A, 0x0A,
    0x00, 0x06, 0x06, 0x00, 0x00, 0x0A, 0x0A, 0x0A,
    0x00, 0x06, 0x00, 0x0A, 0x0A, 0x00, 0x0A, 0x0A,

    0x06, 0x06, 0x00, 0x00, 0x00, 0x00, 0x00, 0x00,
    0x06, 0x06, 0x06, 0x06, 0x00, 0x00, 0x00, 0x00,
    0x00, 0x06, 0x06, 0x06, 0x06, 0x00, 0x00, 0x00,
    0x0A, 0x00, 0x00, 0x06, 0x06, 0x00, 0x00, 0x00,
    0x0A, 0x0A, 0x0A, 0x00, 0x06, 0x06, 0x00, 0x00,
    0x0A, 0x0A, 0x0A, 0x00, 0x06, 0x06, 0x00, 0x00,
    0x0A, 0x0A, 0x06, 0x0A, 0x00, 0x06, 0x06, 0x00,
    0x0A, 0x06, 0x0F, 0x06, 0x00, 0x06, 0x06, 0x00,

    // Tile 216 (24,6)
    0x00, 0x00, 0x00, 0x00, 0x00, 0x00, 0x00, 0x00,
    0x00, 0x00, 0x00, 0x00, 0x06, 0x06, 0x06, 0x06,
    0x00, 0x00, 0x06, 0x06, 0x06, 0x0D, 0x0D, 0x06,
    0x00, 0x06, 0x06, 0x0D, 0x0D, 0x06, 0x06, 0x06,
    0x00, 0x06, 0x0D, 0x06, 0x06, 0x06, 0x06, 0x06,
    0x06, 0x06, 0x0D, 0x06, 0x06, 0x06, 0x06, 0x0B,
    0x06, 0x06, 0x06, 0x06, 0x06, 0x06, 0x06, 0x0B,
    0x06, 0x06, 0x06, 0x06, 0x06, 0x06, 0x06, 0x06,

    0x00, 0x00, 0x00, 0x00, 0x00, 0x00, 0x00, 0x00,
    0x00, 0x00, 0x00, 0x00, 0x00, 0x00, 0x00, 0x00,
    0x06, 0x06, 0x00, 0x00, 0x00, 0x00, 0x00, 0x00,
    0x06, 0x06, 0x06, 0x00, 0x00, 0x00, 0x00, 0x00,
    0x0B, 0x0B, 0x06, 0x06, 0x00, 0x00, 0x00, 0x00,
    0x0D, 0x0B, 0x0B, 0x06, 0x06, 0x00, 0x00, 0x00,
    0x0D, 0x0B, 0x0B, 0x06, 0x06, 0x00, 0x00, 0x00,
    0x0B, 0x0B, 0x06, 0x06, 0x06, 0x00, 0x00, 0x00,

    0x00, 0x00, 0x00, 0x00, 0x00, 0x00, 0x06, 0x06,
    0x00, 0x00, 0x00, 0x00, 0x06, 0x06, 0x00, 0x06,
    0x00, 0x00, 0x06, 0x06, 0x06, 0x06, 0x00, 0x06,
    0x00, 0x06, 0x06, 0x06, 0x06, 0x06, 0x00, 0x06,
    0x06, 0x06, 0x06, 0x06, 0x06, 0x06, 0x00, 0x06,
    0x06, 0x06, 0x06, 0x06, 0x06, 0x00, 0x06, 0x06,
    0x00, 0x06, 0x06, 0x06, 0x00, 0x06, 0x06, 0x06,
    0x00, 0x06, 0x06, 0x06, 0x00, 0x06, 0x06, 0x06,

    0x06, 0x06, 0x06, 0x00, 0x00, 0x00, 0x00, 0x00,
    0x06, 0x06, 0x06, 0x06, 0x06, 0x00, 0x00, 0x00,
    0x06, 0x06, 0x0D, 0x0D, 0x06, 0x06, 0x00, 0x00,
    0x06, 0x06, 0x06, 0x06, 0x0D, 0x06, 0x00, 0x00,
    0x06, 0x06, 0x06, 0x06, 0x0D, 0x06, 0x06, 0x00,
    0x06, 0x06, 0x06, 0x06, 0x06, 0x0D, 0x06, 0x00,
    0x06, 0x06, 0x06, 0x06, 0x06, 0x0D, 0x06, 0x00,
    0x06, 0x0B, 0x0B, 0x06, 0x06, 0x06, 0x06, 0x00,

    // Tile 220 (28,6)
    0x00, 0x00, 0x00, 0x00, 0x06, 0x06, 0x00, 0x00,
    0x00, 0x00, 0x00, 0x06, 0x06, 0x06, 0x06, 0x06,
    0x00, 0x06, 0x06, 0x06, 0x06, 0x06, 0x06, 0x06,
    0x00, 0x06, 0x06, 0x06, 0x06, 0x06, 0x00, 0x00,
    0x06, 0x06, 0x06, 0x06, 0x06, 0x06, 0x06, 0x06,
    0x06, 0x00, 0x06, 0x06, 0x06, 0x06, 0x06, 0x06,
    0x00, 0x00, 0x06, 0x06, 0x06, 0x06, 0x06, 0x06,
    0x00, 0x00, 0x06, 0x06, 0x06, 0x06, 0x06, 0x06,

    0x00, 0x00, 0x06, 0x06, 0x00, 0x00, 0x00, 0x00,
    0x06, 0x06, 0x06, 0x06, 0x06, 0x00, 0x00, 0x00,
    0x06, 0x06, 0x06, 0x06, 0x06, 0x06, 0x00, 0x00,
    0x06, 0x06, 0x06, 0x06, 0x06, 0x06, 0x00, 0x00,
    0x00, 0x00, 0x06, 0x06, 0x06, 0x06, 0x06, 0x00,
    0x06, 0x06, 0x00, 0x06, 0x06, 0x06, 0x06, 0x00,
    0x06, 0x06, 0x06, 0x00, 0x00, 0x00, 0x00, 0x06,
    0x06, 0x06, 0x06, 0x06, 0x06, 0x06, 0x06, 0x06,

    0x00, 0x00, 0x00, 0x00, 0x00, 0x00, 0x00, 0x00,
    0x00, 0x00, 0x00, 0x00, 0x00, 0x00, 0x00, 0x00,
    0x00, 0x00, 0x00, 0x00, 0x00, 0x00, 0x00, 0x00,
    0x00, 0x00, 0x00, 0x00, 0x00, 0x06, 0x06, 0x06,
    0x00, 0x00, 0x00, 0x00, 0x06, 0x06, 0x06, 0x06,
    0x00, 0x00, 0x00, 0x06, 0x06, 0x0B, 0x0B, 0x06,
    0x00, 0x00, 0x06, 0x06, 0x0B, 0x0B, 0x0B, 0x0B,
    0x00, 0x00, 0x06, 0x06, 0x0B, 0x0D, 0x0D, 0x0B,

    0x00, 0x00, 0x06, 0x06, 0x00, 0x00, 0x00, 0x00,
    0x00, 0x00, 0x00, 0x06, 0x06, 0x06, 0x00, 0x00,
    0x06, 0x06, 0x06, 0x06, 0x06, 0x06, 0x00, 0x00,
    0x06, 0x06, 0x06, 0x06, 0x06, 0x06, 0x06, 0x00,
    0x06, 0x06, 0x06, 0x06, 0x06, 0x06, 0x06, 0x06,
    0x06, 0x06, 0x06, 0x06, 0x06, 0x06, 0x06, 0x06,
    0x06, 0x06, 0x06, 0x06, 0x00, 0x06, 0x06, 0x00,
    0x06, 0x06, 0x06, 0x06, 0x00, 0x06, 0x06, 0x00,

    // Tile 224 (0,7)
    0x0B, 0x0B, 0x0B, 0x0B, 0x0B, 0x0B, 0x0B, 0x0B,
    0x0B, 0x00, 0x00, 0x00, 0x00, 0x0B, 0x0B, 0x0B,
    0x00, 0x0B, 0x0B, 0x0B, 0x0B, 0x00, 0x0B, 0x0B,
    0x00, 0x0B, 0x0B, 0x0B, 0x0B, 0x0B, 0x00, 0x00,
    0x00, 0x00, 0x0B, 0x0B, 0x0B, 0x0B, 0x0B, 0x0B,
    0x00, 0x00, 0x0B, 0x0B, 0x0B, 0x0B, 0x0B, 0x0B,
    0x00, 0x00, 0x00, 0x0B, 0x0B, 0x0B, 0x0B, 0x0B,
    0x00, 0x00, 0x00, 0x00, 0x0B, 0x0B, 0x00, 0x00,

    0x0B, 0x0B, 0x0B, 0x0B, 0x0B, 0x0B, 0x00, 0x00,
    0x0B, 0x0B, 0x0B, 0x0B, 0x0B, 0x0B, 0x00, 0x00,
    0x0B, 0x0B, 0x0B, 0x0B, 0x0B, 0x0B, 0x00, 0x0B,
    0x0B, 0x0B, 0x0B, 0x0B, 0x0B, 0x0B, 0x0B, 0x0B,
    0x00, 0x00, 0x0B, 0x0B, 0x0B, 0x0B, 0x0B, 0x00,
    0x0B, 0x0B, 0x0B, 0x0B, 0x0B, 0x0B, 0x0B, 0x00,
    0x0B, 0x0B, 0x0B, 0x0B, 0x0B, 0x00, 0x00, 0x00,
    0x00, 0x00, 0x0B, 0x0B, 0x00, 0x00, 0x00, 0x00,

    0x0B, 0x0B, 0x0B, 0x0B, 0x0B, 0x0B, 0x0B, 0x0B,
    0x0B, 0x00, 0x00, 0x00, 0x00, 0x0B, 0x0B, 0x0B,
    0x00, 0x00, 0x00, 0x00, 0x00, 0x00, 0x0B, 0x0B,
    0x00, 0x00, 0x00, 0x00, 0x00, 0x00, 0x00, 0x00,
    0x00, 0x0B, 0x0B, 0x0B, 0x0B, 0x00, 0x00, 0x00,
    0x00, 0x00, 0x0B, 0x0B, 0x0B, 0x0B, 0x0B, 0x0B,
    0x00, 0x00, 0x0B, 0x0B, 0x0B, 0x0B, 0x0B, 0x0B,
    0x00, 0x0B, 0x0B, 0x0B, 0x0B, 0x00, 0x00, 0x0B,

    0x0B, 0x0B, 0x0B, 0x0B, 0x0B, 0x0B, 0x00, 0x00,
    0x0B, 0x0B, 0x0B, 0x0B, 0x0B, 0x0B, 0x00, 0x00,
    0x0B, 0x0B, 0x0B, 0x0B, 0x0B, 0x0B, 0x00, 0x00,
    0x0B, 0x0B, 0x0B, 0x0B, 0x0B, 0x0B, 0x00, 0x00,
    0x00, 0x00, 0x0B, 0x0B, 0x0B, 0x0B, 0x0B, 0x00,
    0x0B, 0x0B, 0x0B, 0x0B, 0x0B, 0x0B, 0x0B, 0x0B,
    0x0B, 0x0B, 0x0B, 0x0B, 0x0B, 0x0B, 0x0B, 0x0B,
    0x0B, 0x0B, 0x0B, 0x00, 0x00, 0x00, 0x00, 0x00,

    // Tile 228 (4,7)
    0x0A, 0x0A, 0x0A, 0x0A, 0x0A, 0x0A, 0x0A, 0x0A,
    0x0A, 0x00, 0x00, 0x00, 0x00, 0x0A, 0x0A, 0x0A,
    0x00, 0x0A, 0x0A, 0x0A, 0x0A, 0x00, 0x0A, 0x0A,
    0x00, 0x0A, 0x0A, 0x0A, 0x0A, 0x0A, 0x00, 0x00,
    0x00, 0x00, 0x0A, 0x0A, 0x0A, 0x0A, 0x0A, 0x0A,
    0x00, 0x00, 0x0A, 0x0A, 0x0A, 0x0A, 0x0A, 0x0A,
    0x00, 0x00, 0x00, 0x0A, 0x0A, 0x0A, 0x0A, 0x0A,
    0x00, 0x00, 0x00, 0x00, 0x0A, 0x0A, 0x00, 0x00,

    0x0A, 0x0A, 0x0A, 0x0A, 0x0A, 0x0A, 0x00, 0x00,
    0x0A, 0x0A, 0x0A, 0x0A, 0x0A, 0x0A, 0x00, 0x00,
    0x0A, 0x0A, 0x0A, 0x0A, 0x0A, 0x0A, 0x00, 0x0A,
    0x0A, 0x0A, 0x0A, 0x0A, 0x0A, 0x0A, 0x0A, 0x0A,
    0x00, 0x00, 0x0A, 0x0A, 0x0A, 0x0A, 0x0A, 0x00,
    0x0A, 0x0A, 0x0A, 0x0A, 0x0A, 0x0A, 0x0A, 0x00,
    0x0A, 0x0A, 0x0A, 0x0A, 0x0A, 0x00, 0x00, 0x00,
    0x00, 0x00, 0x0A, 0x0A, 0x00, 0x00, 0x00, 0x00,

    0x0A, 0x0A, 0x0A, 0x0A, 0x0A, 0x0A, 0x0A, 0x0A,
    0x0A, 0x00, 0x00, 0x00, 0x00, 0x0A, 0x0A, 0x0A,
    0x00, 0x00, 0x00, 0x00, 0x00, 0x00, 0x0A, 0x0A,
    0x00, 0x00, 0x00, 0x00, 0x00, 0x00, 0x00, 0x00,
    0x00, 0x0A, 0x0A, 0x0A, 0x0A, 0x00, 0x00, 0x00,
    0x00, 0x00, 0x0A, 0x0A, 0x0A, 0x0A, 0x0A, 0x0A,
    0x00, 0x00, 0x0A, 0x0A, 0x0A, 0x0A, 0x0A, 0x0A,
    0x00, 0x0A, 0x0A, 0x0A, 0x0A, 0x00, 0x00, 0x0A,

    0x0A, 0x0A, 0x0A, 0x0A, 0x0A, 0x0A, 0x00, 0x00,
    0x0A, 0x0A, 0x0A, 0x0A, 0x0A, 0x0A, 0x00, 0x00,
    0x0A, 0x0A, 0x0A, 0x0A, 0x0A, 0x0A, 0x00, 0x00,
    0x0A, 0x0A, 0x0A, 0x0A, 0x0A, 0x0A, 0x00, 0x00,
    0x00, 0x00, 0x0A, 0x0A, 0x0A, 0x0A, 0x0A, 0x00,
    0x0A, 0x0A, 0x0A, 0x0A, 0x0A, 0x0A, 0x0A, 0x0A,
    0x0A, 0x0A, 0x0A, 0x0A, 0x0A, 0x0A, 0x0A, 0x0A,
    0x0A, 0x0A, 0x0A, 0x00, 0x00, 0x00, 0x00, 0x00,

    // Tile 232 (8,7)
    0x06, 0x06, 0x06, 0x06, 0x06, 0x06, 0x06, 0x06,
    0x06, 0x00, 0x00, 0x00, 0x00, 0x06, 0x06, 0x06,
    0x00, 0x06, 0x06, 0x06, 0x06, 0x00, 0x06, 0x06,
    0x00, 0x06, 0x06, 0x06, 0x06, 0x06, 0x00, 0x00,
    0x00, 0x00, 0x06, 0x06, 0x06, 0x06, 0x06, 0x06,
    0x00, 0x00, 0x06, 0x06, 0x06, 0x06, 0x06, 0x06,
    0x00, 0x00, 0x00, 0x06, 0x06, 0x06, 0x06, 0x06,
    0x00, 0x00, 0x00, 0x00, 0x06, 0x06, 0x00, 0x00,

    0x06, 0x06, 0x06, 0x06, 0x06, 0x06, 0x00, 0x00,
    0x06, 0x06, 0x06, 0x06, 0x06, 0x06, 0x00, 0x00,
    0x06, 0x06, 0x06, 0x06, 0x06, 0x06, 0x00, 0x06,
    0x06, 0x06, 0x06, 0x06, 0x06, 0x06, 0x06, 0x06,
    0x00, 0x00, 0x06, 0x06, 0x06, 0x06, 0x06, 0x00,
    0x06, 0x06, 0x06, 0x06, 0x06, 0x06, 0x06, 0x00,
    0x06, 0x06, 0x06, 0x06, 0x06, 0x00, 0x00, 0x00,
    0x00, 0x00, 0x06, 0x06, 0x00, 0x00, 0x00, 0x00,

    0x06, 0x06, 0x06, 0x06, 0x06, 0x06, 0x06, 0x06,
    0x06, 0x00, 0x00, 0x00, 0x00, 0x06, 0x06, 0x06,
    0x00, 0x00, 0x00, 0x00, 0x00, 0x00, 0x06, 0x06,
    0x00, 0x00, 0x00, 0x00, 0x00, 0x00, 0x00, 0x00,
    0x00, 0x06, 0x06, 0x06, 0x06, 0x00, 0x00, 0x00,
    0x00, 0x00, 0x06, 0x06, 0x06, 0x06, 0x06, 0x06,
    0x00, 0x00, 0x06, 0x06, 0x06, 0x06, 0x06, 0x06,
    0x00, 0x06, 0x06, 0x06, 0x06, 0x00, 0x00, 0x06,

    0x06, 0x06, 0x06, 0x06, 0x06, 0x06, 0x00, 0x00,
    0x06, 0x06, 0x06, 0x06, 0x06, 0x06, 0x00, 0x00,
    0x06, 0x06, 0x06, 0x06, 0x06, 0x06, 0x00, 0x00,
    0x06, 0x06, 0x06, 0x06, 0x06, 0x06, 0x00, 0x00,
    0x00, 0x00, 0x06, 0x06, 0x06, 0x06, 0x06, 0x00,
    0x06, 0x06, 0x06, 0x06, 0x06, 0x06, 0x06, 0x06,
    0x06, 0x06, 0x06, 0x06, 0x06, 0x06, 0x06, 0x06,
    0x06, 0x06, 0x06, 0x00, 0x00, 0x00, 0x00, 0x00,

    // Tile 236 (12,7)
    0x07, 0x07, 0x00, 0x07, 0x07, 0x07, 0x0A, 0x0A,
    0x07, 0x07, 0x00, 0x0A, 0x07, 0x0A, 0x0A, 0x00,
    0x00, 0x07, 0x07, 0x00, 0x0A, 0x0A, 0x0A, 0x0A,
    0x00, 0x07, 0x07, 0x00, 0x0F, 0x0A, 0x0A, 0x0A,
    0x00, 0x00, 0x07, 0x07, 0x00, 0x0F, 0x0A, 0x0A,
    0x00, 0x00, 0x07, 0x07, 0x00, 0x0A, 0x0A, 0x0A,
    0x00, 0x00, 0x00, 0x07, 0x07, 0x00, 0x00, 0x00,
    0x00, 0x00, 0x00, 0x00, 0x00, 0x07, 0x07, 0x07,

    0x0A, 0x00, 0x0A, 0x0A, 0x0A, 0x00, 0x00, 0x00,
    0x00, 0x0A, 0x0A, 0x0A, 0x00, 0x07, 0x00, 0x00,
    0x0A, 0x0A, 0x0A, 0x00, 0x07, 0x00, 0x00, 0x00,
    0x0A, 0x0A, 0x00, 0x07, 0x07, 0x00, 0x00, 0x00,
    0x0A, 0x00, 0x07, 0x07, 0x00, 0x00, 0x00, 0x00,
    0x00, 0x07, 0x07, 0x07, 0x00, 0x00, 0x00, 0x00,
    0x07, 0x07, 0x07, 0x00, 0x00, 0x00, 0x00, 0x00,
    0x07, 0x00, 0x00, 0x00, 0x00, 0x00, 0x00, 0x00,

    0x00, 0x00, 0x0A, 0x0A, 0x0A, 0x00, 0x0A, 0x0A,
    0x00, 0x07, 0x00, 0x0A, 0x0A, 0x0A, 0x00, 0x00,
    0x00, 0x00, 0x07, 0x00, 0x0A, 0x0A, 0x0A, 0x0A,
    0x00, 0x00, 0x07, 0x07, 0x00, 0x0A, 0x0A, 0x0A,
    0x00, 0x00, 0x00, 0x07, 0x07, 0x00, 0x0A, 0x0A,
    0x00, 0x00, 0x00, 0x07, 0x07, 0x07, 0x00, 0x0A,
    0x00, 0x00, 0x00, 0x00, 0x07, 0x07, 0x07, 0x00,
    0x00, 0x00, 0x00, 0x00, 0x00, 0x00, 0x07, 0x07,

    0x0A, 0x07, 0x07, 0x07, 0x00, 0x07, 0x07, 0x00,
    0x0A, 0x0A, 0x07, 0x0A, 0x00, 0x07, 0x07, 0x00,
    0x0A, 0x0A, 0x0A, 0x00, 0x07, 0x07, 0x00, 0x00,
    0x0A, 0x0A, 0x0F, 0x00, 0x07, 0x07, 0x00, 0x00,
    0x0A, 0x0F, 0x00, 0x07, 0x07, 0x00, 0x00, 0x00,
    0x0A, 0x0A, 0x00, 0x07, 0x07, 0x00, 0x00, 0x00,
    0x00, 0x00, 0x07, 0x07, 0x00, 0x00, 0x00, 0x00,
    0x07, 0x07, 0x00, 0x00, 0x00, 0x00, 0x00, 0x00,

    // Tile 240 (16,7)
    0x00, 0x0A, 0x0A, 0x00, 0x0A, 0x0A, 0x0A, 0x0B,
    0x00, 0x0A, 0x0A, 0x00, 0x0B, 0x0A, 0x0B, 0x0B,
    0x00, 0x00, 0x0A, 0x0A, 0x00, 0x0B, 0x0B, 0x0B,
    0x00, 0x00, 0x0A, 0x0A, 0x00, 0x0F, 0x0B, 0x0B,
    0x00, 0x00, 0x00, 0x0A, 0x0A, 0x00, 0x0F, 0x0B,
    0x00, 0x00, 0x00, 0x0A, 0x0A, 0x00, 0x0B, 0x0B,
    0x00, 0x00, 0x00, 0x00, 0x0A, 0x0A, 0x00, 0x00,
    0x00, 0x00, 0x00, 0x00, 0x00, 0x00, 0x0A, 0x0A,

    0x0B, 0x0B, 0x00, 0x0B, 0x0B, 0x0B, 0x00, 0x00,
    0x00, 0x00, 0x0B, 0x0B, 0x0B, 0x00, 0x0A, 0x00,
    0x0B, 0x0B, 0x0B, 0x0B, 0x00, 0x0A, 0x00, 0x00,
    0x0B, 0x0B, 0x0B, 0x00, 0x0A, 0x0A, 0x00, 0x00,
    0x0B, 0x0B, 0x00, 0x0A, 0x0A, 0x00, 0x00, 0x00,
    0x0B, 0x00, 0x0A, 0x0A, 0x0A, 0x00, 0x00, 0x00,
    0x00, 0x0A, 0x0A, 0x0A, 0x00, 0x00, 0x00, 0x00,
    0x0A, 0x0A, 0x00, 0x00, 0x00, 0x00, 0x00, 0x00,

    0x00, 0x00, 0x0B, 0x0B, 0x0B, 0x00, 0x0B, 0x0B,
    0x00, 0x0A, 0x00, 0x0B, 0x0B, 0x0B, 0x00, 0x00,
    0x00, 0x00, 0x0A, 0x00, 0x0B, 0x0B, 0x0B, 0x0B,
    0x00, 0x00, 0x0A, 0x0A, 0x00, 0x0B, 0x0B, 0x0B,
    0x00, 0x00, 0x00, 0x0A, 0x0A, 0x00, 0x0B, 0x0B,
    0x00, 0x00, 0x00, 0x0A, 0x0A, 0x0A, 0x00, 0x0B,
    0x00, 0x00, 0x00, 0x00, 0x0A, 0x0A, 0x0A, 0x00,
    0x00, 0x00, 0x00, 0x00, 0x00, 0x00, 0x0A, 0x0A,

    0x0B, 0x0A, 0x0A, 0x0A, 0x00, 0x0A, 0x0A, 0x00,
    0x0B, 0x0B, 0x0A, 0x0B, 0x00, 0x0A, 0x0A, 0x00,
    0x0B, 0x0B, 0x0B, 0x00, 0x0A, 0x0A, 0x00, 0x00,
    0x0B, 0x0B, 0x0F, 0x00, 0x0A, 0x0A, 0x00, 0x00,
    0x0B, 0x0F, 0x00, 0x0A, 0x0A, 0x00, 0x00, 0x00,
    0x0B, 0x0B, 0x00, 0x0A, 0x0A, 0x00, 0x00, 0x00,
    0x00, 0x00, 0x0A, 0x0A, 0x00, 0x00, 0x00, 0x00,
    0x0A, 0x0A, 0x00, 0x00, 0x00, 0x00, 0x00, 0x00,

    // Tile 244 (20,7)
    0x00, 0x06, 0x06, 0x00, 0x06, 0x06, 0x06, 0x0A,
    0x00, 0x06, 0x06, 0x00, 0x0A, 0x06, 0x0A, 0x0A,
    0x00, 0x00, 0x06, 0x06, 0x00, 0x0A, 0x0A, 0x0A,
    0x00, 0x00, 0x06, 0x06, 0x00, 0x0F, 0x0A, 0x0A,
    0x00, 0x00, 0x00, 0x06, 0x06, 0x00, 0x0F, 0x0A,
    0x00, 0x00, 0x00, 0x06, 0x06, 0x00, 0x0A, 0x0A,
    0x00, 0x00, 0x00, 0x00, 0x06, 0x06, 0x00, 0x00,
    0x00, 0x00, 0x00, 0x00, 0x00, 0x00, 0x06, 0x06,

    0x0A, 0x0A, 0x00, 0x0A, 0x0A, 0x0A, 0x00, 0x00,
    0x00, 0x00, 0x0A, 0x0A, 0x0A, 0x00, 0x06, 0x00,
    0x0A, 0x0A, 0x0A, 0x0A, 0x00, 0x06, 0x00, 0x00,
    0x0A, 0x0A, 0x0A, 0x00, 0x06, 0x06, 0x00, 0x00,
    0x0A, 0x0A, 0x00, 0x06, 0x06, 0x00, 0x00, 0x00,
    0x0A, 0x00, 0x06, 0x06, 0x06, 0x00, 0x00, 0x00,
    0x00, 0x06, 0x06, 0x06, 0x00, 0x00, 0x00, 0x00,
    0x06, 0x06, 0x00, 0x00, 0x00, 0x00, 0x00, 0x00,

    0x00, 0x00, 0x0A, 0x0A, 0x0A, 0x00, 0x0A, 0x0A,
    0x00, 0x06, 0x00, 0x0A, 0x0A, 0x0A, 0x00, 0x00,
    0x00, 0x00, 0x06, 0x00, 0x0A, 0x0A, 0x0A, 0x0A,
    0x00, 0x00, 0x06, 0x06, 0x00, 0x0A, 0x0A, 0x0A,
    0x00, 0x00, 0x00, 0x06, 0x06, 0x00, 0x0A, 0x0A,
    0x00, 0x00, 0x00, 0x06, 0x06, 0x06, 0x00, 0x0A,
    0x00, 0x00, 0x00, 0x00, 0x06, 0x06, 0x06, 0x00,
    0x00, 0x00, 0x00, 0x00, 0x00, 0x00, 0x06, 0x06,

    0x0A, 0x06, 0x06, 0x06, 0x00, 0x06, 0x06, 0x00,
    0x0A, 0x0A, 0x06, 0x0A, 0x00, 0x06, 0x06, 0x00,
    0x0A, 0x0A, 0x0A, 0x00, 0x06, 0x06, 0x00, 0x00,
    0x0A, 0x0A, 0x0F, 0x00, 0x06, 0x06, 0x00, 0x00,
    0x0A, 0x0F, 0x00, 0x06, 0x06, 0x00, 0x00, 0x00,
    0x0A, 0x0A, 0x00, 0x06, 0x06, 0x00, 0x00, 0x00,
    0x00, 0x00, 0x06, 0x06, 0x00, 0x00, 0x00, 0x00,
    0x06, 0x06, 0x00, 0x00, 0x00, 0x00, 0x00, 0x00,

    // Tile 248 (24,7)
    0x06, 0x06, 0x06, 0x06, 0x06, 0x06, 0x06, 0x06,
    0x06, 0x00, 0x00, 0x00, 0x00, 0x06, 0x06, 0x06,
    0x00, 0x06, 0x06, 0x06, 0x06, 0x00, 0x06, 0x06,
    0x00, 0x06, 0x06, 0x06, 0x06, 0x06, 0x00, 0x00,
    0x00, 0x00, 0x06, 0x06, 0x06, 0x06, 0x06, 0x06,
    0x00, 0x00, 0x06, 0x06, 0x06, 0x06, 0x06, 0x06,
    0x00, 0x00, 0x00, 0x06, 0x06, 0x06, 0x06, 0x06,
    0x00, 0x00, 0x00, 0x00, 0x06, 0x06, 0x00, 0x00,

    0x06, 0x06, 0x06, 0x06, 0x06, 0x06, 0x00, 0x00,
    0x06, 0x06, 0x06, 0x06, 0x06, 0x06, 0x00, 0x00,
    0x06, 0x06, 0x06, 0x06, 0x06, 0x06, 0x00, 0x06,
    0x06, 0x06, 0x06, 0x06, 0x06, 0x06, 0x06, 0x06,
    0x00, 0x00, 0x06, 0x06, 0x06, 0x06, 0x06, 0x00,
    0x06, 0x06, 0x06, 0x06, 0x06, 0x06, 0x06, 0x00,
    0x06, 0x06, 0x06, 0x06, 0x06, 0x00, 0x00, 0x00,
    0x00, 0x00, 0x06, 0x06, 0x00, 0x00, 0x00, 0x00,

    0x00, 0x06, 0x06, 0x00, 0x06, 0x06, 0x06, 0x06,
    0x00, 0x06, 0x06, 0x00, 0x06, 0x06, 0x06, 0x06,
    0x06, 0x06, 0x06, 0x06, 0x06, 0x06, 0x06, 0x06,
    0x06, 0x06, 0x06, 0x06, 0x06, 0x06, 0x06, 0x06,
    0x00, 0x06, 0x06, 0x06, 0x06, 0x06, 0x06, 0x06,
    0x00, 0x00, 0x06, 0x06, 0x06, 0x06, 0x06, 0x06,
    0x00, 0x00, 0x06, 0x06, 0x06, 0x00, 0x00, 0x00,
    0x00, 0x00, 0x00, 0x00, 0x06, 0x06, 0x00, 0x00,

    0x0B, 0x0D, 0x0D, 0x0B, 0x06, 0x06, 0x00, 0x00,
    0x0B, 0x0B, 0x0B, 0x0B, 0x06, 0x06, 0x00, 0x00,
    0x06, 0x0B, 0x0B, 0x06, 0x06, 0x00, 0x00, 0x00,
    0x06, 0x06, 0x06, 0x06, 0x00, 0x00, 0x00, 0x00,
    0x06, 0x06, 0x06, 0x00, 0x00, 0x00, 0x00, 0x00,
    0x00, 0x00, 0x00, 0x00, 0x00, 0x00, 0x00, 0x00,
    0x00, 0x00, 0x00, 0x00, 0x00, 0x00, 0x00, 0x00,
    0x00, 0x00, 0x00, 0x00, 0x00, 0x00, 0x00, 0x00,

    // Tile 252 (28,7)
    0x00, 0x00, 0x00, 0x06, 0x06, 0x06, 0x0B, 0x0B,
    0x00, 0x00, 0x00, 0x06, 0x06, 0x0B, 0x0B, 0x0D,
    0x00, 0x00, 0x00, 0x06, 0x06, 0x0B, 0x0B, 0x0D,
    0x00, 0x00, 0x00, 0x00, 0x06, 0x06, 0x0B, 0x0B,
    0x00, 0x00, 0x00, 0x00, 0x00, 0x06, 0x06, 0x06,
    0x00, 0x00, 0x00, 0x00, 0x00, 0x00, 0x06, 0x06,
    0x00, 0x00, 0x00, 0x00, 0x00, 0x00, 0x00, 0x00,
    0x00, 0x00, 0x00, 0x00, 0x00, 0x00, 0x00, 0x00,

    0x06, 0x06, 0x06, 0x06, 0x06, 0x06, 0x06, 0x06,
    0x0B, 0x06, 0x06, 0x06, 0x06, 0x06, 0x06, 0x06,
    0x0B, 0x06, 0x06, 0x06, 0x06, 0x0D, 0x06, 0x06,
    0x06, 0x06, 0x06, 0x06, 0x06, 0x0D, 0x06, 0x00,
    0x06, 0x06, 0x06, 0x0D, 0x0D, 0x06, 0x06, 0x00,
    0x06, 0x0D, 0x0D, 0x06, 0x06, 0x06, 0x00, 0x00,
    0x06, 0x06, 0x06, 0x06, 0x00, 0x00, 0x00, 0x00,
    0x00, 0x00, 0x00, 0x00, 0x00, 0x00, 0x00, 0x00,

    0x00, 0x06, 0x06, 0x06, 0x06, 0x0B, 0x0B, 0x06,
    0x00, 0x06, 0x0D, 0x06, 0x06, 0x06, 0x06, 0x06,
    0x00, 0x06, 0x0D, 0x06, 0x06, 0x06, 0x06, 0x06,
    0x00, 0x06, 0x06, 0x0D, 0x06, 0x06, 0x06, 0x06,
    0x00, 0x00, 0x06, 0x0D, 0x06, 0x06, 0x06, 0x06,
    0x00, 0x00, 0x06, 0x06, 0x0D, 0x0D, 0x06, 0x06,
    0x00, 0x00, 0x00, 0x06, 0x06, 0x06, 0x06, 0x06,
    0x00, 0x00, 0x00, 0x00, 0x00, 0x06, 0x06, 0x06,

    0x06, 0x06, 0x06, 0x00, 0x06, 0x06, 0x06, 0x00,
    0x06, 0x06, 0x06, 0x00, 0x06, 0x06, 0x06, 0x00,
    0x06, 0x06, 0x00, 0x06, 0x06, 0x06, 0x06, 0x06,
    0x06, 0x00, 0x06, 0x06, 0x06, 0x06, 0x06, 0x06,
    0x06, 0x00, 0x06, 0x06, 0x06, 0x06, 0x06, 0x00,
    0x06, 0x00, 0x06, 0x06, 0x06, 0x06, 0x00, 0x00,
    0x06, 0x00, 0x06, 0x06, 0x00, 0x00, 0x00, 0x00,
    0x06, 0x06, 0x00, 0x00, 0x00, 0x00, 0x00, 0x00,

    // Tile 256 (0,8)
    0x00, 0x00, 0x00, 0x00, 0x00, 0x00, 0x0F, 0x0F,
    0x00, 0x00, 0x00, 0x00, 0x00, 0x00, 0x0F, 0x0F,
    0x00, 0x00, 0x00, 0x00, 0x00, 0x0A, 0x0A, 0x0F,
    0x00, 0x00, 0x00, 0x00, 0x0A, 0x0A, 0x0A, 0x0A,
    0x00, 0x00, 0x0A, 0x0A, 0x0A, 0x0A, 0x0A, 0x0A,
    0x00, 0x0A, 0x0A, 0x0A, 0x0A, 0x0A, 0x0A, 0x0A,
    0x00, 0x0A, 0x07, 0x0A, 0x0A, 0x0A, 0x0A, 0x0A,
    0x00, 0x07, 0x07, 0x07, 0x0A, 0x0A, 0x0A, 0x0A,

    0x00, 0x00, 0x00, 0x00, 0x00, 0x00, 0x00, 0x00,
    0x0F, 0x0A, 0x0A, 0x0A, 0x00, 0x00, 0x00, 0x00,
    0x0F, 0x0A, 0x0A, 0x0A, 0x0A, 0x00, 0x00, 0x00,
    0x0A, 0x0F, 0x0F, 0x0A, 0x0A, 0x0A, 0x00, 0x00,
    0x0A, 0x0F, 0x0F, 0x0F, 0x0A, 0x0A, 0x0A, 0x0A,
    0x0A, 0x0A, 0x0F, 0x0F, 0x0A, 0x0A, 0x0A, 0x07,
    0x0A, 0x0A, 0x0A, 0x0A, 0x0A, 0x0A, 0x07, 0x07,
    0x0A, 0x0A, 0x0A, 0x0A, 0x0A, 0x0A, 0x07, 0x07,

    0x00, 0x00, 0x00, 0x00, 0x00, 0x00, 0x00, 0x00,
    0x00, 0x00, 0x00, 0x00, 0x00, 0x00, 0x0A, 0x0A,
    0x00, 0x00, 0x00, 0x00, 0x00, 0x0A, 0x0A, 0x0A,
    0x00, 0x00, 0x00, 0x00, 0x0A, 0x0A, 0x0A, 0x0F,
    0x00, 0x00, 0x0A, 0x0A, 0x0A, 0x0A, 0x0F, 0x0F,
    0x00, 0x0A, 0x07, 0x0A, 0x0A, 0x0A, 0x0F, 0x0F,
    0x00, 0x07, 0x07, 0x07, 0x0A, 0x0A, 0x0A, 0x0A,
    0x00, 0x07, 0x07, 0x07, 0x0A, 0x0A, 0x0A, 0x0A,

    0x00, 0x00, 0x0F, 0x0F, 0x00, 0x00, 0x00, 0x00,
    0x0A, 0x0F, 0x0F, 0x0F, 0x00, 0x00, 0x00, 0x00,
    0x0A, 0x0F, 0x0F, 0x0A, 0x0A, 0x00, 0x00, 0x00,
    0x0F, 0x0A, 0x0A, 0x0A, 0x0A, 0x0A, 0x00, 0x00,
    0x0F, 0x0A, 0x0A, 0x0A, 0x0A, 0x0A, 0x0A, 0x0A,
    0x0A, 0x0A, 0x0A, 0x0A, 0x0A, 0x0A, 0x0A, 0x0A,
    0x0A, 0x0A, 0x0A, 0x0A, 0x0A, 0x0A, 0x0A, 0x07,
    0x0A, 0x0A, 0x0A, 0x0A, 0x0A, 0x0A, 0x07, 0x07,

    // Tile 260 (4,8)
    0x00, 0x00, 0x00, 0x00, 0x00, 0x00, 0x0F, 0x0F,
    0x00, 0x00, 0x00, 0x00, 0x00, 0x00, 0x0F, 0x0F,
    0x00, 0x00, 0x00, 0x00, 0x00, 0x06, 0x06, 0x0F,
    0x00, 0x00, 0x00, 0x00, 0x06, 0x06, 0x06, 0x06,
    0x00, 0x00, 0x06, 0x06, 0x06, 0x06, 0x06, 0x06,
    0x00, 0x06, 0x06, 0x06, 0x06, 0x06, 0x06, 0x06,
    0x00, 0x06, 0x0A, 0x06, 0x06, 0x06, 0x06, 0x06,
    0x00, 0x0A, 0x0A, 0x0A, 0x06, 0x06, 0x00, 0x06,

    0x00, 0x00, 0x00, 0x00, 0x00, 0x00, 0x00, 0x00,
    0x0F, 0x06, 0x06, 0x06, 0x00, 0x00, 0x00, 0x00,
    0x0F, 0x06, 0x06, 0x06, 0x06, 0x00, 0x00, 0x00,
    0x06, 0x0F, 0x0F, 0x06, 0x06, 0x06, 0x00, 0x00,
    0x06, 0x0F, 0x0F, 0x0F, 0x06, 0x06, 0x06, 0x06,
    0x06, 0x06, 0x0F, 0x0F, 0x06, 0x06, 0x06, 0x0A,
    0x06, 0x06, 0x06, 0x06, 0x06, 0x06, 0x0A, 0x0A,
    0x06, 0x06, 0x06, 0x00, 0x06, 0x06, 0x0A, 0x0A,

    0x00, 0x00, 0x00, 0x00, 0x00, 0x00, 0x00, 0x00,
    0x00, 0x00, 0x00, 0x00, 0x00, 0x00, 0x06, 0x06,
    0x00, 0x00, 0x00, 0x00, 0x00, 0x06, 0x06, 0x06,
    0x00, 0x00, 0x00, 0x00, 0x06, 0x06, 0x06, 0x0F,
    0x00, 0x00, 0x06, 0x06, 0x06, 0x06, 0x0F, 0x0F,
    0x00, 0x06, 0x0A, 0x06, 0x06, 0x06, 0x0F, 0x0F,
    0x00, 0x0A, 0x0A, 0x0A, 0x06, 0x06, 0x06, 0x06,
    0x00, 0x0A, 0x0A, 0x0A, 0x06, 0x06, 0x00, 0x06,

    0x00, 0x00, 0x0F, 0x0F, 0x00, 0x00, 0x00, 0x00,
    0x06, 0x0F, 0x0F, 0x0F, 0x00, 0x00, 0x00, 0x00,
    0x06, 0x0F, 0x0F, 0x06, 0x06, 0x00, 0x00, 0x00,
    0x0F, 0x06, 0x06, 0x06, 0x06, 0x06, 0x00, 0x00,
    0x0F, 0x06, 0x06, 0x06, 0x06, 0x06, 0x06, 0x06,
    0x06, 0x06, 0x06, 0x06, 0x06, 0x06, 0x06, 0x06,
    0x06, 0x06, 0x06, 0x06, 0x06, 0x06, 0x06, 0x0A,
    0x06, 0x06, 0x06, 0x00, 0x06, 0x06, 0x0A, 0x0A,

    // Tile 264 (8,8)
    0x00, 0x00, 0x00, 0x00, 0x00, 0x00, 0x00, 0x00,
    0x00, 0x00, 0x00, 0x00, 0x00, 0x00, 0x0D, 0x0D,
    0x00, 0x00, 0x00, 0x00, 0x00, 0x0D, 0x0D, 0x0D,
    0x00, 0x00, 0x00, 0x00, 0x06, 0x06, 0x0D, 0x0D,
    0x00, 0x00, 0x06, 0x06, 0x06, 0x06, 0x06, 0x06,
    0x00, 0x06, 0x0B, 0x06, 0x06, 0x06, 0x06, 0x06,
    0x00, 0x0B, 0x0B, 0x0B, 0x06, 0x06, 0x06, 0x06,
    0x00, 0x0B, 0x0B, 0x0B, 0x06, 0x06, 0x06, 0x06,

    0x00, 0x00, 0x00, 0x00, 0x00, 0x00, 0x00, 0x00,
    0x06, 0x06, 0x0D, 0x0D, 0x00, 0x00, 0x00, 0x00,
    0x0D, 0x0D, 0x0D, 0x0D, 0x0D, 0x00, 0x00, 0x00,
    0x06, 0x06, 0x0D, 0x0D, 0x06, 0x06, 0x00, 0x00,
    0x06, 0x06, 0x06, 0x06, 0x06, 0x06, 0x06, 0x06,
    0x06, 0x06, 0x06, 0x06, 0x06, 0x06, 0x06, 0x06,
    0x06, 0x06, 0x06, 0x06, 0x06, 0x06, 0x06, 0x0B,
    0x06, 0x06, 0x06, 0x06, 0x06, 0x06, 0x0B, 0x0B,

    0x00, 0x00, 0x00, 0x00, 0x00, 0x00, 0x00, 0x00,
    0x00, 0x00, 0x00, 0x00, 0x00, 0x00, 0x0D, 0x0D,
    0x00, 0x00, 0x00, 0x00, 0x00, 0x0D, 0x0D, 0x0D,
    0x00, 0x00, 0x00, 0x00, 0x06, 0x06, 0x0D, 0x0D,
    0x00, 0x00, 0x06, 0x06, 0x06, 0x06, 0x06, 0x06,
    0x00, 0x06, 0x06, 0x06, 0x06, 0x06, 0x06, 0x06,
    0x00, 0x06, 0x0B, 0x06, 0x06, 0x06, 0x06, 0x06,
    0x00, 0x0B, 0x0B, 0x0B, 0x06, 0x06, 0x06, 0x06,

    0x00, 0x00, 0x00, 0x00, 0x00, 0x00, 0x00, 0x00,
    0x06, 0x06, 0x0D, 0x0D, 0x00, 0x00, 0x00, 0x00,
    0x0D, 0x0D, 0x0D, 0x0D, 0x0D, 0x00, 0x00, 0x00,
    0x06, 0x06, 0x0D, 0x0D, 0x06, 0x06, 0x00, 0x00,
    0x06, 0x06, 0x06, 0x06, 0x06, 0x06, 0x06, 0x06,
    0x06, 0x06, 0x06, 0x06, 0x06, 0x06, 0x06, 0x0B,
    0x06, 0x06, 0x06, 0x06, 0x06, 0x06, 0x0B, 0x0B,
    0x06, 0x06, 0x06, 0x06, 0x06, 0x06, 0x0B, 0x0B,

    // Tile 268 (12,8)
    0x00, 0x00, 0x00, 0x00, 0x00, 0x00, 0x07, 0x07,
    0x00, 0x00, 0x00, 0x00, 0x07, 0x07, 0x00, 0x00,
    0x00, 0x00, 0x00, 0x07, 0x07, 0x00, 0x0F, 0x0F,
    0x00, 0x00, 0x00, 0x07, 0x00, 0x00, 0x0F, 0x00,
    0x00, 0x00, 0x07, 0x00, 0x0F, 0x0F, 0x00, 0x0A,
    0x00, 0x00, 0x07, 0x00, 0x0F, 0x00, 0x0A, 0x0A,
    0x00, 0x07, 0x07, 0x07, 0x00, 0x0A, 0x0A, 0x0A,
    0x00, 0x07, 0x07, 0x00, 0x0A, 0x0A, 0x0A, 0x00,

    0x07, 0x07, 0x00, 0x00, 0x00, 0x00, 0x00, 0x00,
    0x07, 0x07, 0x07, 0x07, 0x00, 0x00, 0x00, 0x00,
    0x00, 0x00, 0x00, 0x07, 0x07, 0x00, 0x00, 0x00,
    0x0A, 0x0A, 0x00, 0x00, 0x07, 0x00, 0x00, 0x00,
    0x0A, 0x0A, 0x0A, 0x0A, 0x00, 0x07, 0x00, 0x00,
    0x0A, 0x0A, 0x0A, 0x0A, 0x00, 0x07, 0x00, 0x00,
    0x0A, 0x00, 0x0A, 0x0A, 0x00, 0x07, 0x07, 0x00,
    0x0A, 0x0A, 0x00, 0x0A, 0x00, 0x07, 0x07, 0x00,

    0x00, 0x00, 0x00, 0x00, 0x00, 0x00, 0x00, 0x07,
    0x00, 0x00, 0x00, 0x00, 0x00, 0x07, 0x07, 0x07,
    0x00, 0x00, 0x00, 0x00, 0x07, 0x07, 0x00, 0x00,
    0x00, 0x00, 0x00, 0x00, 0x07, 0x00, 0x00, 0x0A,
    0x00, 0x00, 0x00, 0x07, 0x00, 0x0A, 0x0A, 0x0A,
    0x00, 0x00, 0x00, 0x07, 0x00, 0x0A, 0x0A, 0x0A,
    0x00, 0x00, 0x07, 0x07, 0x00, 0x0A, 0x0A, 0x00,
    0x00, 0x00, 0x07, 0x07, 0x00, 0x0A, 0x00, 0x0A,

    0x07, 0x07, 0x07, 0x00, 0x00, 0x00, 0x00, 0x00,
    0x07, 0x00, 0x00, 0x07, 0x07, 0x00, 0x00, 0x00,
    0x00, 0x0F, 0x0F, 0x00, 0x07, 0x07, 0x00, 0x00,
    0x0A, 0x00, 0x0F, 0x00, 0x00, 0x07, 0x00, 0x00,
    0x0A, 0x0A, 0x00, 0x0F, 0x0F, 0x00, 0x07, 0x00,
    0x0A, 0x0A, 0x0A, 0x00, 0x0F, 0x00, 0x07, 0x00,
    0x0A, 0x0A, 0x0A, 0x0A, 0x00, 0x07, 0x07, 0x07,
    0x0A, 0x00, 0x0A, 0x0A, 0x0A, 0x00, 0x07, 0x07,

    // Tile 272 (16,8)
    0x00, 0x00, 0x00, 0x00, 0x00, 0x00, 0x00, 0x0A,
    0x00, 0x00, 0x00, 0x00, 0x00, 0x0A, 0x0A, 0x00,
    0x00, 0x00, 0x00, 0x00, 0x0A, 0x0A, 0x00, 0x0F,
    0x00, 0x00, 0x00, 0x00, 0x0A, 0x00, 0x00, 0x0F,
    0x00, 0x00, 0x00, 0x0A, 0x00, 0x0F, 0x0F, 0x00,
    0x00, 0x00, 0x00, 0x0A, 0x00, 0x0F, 0x00, 0x0B,
    0x00, 0x00, 0x0A, 0x0A, 0x0A, 0x00, 0x0B, 0x0B,
    0x00, 0x00, 0x0A, 0x0A, 0x00, 0x0B, 0x0B, 0x0B,

    0x0A, 0x0A, 0x0A, 0x00, 0x00, 0x00, 0x00, 0x00,
    0x00, 0x0A, 0x0A, 0x0A, 0x0A, 0x00, 0x00, 0x00,
    0x0F, 0x00, 0x00, 0x00, 0x0A, 0x0A, 0x00, 0x00,
    0x00, 0x0B, 0x0B, 0x00, 0x00, 0x0A, 0x00, 0x00,
    0x0B, 0x0B, 0x0B, 0x0B, 0x0B, 0x00, 0x0A, 0x00,
    0x0B, 0x0B, 0x0B, 0x0B, 0x0B, 0x00, 0x0A, 0x00,
    0x0B, 0x0B, 0x00, 0x0B, 0x0B, 0x00, 0x0A, 0x0A,
    0x00, 0x0B, 0x0B, 0x00, 0x0B, 0x00, 0x0A, 0x0A,

    0x00, 0x00, 0x00, 0x00, 0x00, 0x00, 0x00, 0x0A,
    0x00, 0x00, 0x00, 0x00, 0x00, 0x0A, 0x0A, 0x0A,
    0x00, 0x00, 0x00, 0x00, 0x0A, 0x0A, 0x00, 0x00,
    0x00, 0x00, 0x00, 0x00, 0x0A, 0x00, 0x00, 0x0B,
    0x00, 0x00, 0x00, 0x0A, 0x00, 0x0B, 0x0B, 0x0B,
    0x00, 0x00, 0x00, 0x0A, 0x00, 0x0B, 0x0B, 0x0B,
    0x00, 0x00, 0x0A, 0x0A, 0x00, 0x0B, 0x0B, 0x00,
    0x00, 0x00, 0x0A, 0x0A, 0x00, 0x0B, 0x00, 0x0B,

    0x0A, 0x0A, 0x0A, 0x00, 0x00, 0x00, 0x00, 0x00,
    0x0A, 0x00, 0x00, 0x0A, 0x0A, 0x00, 0x00, 0x00,
    0x00, 0x0F, 0x0F, 0x00, 0x0A, 0x0A, 0x00, 0x00,
    0x0B, 0x00, 0x0F, 0x00, 0x00, 0x0A, 0x00, 0x00,
    0x0B, 0x0B, 0x00, 0x0F, 0x0F, 0x00, 0x0A, 0x00,
    0x0B, 0x0B, 0x0B, 0x00, 0x0F, 0x00, 0x0A, 0x00,
    0x0B, 0x0B, 0x0B, 0x0B, 0x00, 0x0A, 0x0A, 0x0A,
    0x0B, 0x00, 0x0B, 0x0B, 0x0B, 0x00, 0x0A, 0x0A,

    // Tile 276 (20,8)
    0x00, 0x00, 0x00, 0x00, 0x00, 0x00, 0x00, 0x06,
    0x00, 0x00, 0x00, 0x00, 0x00, 0x06, 0x06, 0x00,
    0x00, 0x00, 0x00, 0x00, 0x06, 0x06, 0x00, 0x0F,
    0x00, 0x00, 0x00, 0x00, 0x06, 0x00, 0x00, 0x0F,
    0x00, 0x00, 0x00, 0x06, 0x00, 0x0F, 0x0F, 0x00,
    0x00, 0x00, 0x00, 0x06, 0x00, 0x0F, 0x00, 0x0A,
    0x00, 0x00, 0x06, 0x06, 0x06, 0x00, 0x0A, 0x0A,
    0x00, 0x00, 0x06, 0x06, 0x00, 0x0A, 0x0A, 0x0A,

    0x06, 0x06, 0x06, 0x00, 0x00, 0x00, 0x00, 0x00,
    0x00, 0x06, 0x06, 0x06, 0x06, 0x00, 0x00, 0x00,
    0x0F, 0x00, 0x00, 0x00, 0x06, 0x06, 0x00, 0x00,
    0x00, 0x0A, 0x0A, 0x00, 0x00, 0x06, 0x00, 0x00,
    0x0A, 0x0A, 0x0A, 0x0A, 0x0A, 0x00, 0x06, 0x00,
    0x0A, 0x0A, 0x0A, 0x0A, 0x0A, 0x00, 0x06, 0x00,
    0x0A, 0x0A, 0x00, 0x0A, 0x0A, 0x00, 0x06, 0x06,
    0x00, 0x0A, 0x0A, 0x00, 0x0A, 0x00, 0x06, 0x06,

    0x00, 0x00, 0x00, 0x00, 0x00, 0x00, 0x00, 0x06,
    0x00, 0x00, 0x00, 0x00, 0x00, 0x06, 0x06, 0x06,
    0x00, 0x00, 0x00, 0x00, 0x06, 0x06, 0x00, 0x00,
    0x00, 0x00, 0x00, 0x00, 0x06, 0x00, 0x00, 0x0A,
    0x00, 0x00, 0x00, 0x06, 0x00, 0x0A, 0x0A, 0x0A,
    0x00, 0x00, 0x00, 0x06, 0x00, 0x0A, 0x0A, 0x0A,
    0x00, 0x00, 0x06, 0x06, 0x00, 0x0A, 0x0A, 0x00,
    0x00, 0x00, 0x06, 0x06, 0x00, 0x0A, 0x00, 0x0A,

    0x06, 0x06, 0x06, 0x00, 0x00, 0x00, 0x00, 0x00,
    0x06, 0x00, 0x00, 0x06, 0x06, 0x00, 0x00, 0x00,
    0x00, 0x0F, 0x0F, 0x00, 0x06, 0x06, 0x00, 0x00,
    0x0A, 0x00, 0x0F, 0x00, 0x00, 0x06, 0x00, 0x00,
    0x0A, 0x0A, 0x00, 0x0F, 0x0F, 0x00, 0x06, 0x00,
    0x0A, 0x0A, 0x0A, 0x00, 0x0F, 0x00, 0x06, 0x00,
    0x0A, 0x0A, 0x0A, 0x0A, 0x00, 0x06, 0x06, 0x06,
    0x0A, 0x00, 0x0A, 0x0A, 0x0A, 0x00, 0x06, 0x06,

    // Tile 280 (24,8)
    0x00, 0x00, 0x00, 0x00, 0x00, 0x00, 0x00, 0x00,
    0x00, 0x00, 0x00, 0x00, 0x00, 0x00, 0x0D, 0x0D,
    0x00, 0x00, 0x00, 0x00, 0x00, 0x0D, 0x0D, 0x0D,
    0x00, 0x00, 0x00, 0x00, 0x06, 0x06, 0x0D, 0x0D,
    0x00, 0x00, 0x06, 0x06, 0x06, 0x06, 0x06, 0x06,
    0x00, 0x06, 0x0B, 0x06, 0x06, 0x06, 0x06, 0x06,
    0x00, 0x0B, 0x0B, 0x0B, 0x06, 0x06, 0x06, 0x06,
    0x00, 0x0B, 0x0B, 0x0B, 0x06, 0x06, 0x06, 0x06,

    0x00, 0x00, 0x00, 0x00, 0x00, 0x00, 0x00, 0x00,
    0x06, 0x06, 0x0D, 0x0D, 0x00, 0x00, 0x00, 0x00,
    0x0D, 0x0D, 0x0D, 0x0D, 0x0D, 0x00, 0x00, 0x00,
    0x06, 0x06, 0x0D, 0x0D, 0x06, 0x06, 0x00, 0x00,
    0x06, 0x06, 0x06, 0x06, 0x06, 0x06, 0x06, 0x06,
    0x06, 0x06, 0x06, 0x06, 0x06, 0x06, 0x06, 0x06,
    0x06, 0x06, 0x06, 0x06, 0x06, 0x06, 0x06, 0x0B,
    0x06, 0x06, 0x06, 0x06, 0x06, 0x06, 0x0B, 0x0B,

    0x00, 0x00, 0x00, 0x00, 0x00, 0x00, 0x00, 0x00,
    0x00, 0x00, 0x0B, 0x0B, 0x00, 0x00, 0x00, 0x06,
    0x00, 0x0B, 0x0B, 0x0B, 0x06, 0x06, 0x00, 0x06,
    0x00, 0x0B, 0x0B, 0x06, 0x06, 0x06, 0x06, 0x06,
    0x00, 0x06, 0x06, 0x06, 0x06, 0x06, 0x00, 0x06,
    0x00, 0x00, 0x00, 0x06, 0x06, 0x06, 0x00, 0x06,
    0x00, 0x00, 0x06, 0x06, 0x00, 0x00, 0x00, 0x0D,
    0x00, 0x00, 0x06, 0x06, 0x06, 0x06, 0x00, 0x06,

    0x06, 0x06, 0x0B, 0x0B, 0x00, 0x00, 0x00, 0x00,
    0x06, 0x0B, 0x0B, 0x0B, 0x0B, 0x00, 0x00, 0x00,
    0x06, 0x06, 0x0B, 0x0B, 0x06, 0x00, 0x00, 0x00,
    0x06, 0x06, 0x06, 0x06, 0x06, 0x06, 0x00, 0x00,
    0x06, 0x06, 0x06, 0x06, 0x06, 0x06, 0x0D, 0x00,
    0x06, 0x06, 0x06, 0x06, 0x06, 0x0D, 0x0D, 0x0D,
    0x00, 0x06, 0x06, 0x06, 0x06, 0x0D, 0x0D, 0x0D,
    0x06, 0x06, 0x06, 0x06, 0x06, 0x06, 0x0D, 0x06,

    // Tile 284 (28,8)
    0x00, 0x00, 0x00, 0x0B, 0x0B, 0x06, 0x00, 0x00,
    0x00, 0x00, 0x0B, 0x0B, 0x0B, 0x06, 0x00, 0x06,
    0x00, 0x00, 0x0B, 0x0B, 0x06, 0x06, 0x06, 0x06,
    0x00, 0x00, 0x00, 0x06, 0x06, 0x06, 0x06, 0x00,
    0x00, 0x00, 0x00, 0x06, 0x06, 0x06, 0x06, 0x00,
    0x00, 0x00, 0x00, 0x00, 0x06, 0x00, 0x00, 0x00,
    0x00, 0x00, 0x0B, 0x06, 0x06, 0x06, 0x06, 0x0D,
    0x00, 0x0B, 0x0B, 0x0B, 0x06, 0x06, 0x06, 0x00,

    0x00, 0x00, 0x00, 0x00, 0x06, 0x0B, 0x0B, 0x00,
    0x06, 0x06, 0x06, 0x00, 0x06, 0x0B, 0x0B, 0x0B,
    0x06, 0x06, 0x06, 0x06, 0x06, 0x0B, 0x0B, 0x0B,
    0x06, 0x06, 0x00, 0x06, 0x06, 0x06, 0x0B, 0x0B,
    0x06, 0x06, 0x00, 0x06, 0x06, 0x06, 0x06, 0x00,
    0x00, 0x00, 0x00, 0x00, 0x00, 0x06, 0x00, 0x00,
    0x06, 0x06, 0x0D, 0x06, 0x06, 0x06, 0x06, 0x06,
    0x06, 0x06, 0x00, 0x06, 0x06, 0x06, 0x06, 0x0B,

    0x00, 0x00, 0x00, 0x00, 0x00, 0x00, 0x06, 0x0B,
    0x00, 0x00, 0x00, 0x00, 0x00, 0x06, 0x0B, 0x0B,
    0x00, 0x00, 0x00, 0x00, 0x00, 0x06, 0x06, 0x0B,
    0x00, 0x00, 0x00, 0x00, 0x06, 0x06, 0x06, 0x06,
    0x00, 0x00, 0x00, 0x0D, 0x06, 0x06, 0x06, 0x06,
    0x00, 0x00, 0x0D, 0x0D, 0x0D, 0x06, 0x06, 0x06,
    0x00, 0x00, 0x0D, 0x0D, 0x0D, 0x06, 0x06, 0x06,
    0x00, 0x00, 0x06, 0x0D, 0x06, 0x06, 0x06, 0x06,

    0x0B, 0x06, 0x00, 0x00, 0x00, 0x00, 0x00, 0x00,
    0x0B, 0x0B, 0x06, 0x00, 0x00, 0x0B, 0x0B, 0x0B,
    0x0B, 0x06, 0x06, 0x00, 0x06, 0x0B, 0x0B, 0x0B,
    0x06, 0x06, 0x06, 0x06, 0x06, 0x06, 0x0B, 0x0B,
    0x06, 0x06, 0x06, 0x00, 0x06, 0x06, 0x06, 0x06,
    0x06, 0x06, 0x06, 0x00, 0x06, 0x06, 0x06, 0x00,
    0x06, 0x00, 0x0D, 0x00, 0x00, 0x00, 0x06, 0x06,
    0x06, 0x06, 0x06, 0x00, 0x06, 0x06, 0x06, 0x06,

    // Tile 288 (0,9)
    0x00, 0x07, 0x07, 0x07, 0x0A, 0x0A, 0x0A, 0x00,
    0x00, 0x00, 0x07, 0x0A, 0x0A, 0x0A, 0x0A, 0x0A,
    0x00, 0x00, 0x00, 0x00, 0x0A, 0x0A, 0x0A, 0x00,
    0x00, 0x00, 0x00, 0x0A, 0x0A, 0x0A, 0x0A, 0x00,
    0x00, 0x00, 0x00, 0x0A, 0x0A, 0x0A, 0x0A, 0x00,
    0x00, 0x00, 0x07, 0x07, 0x0A, 0x0A, 0x0A, 0x0A,
    0x00, 0x00, 0x07, 0x07, 0x07, 0x0A, 0x00, 0x0A,
    0x00, 0x00, 0x00, 0x07, 0x07, 0x0A, 0x00, 0x00,

    0x0A, 0x0A, 0x00, 0x0A, 0x0A, 0x0A, 0x0A, 0x07,
    0x0A, 0x0A, 0x0A, 0x0A, 0x0A, 0x0A, 0x0A, 0x0A,
    0x0A, 0x0A, 0x00, 0x0A, 0x0A, 0x0A, 0x00, 0x00,
    0x0A, 0x0A, 0x00, 0x0A, 0x0A, 0x0A, 0x0A, 0x00,
    0x0A, 0x0A, 0x00, 0x0A, 0x0A, 0x07, 0x07, 0x07,
    0x0A, 0x0A, 0x0A, 0x0A, 0x0A, 0x07, 0x07, 0x07,
    0x0A, 0x0A, 0x0A, 0x00, 0x0A, 0x07, 0x07, 0x07,
    0x00, 0x00, 0x00, 0x00, 0x0A, 0x07, 0x07, 0x00,

    0x00, 0x0A, 0x07, 0x0A, 0x0A, 0x0A, 0x0A, 0x00,
    0x00, 0x00, 0x0A, 0x0A, 0x0A, 0x0A, 0x0A, 0x0A,
    0x00, 0x00, 0x00, 0x00, 0x0A, 0x0A, 0x0A, 0x00,
    0x00, 0x00, 0x00, 0x0A, 0x0A, 0x0A, 0x0A, 0x00,
    0x00, 0x00, 0x07, 0x07, 0x07, 0x0A, 0x0A, 0x00,
    0x00, 0x00, 0x07, 0x07, 0x07, 0x0A, 0x0A, 0x0A,
    0x00, 0x00, 0x07, 0x07, 0x07, 0x0A, 0x00, 0x0A,
    0x00, 0x00, 0x00, 0x07, 0x07, 0x0A, 0x00, 0x00,

    0x0A, 0x0A, 0x00, 0x0A, 0x0A, 0x0A, 0x07, 0x07,
    0x0A, 0x0A, 0x0A, 0x0A, 0x0A, 0x0A, 0x0A, 0x07,
    0x0A, 0x0A, 0x00, 0x0A, 0x0A, 0x0A, 0x00, 0x00,
    0x0A, 0x0A, 0x00, 0x0A, 0x0A, 0x0A, 0x0A, 0x00,
    0x0A, 0x0A, 0x00, 0x0A, 0x0A, 0x0A, 0x0A, 0x00,
    0x0A, 0x0A, 0x0A, 0x0A, 0x0A, 0x0A, 0x07, 0x07,
    0x0A, 0x0A, 0x0A, 0x00, 0x0A, 0x07, 0x07, 0x07,
    0x00, 0x00, 0x00, 0x00, 0x0A, 0x07, 0x07, 0x00,

    // Tile 292 (4,9)
    0x00, 0x0A, 0x0A, 0x0A, 0x06, 0x06, 0x06, 0x00,
    0x00, 0x00, 0x0A, 0x06, 0x06, 0x06, 0x06, 0x0A,
    0x00, 0x00, 0x00, 0x00, 0x06, 0x06, 0x06, 0x00,
    0x00, 0x00, 0x00, 0x06, 0x06, 0x06, 0x06, 0x00,
    0x00, 0x00, 0x00, 0x06, 0x06, 0x06, 0x06, 0x00,
    0x00, 0x00, 0x0A, 0x0A, 0x06, 0x06, 0x06, 0x06,
    0x00, 0x00, 0x0A, 0x0A, 0x0A, 0x06, 0x00, 0x06,
    0x00, 0x00, 0x00, 0x0A, 0x0A, 0x06, 0x00, 0x00,

    0x06, 0x06, 0x00, 0x06, 0x06, 0x06, 0x06, 0x0A,
    0x06, 0x06, 0x0A, 0x06, 0x06, 0x06, 0x06, 0x06,
    0x06, 0x06, 0x00, 0x06, 0x06, 0x06, 0x00, 0x00,
    0x06, 0x06, 0x00, 0x06, 0x06, 0x06, 0x06, 0x00,
    0x06, 0x06, 0x00, 0x06, 0x06, 0x0A, 0x0A, 0x0A,
    0x06, 0x06, 0x06, 0x06, 0x06, 0x0A, 0x0A, 0x0A,
    0x06, 0x06, 0x06, 0x00, 0x06, 0x0A, 0x0A, 0x0A,
    0x00, 0x00, 0x00, 0x00, 0x06, 0x0A, 0x0A, 0x00,

    0x00, 0x06, 0x0A, 0x06, 0x06, 0x06, 0x06, 0x00,
    0x00, 0x00, 0x06, 0x06, 0x06, 0x06, 0x06, 0x0A,
    0x00, 0x00, 0x00, 0x00, 0x06, 0x06, 0x06, 0x00,
    0x00, 0x00, 0x00, 0x06, 0x06, 0x06, 0x06, 0x00,
    0x00, 0x00, 0x0A, 0x0A, 0x0A, 0x06, 0x06, 0x00,
    0x00, 0x00, 0x0A, 0x0A, 0x0A, 0x06, 0x06, 0x06,
    0x00, 0x00, 0x0A, 0x0A, 0x0A, 0x06, 0x00, 0x06,
    0x00, 0x00, 0x00, 0x0A, 0x0A, 0x06, 0x00, 0x00,

    0x06, 0x06, 0x00, 0x06, 0x06, 0x06, 0x0A, 0x0A,
    0x06, 0x06, 0x0A, 0x06, 0x06, 0x06, 0x06, 0x0A,
    0x06, 0x06, 0x00, 0x06, 0x06, 0x06, 0x00, 0x00,
    0x06, 0x06, 0x00, 0x06, 0x06, 0x06, 0x06, 0x00,
    0x06, 0x06, 0x00, 0x06, 0x06, 0x06, 0x06, 0x00,
    0x06, 0x06, 0x06, 0x06, 0x06, 0x06, 0x0A, 0x0A,
    0x06, 0x06, 0x06, 0x00, 0x06, 0x0A, 0x0A, 0x0A,
    0x00, 0x00, 0x00, 0x00, 0x06, 0x0A, 0x0A, 0x00,

    // Tile 296 (8,9)
    0x00, 0x06, 0x0B, 0x06, 0x06, 0x06, 0x06, 0x00,
    0x00, 0x00, 0x06, 0x06, 0x06, 0x06, 0x06, 0x0D,
    0x00, 0x00, 0x00, 0x00, 0x06, 0x00, 0x00, 0x00,
    0x00, 0x00, 0x00, 0x06, 0x06, 0x06, 0x06, 0x00,
    0x00, 0x00, 0x0B, 0x0B, 0x06, 0x06, 0x06, 0x00,
    0x00, 0x00, 0x0B, 0x0B, 0x0B, 0x06, 0x06, 0x06,
    0x00, 0x00, 0x0B, 0x0B, 0x0B, 0x06, 0x00, 0x06,
    0x00, 0x00, 0x00, 0x0B, 0x0B, 0x06, 0x00, 0x00,

    0x06, 0x06, 0x00, 0x06, 0x06, 0x06, 0x0B, 0x0B,
    0x06, 0x06, 0x0D, 0x06, 0x06, 0x06, 0x06, 0x0B,
    0x00, 0x00, 0x00, 0x00, 0x00, 0x06, 0x00, 0x00,
    0x06, 0x06, 0x00, 0x06, 0x06, 0x06, 0x06, 0x00,
    0x06, 0x06, 0x00, 0x06, 0x06, 0x06, 0x06, 0x00,
    0x06, 0x06, 0x06, 0x06, 0x06, 0x06, 0x0B, 0x0B,
    0x06, 0x06, 0x06, 0x00, 0x06, 0x0B, 0x0B, 0x0B,
    0x00, 0x00, 0x00, 0x00, 0x06, 0x0B, 0x0B, 0x00,

    0x00, 0x0B, 0x0B, 0x0B, 0x06, 0x06, 0x06, 0x00,
    0x00, 0x00, 0x0B, 0x06, 0x06, 0x06, 0x06, 0x0D,
    0x00, 0x00, 0x00, 0x00, 0x06, 0x00, 0x00, 0x00,
    0x00, 0x00, 0x00, 0x06, 0x06, 0x06, 0x06, 0x00,
    0x00, 0x00, 0x00, 0x06, 0x06, 0x06, 0x06, 0x00,
    0x00, 0x00, 0x0B, 0x0B, 0x06, 0x06, 0x06, 0x06,
    0x00, 0x00, 0x0B, 0x0B, 0x0B, 0x06, 0x00, 0x06,
    0x00, 0x00, 0x00, 0x0B, 0x0B, 0x06, 0x00, 0x00,

    0x06, 0x06, 0x00, 0x06, 0x06, 0x06, 0x06, 0x0B,
    0x06, 0x06, 0x0D, 0x06, 0x06, 0x06, 0x06, 0x06,
    0x00, 0x00, 0x00, 0x00, 0x00, 0x06, 0x00, 0x00,
    0x06, 0x06, 0x00, 0x06, 0x06, 0x06, 0x06, 0x00,
    0x06, 0x06, 0x00, 0x06, 0x06, 0x06, 0x0B, 0x0B,
    0x06, 0x06, 0x06, 0x06, 0x06, 0x0B, 0x0B, 0x0B,
    0x06, 0x06, 0x06, 0x00, 0x06, 0x0B, 0x0B, 0x0B,
    0x00, 0x00, 0x00, 0x00, 0x06, 0x0B, 0x0B, 0x00,

    // Tile 300 (12,9)
    0x00, 0x07, 0x07, 0x00, 0x0A, 0x0A, 0x0A, 0x00,
    0x00, 0x07, 0x07, 0x07, 0x00, 0x0A, 0x0A, 0x0A,
    0x00, 0x00, 0x07, 0x00, 0x0A, 0x0A, 0x0A, 0x0A,
    0x00, 0x00, 0x07, 0x00, 0x0A, 0x0A, 0x00, 0x0A,
    0x00, 0x00, 0x00, 0x07, 0x00, 0x00, 0x0A, 0x0A,
    0x00, 0x00, 0x00, 0x07, 0x07, 0x00, 0x0A, 0x0A,
    0x00, 0x00, 0x00, 0x00, 0x07, 0x07, 0x00, 0x00,
    0x00, 0x00, 0x00, 0x00, 0x00, 0x00, 0x07, 0x07,

    0x00, 0x0A, 0x0A, 0x0A, 0x0A, 0x00, 0x07, 0x00,
    0x00, 0x0A, 0x0A, 0x0A, 0x0A, 0x00, 0x07, 0x00,
    0x0A, 0x0A, 0x0A, 0x00, 0x00, 0x07, 0x00, 0x00,
    0x0A, 0x0A, 0x00, 0x07, 0x07, 0x07, 0x00, 0x00,
    0x0A, 0x00, 0x07, 0x07, 0x07, 0x00, 0x00, 0x00,
    0x0A, 0x00, 0x07, 0x07, 0x07, 0x00, 0x00, 0x00,
    0x00, 0x07, 0x07, 0x07, 0x00, 0x00, 0x00, 0x00,
    0x07, 0x07, 0x00, 0x00, 0x00, 0x00, 0x00, 0x00,

    0x00, 0x00, 0x07, 0x00, 0x0A, 0x0A, 0x0A, 0x0A,
    0x00, 0x00, 0x07, 0x00, 0x0A, 0x0A, 0x0A, 0x0A,
    0x00, 0x00, 0x00, 0x07, 0x00, 0x00, 0x0A, 0x0A,
    0x00, 0x00, 0x00, 0x07, 0x07, 0x07, 0x00, 0x0A,
    0x00, 0x00, 0x00, 0x00, 0x07, 0x07, 0x07, 0x00,
    0x00, 0x00, 0x00, 0x00, 0x07, 0x07, 0x07, 0x00,
    0x00, 0x00, 0x00, 0x00, 0x00, 0x07, 0x07, 0x07,
    0x00, 0x00, 0x00, 0x00, 0x00, 0x00, 0x00, 0x07,

    0x00, 0x00, 0x0A, 0x0A, 0x0A, 0x00, 0x07, 0x07,
    0x00, 0x0A, 0x0A, 0x0A, 0x00, 0x07, 0x07, 0x07,
    0x0A, 0x0A, 0x0A, 0x0A, 0x0A, 0x00, 0x07, 0x00,
    0x0A, 0x0A, 0x00, 0x0A, 0x0A, 0x00, 0x07, 0x00,
    0x0A, 0x0A, 0x0A, 0x00, 0x00, 0x07, 0x00, 0x00,
    0x0A, 0x0A, 0x0A, 0x00, 0x07, 0x07, 0x00, 0x00,
    0x00, 0x00, 0x00, 0x07, 0x07, 0x00, 0x00, 0x00,
    0x07, 0x07, 0x07, 0x00, 0x00, 0x00, 0x00, 0x00,

    // Tile 304 (16,9)
    0x00, 0x00, 0x0A, 0x0A, 0x00, 0x0B, 0x0B, 0x0B,
    0x00, 0x00, 0x0A, 0x0A, 0x0A, 0x00, 0x0B, 0x0B,
    0x00, 0x00, 0x00, 0x0A, 0x00, 0x0B, 0x0B, 0x0B,
    0x00, 0x00, 0x00, 0x0A, 0x00, 0x0B, 0x0B, 0x00,
    0x00, 0x00, 0x00, 0x00, 0x0A, 0x00, 0x00, 0x0B,
    0x00, 0x00, 0x00, 0x00, 0x0A, 0x0A, 0x00, 0x0B,
    0x00, 0x00, 0x00, 0x00, 0x00, 0x0A, 0x0A, 0x00,
    0x00, 0x00, 0x00, 0x00, 0x00, 0x00, 0x00, 0x0A,

    0x00, 0x00, 0x0B, 0x0B, 0x0B, 0x0B, 0x00, 0x0A,
    0x0B, 0x00, 0x0B, 0x0B, 0x0B, 0x0B, 0x00, 0x0A,
    0x0B, 0x0B, 0x0B, 0x0B, 0x00, 0x00, 0x0A, 0x00,
    0x0B, 0x0B, 0x0B, 0x00, 0x0A, 0x0A, 0x0A, 0x00,
    0x0B, 0x0B, 0x00, 0x0A, 0x0A, 0x0A, 0x00, 0x00,
    0x0B, 0x0B, 0x00, 0x0A, 0x0A, 0x0A, 0x00, 0x00,
    0x00, 0x00, 0x0A, 0x0A, 0x0A, 0x00, 0x00, 0x00,
    0x0A, 0x0A, 0x0A, 0x00, 0x00, 0x00, 0x00, 0x00,

    0x00, 0x00, 0x0A, 0x00, 0x0B, 0x0B, 0x0B, 0x0B,
    0x00, 0x00, 0x0A, 0x00, 0x0B, 0x0B, 0x0B, 0x0B,
    0x00, 0x00, 0x00, 0x0A, 0x00, 0x00, 0x0B, 0x0B,
    0x00, 0x00, 0x00, 0x0A, 0x0A, 0x0A, 0x00, 0x0B,
    0x00, 0x00, 0x00, 0x00, 0x0A, 0x0A, 0x0A, 0x00,
    0x00, 0x00, 0x00, 0x00, 0x0A, 0x0A, 0x0A, 0x00,
    0x00, 0x00, 0x00, 0x00, 0x00, 0x0A, 0x0A, 0x0A,
    0x00, 0x00, 0x00, 0x00, 0x00, 0x00, 0x00, 0x0A,

    0x00, 0x00, 0x0B, 0x0B, 0x0B, 0x00, 0x0A, 0x0A,
    0x00, 0x0B, 0x0B, 0x0B, 0x00, 0x0A, 0x0A, 0x0A,
    0x0B, 0x0B, 0x0B, 0x0B, 0x0B, 0x00, 0x0A, 0x00,
    0x0B, 0x0B, 0x00, 0x0B, 0x0B, 0x00, 0x0A, 0x00,
    0x0B, 0x0B, 0x0B, 0x00, 0x00, 0x0A, 0x00, 0x00,
    0x0B, 0x0B, 0x0B, 0x00, 0x0A, 0x0A, 0x00, 0x00,
    0x00, 0x00, 0x00, 0x0A, 0x0A, 0x00, 0x00, 0x00,
    0x0A, 0x0A, 0x0A, 0x00, 0x00, 0x00, 0x00, 0x00,

    // Tile 308 (20,9)
    0x00, 0x00, 0x06, 0x06, 0x00, 0x0A, 0x0A, 0x0A,
    0x00, 0x00, 0x06, 0x06, 0x06, 0x00, 0x0A, 0x0A,
    0x00, 0x00, 0x00, 0x06, 0x00, 0x0A, 0x0A, 0x0A,
    0x00, 0x00, 0x00, 0x06, 0x00, 0x0A, 0x0A, 0x00,
    0x00, 0x00, 0x00, 0x00, 0x06, 0x00, 0x00, 0x0A,
    0x00, 0x00, 0x00, 0x00, 0x06, 0x06, 0x00, 0x0A,
    0x00, 0x00, 0x00, 0x00, 0x00, 0x06, 0x06, 0x00,
    0x00, 0x00, 0x00, 0x00, 0x00, 0x00, 0x00, 0x06,

    0x00, 0x00, 0x0A, 0x0A, 0x0A, 0x0A, 0x00, 0x06,
    0x0A, 0x00, 0x0A, 0x0A, 0x0A, 0x0A, 0x00, 0x06,
    0x0A, 0x0A, 0x0A, 0x0A, 0x00, 0x00, 0x06, 0x00,
    0x0A, 0x0A, 0x0A, 0x00, 0x06, 0x06, 0x06, 0x00,
    0x0A, 0x0A, 0x00, 0x06, 0x06, 0x06, 0x00, 0x00,
    0x0A, 0x0A, 0x00, 0x06, 0x06, 0x06, 0x00, 0x00,
    0x00, 0x00, 0x06, 0x06, 0x06, 0x00, 0x00, 0x00,
    0x06, 0x06, 0x06, 0x00, 0x00, 0x00, 0x00, 0x00,

    0x00, 0x00, 0x06, 0x00, 0x0A, 0x0A, 0x0A, 0x0A,
    0x00, 0x00, 0x06, 0x00, 0x0A, 0x0A, 0x0A, 0x0A,
    0x00, 0x00, 0x00, 0x06, 0x00, 0x00, 0x0A, 0x0A,
    0x00, 0x00, 0x00, 0x06, 0x06, 0x06, 0x00, 0x0A,
    0x00, 0x00, 0x00, 0x00, 0x06, 0x06, 0x06, 0x00,
    0x00, 0x00, 0x00, 0x00, 0x06, 0x06, 0x06, 0x00,
    0x00, 0x00, 0x00, 0x00, 0x00, 0x06, 0x06, 0x06,
    0x00, 0x00, 0x00, 0x00, 0x00, 0x00, 0x00, 0x06,

    0x00, 0x00, 0x0A, 0x0A, 0x0A, 0x00, 0x06, 0x06,
    0x00, 0x0A, 0x0A, 0x0A, 0x00, 0x06, 0x06, 0x06,
    0x0A, 0x0A, 0x0A, 0x0A, 0x0A, 0x00, 0x06, 0x00,
    0x0A, 0x0A, 0x00, 0x0A, 0x0A, 0x00, 0x06, 0x00,
    0x0A, 0x0A, 0x0A, 0x00, 0x00, 0x06, 0x00, 0x00,
    0x0A, 0x0A, 0x0A, 0x00, 0x06, 0x06, 0x00, 0x00,
    0x00, 0x00, 0x00, 0x06, 0x06, 0x00, 0x00, 0x00,
    0x06, 0x06, 0x06, 0x00, 0x00, 0x00, 0x00, 0x00,

    // Tile 312 (24,9)
    0x00, 0x06, 0x0B, 0x06, 0x06, 0x06, 0x06, 0x00,
    0x00, 0x00, 0x06, 0x06, 0x06, 0x06, 0x06, 0x0D,
    0x00, 0x00, 0x00, 0x00, 0x06, 0x00, 0x00, 0x00,
    0x00, 0x00, 0x00, 0x06, 0x06, 0x06, 0x06, 0x00,
    0x00, 0x00, 0x0B, 0x0B, 0x06, 0x06, 0x06, 0x00,
    0x00, 0x00, 0x0B, 0x0B, 0x0B, 0x06, 0x06, 0x06,
    0x00, 0x00, 0x0B, 0x0B, 0x0B, 0x06, 0x00, 0x06,
    0x00, 0x00, 0x00, 0x0B, 0x0B, 0x06, 0x00, 0x00,

    0x06, 0x06, 0x00, 0x06, 0x06, 0x06, 0x0B, 0x0B,
    0x06, 0x06, 0x0D, 0x06, 0x06, 0x06, 0x06, 0x0B,
    0x00, 0x00, 0x00, 0x00, 0x00, 0x06, 0x00, 0x00,
    0x06, 0x06, 0x00, 0x06, 0x06, 0x06, 0x06, 0x00,
    0x06, 0x06, 0x00, 0x06, 0x06, 0x06, 0x06, 0x00,
    0x06, 0x06, 0x06, 0x06, 0x06, 0x06, 0x0B, 0x0B,
    0x06, 0x06, 0x06, 0x00, 0x06, 0x0B, 0x0B, 0x0B,
    0x00, 0x00, 0x00, 0x00, 0x06, 0x0B, 0x0B, 0x00,

    0x00, 0x00, 0x06, 0x06, 0x06, 0x06, 0x00, 0x06,
    0x00, 0x00, 0x06, 0x06, 0x00, 0x00, 0x00, 0x0D,
    0x00, 0x00, 0x00, 0x06, 0x06, 0x06, 0x00, 0x06,
    0x00, 0x06, 0x06, 0x06, 0x06, 0x06, 0x00, 0x06,
    0x00, 0x0B, 0x0B, 0x0B, 0x06, 0x06, 0x06, 0x06,
    0x00, 0x0B, 0x0B, 0x0B, 0x0B, 0x06, 0x00, 0x06,
    0x00, 0x00, 0x0B, 0x0B, 0x0B, 0x00, 0x00, 0x06,
    0x00, 0x00, 0x00, 0x00, 0x00, 0x00, 0x00, 0x00,

    0x06, 0x06, 0x06, 0x06, 0x06, 0x06, 0x0D, 0x06,
    0x00, 0x06, 0x06, 0x06, 0x06, 0x0D, 0x0D, 0x0D,
    0x06, 0x06, 0x06, 0x06, 0x06, 0x0D, 0x0D, 0x0D,
    0x06, 0x06, 0x06, 0x06, 0x06, 0x06, 0x0D, 0x00,
    0x06, 0x06, 0x06, 0x06, 0x06, 0x06, 0x00, 0x00,
    0x06, 0x0B, 0x0B, 0x06, 0x06, 0x00, 0x00, 0x00,
    0x0B, 0x0B, 0x0B, 0x0B, 0x06, 0x00, 0x00, 0x00,
    0x06, 0x0B, 0x0B, 0x06, 0x00, 0x00, 0x00, 0x00,

    // Tile 316 (28,9)
    0x00, 0x0B, 0x0B, 0x0B, 0x06, 0x06, 0x06, 0x06,
    0x00, 0x06, 0x0B, 0x06, 0x06, 0x06, 0x06, 0x06,
    0x00, 0x06, 0x06, 0x06, 0x06, 0x06, 0x06, 0x06,
    0x00, 0x00, 0x06, 0x06, 0x06, 0x06, 0x06, 0x06,
    0x00, 0x00, 0x00, 0x00, 0x06, 0x06, 0x0D, 0x0D,
    0x00, 0x00, 0x00, 0x00, 0x00, 0x0D, 0x0D, 0x0D,
    0x00, 0x00, 0x00, 0x00, 0x00, 0x00, 0x0D, 0x0D,
    0x00, 0x00, 0x00, 0x00, 0x00, 0x00, 0x00, 0x00,

    0x06, 0x06, 0x06, 0x06, 0x06, 0x06, 0x0B, 0x0B,
    0x06, 0x06, 0x06, 0x06, 0x06, 0x06, 0x0B, 0x0B,
    0x06, 0x06, 0x06, 0x06, 0x06, 0x06, 0x06, 0x0B,
    0x06, 0x06, 0x06, 0x06, 0x06, 0x06, 0x06, 0x06,
    0x06, 0x06, 0x0D, 0x0D, 0x06, 0x06, 0x00, 0x00,
    0x0D, 0x0D, 0x0D, 0x0D, 0x0D, 0x00, 0x00, 0x00,
    0x06, 0x06, 0x0D, 0x0D, 0x00, 0x00, 0x00, 0x00,
    0x00, 0x00, 0x00, 0x00, 0x00, 0x00, 0x00, 0x00,

    0x00, 0x00, 0x06, 0x0D, 0x06, 0x06, 0x06, 0x06,
    0x00, 0x00, 0x0D, 0x0D, 0x0D, 0x06, 0x06, 0x06,
    0x00, 0x00, 0x0D, 0x0D, 0x0D, 0x06, 0x06, 0x06,
    0x00, 0x00, 0x00, 0x0D, 0x06, 0x06, 0x06, 0x06,
    0x00, 0x00, 0x00, 0x00, 0x06, 0x06, 0x06, 0x06,
    0x00, 0x00, 0x00, 0x00, 0x00, 0x06, 0x0B, 0x0B,
    0x00, 0x00, 0x00, 0x00, 0x00, 0x0B, 0x0B, 0x0B,
    0x00, 0x00, 0x00, 0x00, 0x00, 0x00, 0x0B, 0x0B,

    0x06, 0x06, 0x06, 0x00, 0x06, 0x06, 0x06, 0x06,
    0x06, 0x00, 0x0D, 0x00, 0x00, 0x00, 0x06, 0x06,
    0x06, 0x06, 0x06, 0x00, 0x06, 0x06, 0x06, 0x00,
    0x06, 0x06, 0x06, 0x00, 0x06, 0x06, 0x06, 0x06,
    0x06, 0x06, 0x06, 0x06, 0x06, 0x06, 0x06, 0x0B,
    0x06, 0x06, 0x06, 0x00, 0x06, 0x06, 0x0B, 0x0B,
    0x0B, 0x06, 0x06, 0x00, 0x00, 0x00, 0x0B, 0x0B,
    0x06, 0x06, 0x00, 0x00, 0x00, 0x00, 0x00, 0x00,

    // Tile 320 (0,10)
    0x00, 0x00, 0x00, 0x00, 0x00, 0x00, 0x0A, 0x0A,
    0x00, 0x00, 0x00, 0x00, 0x0A, 0x0A, 0x0A, 0x0A,
    0x00, 0x00, 0x00, 0x0A, 0x0A, 0x0A, 0x0A, 0x0A,
    0x00, 0x07, 0x00, 0x0A, 0x0A, 0x0A, 0x0A, 0x0A,
    0x07, 0x07, 0x0A, 0x0F, 0x00, 0x0F, 0x00, 0x0F,
    0x07, 0x07, 0x0F, 0x00, 0x00, 0x00, 0x00, 0x0F,
    0x07, 0x0F, 0x0F, 0x0F, 0x0F, 0x0F, 0x0F, 0x0F,
    0x00, 0x0F, 0x0A, 0x0F, 0x0F, 0x0A, 0x0F, 0x0F,

    0x0A, 0x0A, 0x00, 0x00, 0x00, 0x00, 0x00, 0x00,
    0x0A, 0x0A, 0x0A, 0x0A, 0x00, 0x00, 0x00, 0x00,
    0x0A, 0x0A, 0x0A, 0x0A, 0x0A, 0x00, 0x07, 0x00,
    0x0A, 0x0A, 0x0A, 0x0A, 0x0A, 0x07, 0x07, 0x07,
    0x0A, 0x0A, 0x0A, 0x0A, 0x0A, 0x0A, 0x07, 0x07,
    0x0F, 0x0A, 0x0A, 0x0A, 0x0A, 0x0F, 0x07, 0x07,
    0x0F, 0x0A, 0x0A, 0x0A, 0x0F, 0x0F, 0x0F, 0x00,
    0x0A, 0x0A, 0x0A, 0x0A, 0x0F, 0x0F, 0x00, 0x00,

    0x00, 0x00, 0x00, 0x00, 0x00, 0x00, 0x00, 0x00,
    0x00, 0x00, 0x00, 0x00, 0x00, 0x00, 0x00, 0x00,
    0x00, 0x00, 0x00, 0x00, 0x00, 0x00, 0x0A, 0x0A,
    0x00, 0x00, 0x00, 0x00, 0x0A, 0x0A, 0x0A, 0x0A,
    0x00, 0x00, 0x00, 0x0A, 0x0A, 0x0A, 0x0A, 0x0A,
    0x00, 0x00, 0x00, 0x0A, 0x0A, 0x0A, 0x0A, 0x0A,
    0x00, 0x00, 0x0A, 0x0F, 0x00, 0x0F, 0x00, 0x0F,
    0x00, 0x00, 0x0F, 0x00, 0x00, 0x00, 0x00, 0x0F,

    0x00, 0x00, 0x00, 0x00, 0x00, 0x00, 0x00, 0x00,
    0x00, 0x00, 0x00, 0x00, 0x00, 0x00, 0x00, 0x00,
    0x0A, 0x0A, 0x00, 0x00, 0x00, 0x00, 0x00, 0x00,
    0x0A, 0x0A, 0x0A, 0x0A, 0x00, 0x00, 0x00, 0x00,
    0x0A, 0x0A, 0x0A, 0x0A, 0x0A, 0x00, 0x00, 0x00,
    0x0A, 0x0A, 0x0A, 0x0A, 0x0A, 0x00, 0x00, 0x00,
    0x0A, 0x0A, 0x0A, 0x0A, 0x0A, 0x0A, 0x00, 0x00,
    0x0F, 0x0A, 0x0A, 0x0A, 0x0A, 0x0A, 0x00, 0x00,

    // Tile 324 (4,10)
    0x00, 0x00, 0x00, 0x00, 0x00, 0x00, 0x06, 0x06,
    0x00, 0x00, 0x00, 0x00, 0x06, 0x06, 0x06, 0x06,
    0x00, 0x00, 0x00, 0x06, 0x00, 0x06, 0x06, 0x00,
    0x00, 0x0A, 0x00, 0x06, 0x06, 0x00, 0x00, 0x06,
    0x0A, 0x0A, 0x06, 0x0F, 0x0F, 0x06, 0x0F, 0x0F,
    0x0A, 0x0A, 0x0F, 0x00, 0x0F, 0x0F, 0x0F, 0x00,
    0x0A, 0x0F, 0x0F, 0x0F, 0x00, 0x00, 0x00, 0x0F,
    0x00, 0x0F, 0x06, 0x0F, 0x00, 0x0F, 0x00, 0x0F,

    0x06, 0x06, 0x00, 0x00, 0x00, 0x00, 0x00, 0x00,
    0x06, 0x06, 0x06, 0x06, 0x00, 0x00, 0x00, 0x00,
    0x06, 0x06, 0x06, 0x06, 0x06, 0x00, 0x0A, 0x00,
    0x06, 0x06, 0x06, 0x06, 0x06, 0x0A, 0x0A, 0x0A,
    0x06, 0x06, 0x06, 0x06, 0x06, 0x06, 0x0A, 0x0A,
    0x0F, 0x06, 0x06, 0x06, 0x06, 0x0F, 0x0A, 0x0A,
    0x0F, 0x06, 0x06, 0x06, 0x0F, 0x0F, 0x0F, 0x00,
    0x06, 0x06, 0x06, 0x06, 0x0F, 0x0F, 0x00, 0x00,

    0x00, 0x00, 0x00, 0x00, 0x00, 0x00, 0x00, 0x00,
    0x00, 0x00, 0x00, 0x00, 0x00, 0x00, 0x00, 0x00,
    0x00, 0x00, 0x00, 0x00, 0x00, 0x00, 0x06, 0x06,
    0x00, 0x00, 0x00, 0x00, 0x06, 0x06, 0x06, 0x06,
    0x00, 0x00, 0x00, 0x06, 0x00, 0x06, 0x06, 0x00,
    0x00, 0x00, 0x00, 0x06, 0x06, 0x00, 0x00, 0x06,
    0x00, 0x00, 0x06, 0x0F, 0x0F, 0x06, 0x0F, 0x0F,
    0x00, 0x00, 0x0F, 0x00, 0x0F, 0x0F, 0x0F, 0x00,

    0x00, 0x00, 0x00, 0x00, 0x00, 0x00, 0x00, 0x00,
    0x00, 0x00, 0x00, 0x00, 0x00, 0x00, 0x00, 0x00,
    0x06, 0x06, 0x00, 0x00, 0x00, 0x00, 0x00, 0x00,
    0x06, 0x06, 0x06, 0x06, 0x00, 0x00, 0x00, 0x00,
    0x06, 0x06, 0x06, 0x06, 0x06, 0x00, 0x00, 0x00,
    0x06, 0x06, 0x06, 0x06, 0x06, 0x00, 0x00, 0x00,
    0x06, 0x06, 0x06, 0x06, 0x06, 0x06, 0x00, 0x00,
    0x0F, 0x06, 0x06, 0x06, 0x06, 0x06, 0x00, 0x00,

    // Tile 328 (8,10)
    0x00, 0x00, 0x00, 0x00, 0x00, 0x00, 0x0B, 0x0B,
    0x00, 0x00, 0x00, 0x00, 0x0B, 0x0B, 0x0B, 0x0B,
    0x00, 0x00, 0x00, 0x0B, 0x00, 0x0B, 0x0B, 0x00,
    0x00, 0x06, 0x00, 0x0B, 0x0B, 0x00, 0x00, 0x0B,
    0x06, 0x06, 0x0B, 0x0D, 0x0D, 0x0B, 0x0D, 0x0D,
    0x06, 0x06, 0x0D, 0x00, 0x0D, 0x0D, 0x0D, 0x00,
    0x06, 0x0D, 0x0D, 0x0D, 0x00, 0x00, 0x00, 0x0D,
    0x00, 0x0D, 0x0B, 0x0D, 0x00, 0x0D, 0x00, 0x0D,

    0x0B, 0x0B, 0x00, 0x00, 0x00, 0x00, 0x00, 0x00,
    0x0B, 0x0B, 0x0B, 0x0B, 0x00, 0x00, 0x00, 0x00,
    0x0B, 0x0B, 0x0B, 0x0B, 0x0B, 0x00, 0x06, 0x00,
    0x0B, 0x0B, 0x0B, 0x0B, 0x0B, 0x06, 0x06, 0x06,
    0x0B, 0x0B, 0x0B, 0x0B, 0x0B, 0x0B, 0x06, 0x06,
    0x0D, 0x0B, 0x0B, 0x0B, 0x0B, 0x0D, 0x06, 0x06,
    0x0D, 0x0B, 0x0B, 0x0B, 0x0D, 0x0D, 0x0D, 0x00,
    0x0B, 0x0B, 0x0B, 0x0B, 0x0D, 0x0D, 0x00, 0x00,

    0x00, 0x00, 0x00, 0x00, 0x00, 0x00, 0x00, 0x00,
    0x00, 0x00, 0x00, 0x00, 0x00, 0x00, 0x06, 0x06,
    0x00, 0x00, 0x00, 0x00, 0x06, 0x06, 0x06, 0x06,
    0x00, 0x00, 0x00, 0x06, 0x06, 0x00, 0x06, 0x06,
    0x00, 0x00, 0x00, 0x00, 0x00, 0x06, 0x00, 0x00,
    0x00, 0x00, 0x06, 0x0D, 0x00, 0x0D, 0x00, 0x0D,
    0x00, 0x00, 0x0D, 0x00, 0x00, 0x00, 0x00, 0x00,
    0x00, 0x00, 0x0D, 0x0D, 0x00, 0x0D, 0x00, 0x0D,

    0x00, 0x00, 0x00, 0x00, 0x00, 0x00, 0x00, 0x00,
    0x06, 0x06, 0x00, 0x00, 0x00, 0x00, 0x00, 0x00,
    0x06, 0x06, 0x06, 0x06, 0x00, 0x00, 0x00, 0x00,
    0x06, 0x06, 0x06, 0x06, 0x06, 0x00, 0x00, 0x00,
    0x00, 0x06, 0x06, 0x06, 0x06, 0x00, 0x00, 0x00,
    0x06, 0x06, 0x06, 0x06, 0x06, 0x06, 0x00, 0x00,
    0x0D, 0x06, 0x06, 0x06, 0x06, 0x06, 0x00, 0x00,
    0x0D, 0x06, 0x06, 0x06, 0x0D, 0x0D, 0x00, 0x00,

    // Tile 332 (12,10)
    0x00, 0x00, 0x00, 0x00, 0x00, 0x07, 0x07, 0x07,
    0x00, 0x00, 0x00, 0x07, 0x07, 0x00, 0x00, 0x00,
    0x00, 0x00, 0x07, 0x07, 0x00, 0x0A, 0x0A, 0x0A,
    0x00, 0x00, 0x07, 0x00, 0x0A, 0x0A, 0x0A, 0x0F,
    0x00, 0x07, 0x00, 0x0A, 0x0A, 0x0A, 0x0F, 0x00,
    0x00, 0x07, 0x00, 0x0A, 0x0A, 0x0F, 0x0F, 0x00,
    0x07, 0x00, 0x0A, 0x0A, 0x0F, 0x00, 0x0F, 0x0F,
    0x07, 0x00, 0x0A, 0x0A, 0x0F, 0x00, 0x0F, 0x0A,

    0x07, 0x00, 0x00, 0x00, 0x00, 0x00, 0x00, 0x00,
    0x00, 0x07, 0x07, 0x00, 0x00, 0x00, 0x00, 0x00,
    0x0A, 0x00, 0x00, 0x07, 0x00, 0x00, 0x00, 0x00,
    0x0A, 0x0A, 0x00, 0x07, 0x00, 0x00, 0x00, 0x00,
    0x0F, 0x0A, 0x0F, 0x07, 0x07, 0x00, 0x00, 0x00,
    0x0F, 0x0A, 0x0F, 0x07, 0x07, 0x00, 0x00, 0x00,
    0x0A, 0x0A, 0x00, 0x07, 0x00, 0x07, 0x00, 0x00,
    0x0A, 0x0A, 0x00, 0x00, 0x07, 0x07, 0x00, 0x00,

    0x00, 0x00, 0x00, 0x00, 0x00, 0x00, 0x07, 0x07,
    0x00, 0x00, 0x00, 0x00, 0x07, 0x07, 0x00, 0x00,
    0x00, 0x00, 0x00, 0x07, 0x00, 0x00, 0x0A, 0x0A,
    0x00, 0x00, 0x00, 0x07, 0x00, 0x0A, 0x0A, 0x0F,
    0x00, 0x00, 0x07, 0x07, 0x0F, 0x0A, 0x0F, 0x00,
    0x00, 0x00, 0x07, 0x07, 0x0F, 0x0A, 0x0F, 0x00,
    0x00, 0x07, 0x00, 0x07, 0x00, 0x0A, 0x0A, 0x0F,
    0x00, 0x07, 0x07, 0x00, 0x00, 0x0A, 0x0A, 0x0A,

    0x07, 0x07, 0x00, 0x00, 0x00, 0x00, 0x00, 0x00,
    0x00, 0x00, 0x07, 0x07, 0x00, 0x00, 0x00, 0x00,
    0x0A, 0x0A, 0x00, 0x07, 0x07, 0x00, 0x00, 0x00,
    0x0A, 0x0A, 0x0A, 0x00, 0x07, 0x00, 0x00, 0x00,
    0x0F, 0x0A, 0x0A, 0x0A, 0x00, 0x07, 0x00, 0x00,
    0x0F, 0x0F, 0x0A, 0x0A, 0x00, 0x07, 0x00, 0x00,
    0x0F, 0x00, 0x0F, 0x0A, 0x0A, 0x00, 0x07, 0x00,
    0x0F, 0x00, 0x0F, 0x0A, 0x0A, 0x00, 0x07, 0x00,

    // Tile 336 (16,10)
    0x00, 0x00, 0x00, 0x00, 0x00, 0x00, 0x0A, 0x0A,
    0x00, 0x00, 0x00, 0x00, 0x0A, 0x0A, 0x00, 0x00,
    0x00, 0x00, 0x00, 0x0A, 0x0A, 0x00, 0x0B, 0x0B,
    0x00, 0x00, 0x00, 0x0A, 0x00, 0x0B, 0x0B, 0x0B,
    0x00, 0x00, 0x0A, 0x00, 0x0B, 0x0B, 0x0B, 0x0F,
    0x00, 0x00, 0x0A, 0x00, 0x0B, 0x0B, 0x0F, 0x0F,
    0x00, 0x0A, 0x00, 0x0B, 0x0B, 0x0F, 0x00, 0x0F,
    0x00, 0x0A, 0x00, 0x0B, 0x0B, 0x0F, 0x00, 0x0F,

    0x0A, 0x0A, 0x00, 0x00, 0x00, 0x00, 0x00, 0x00,
    0x00, 0x00, 0x0A, 0x0A, 0x00, 0x00, 0x00, 0x00,
    0x0B, 0x0B, 0x00, 0x00, 0x0A, 0x00, 0x00, 0x00,
    0x0F, 0x0B, 0x0B, 0x00, 0x0A, 0x00, 0x00, 0x00,
    0x00, 0x0F, 0x0B, 0x0F, 0x0A, 0x0A, 0x00, 0x00,
    0x00, 0x0F, 0x0B, 0x0F, 0x0A, 0x0A, 0x00, 0x00,
    0x0F, 0x0B, 0x0B, 0x00, 0x0A, 0x00, 0x0A, 0x00,
    0x0B, 0x0B, 0x0B, 0x00, 0x00, 0x0A, 0x0A, 0x00,

    0x00, 0x00, 0x00, 0x00, 0x00, 0x00, 0x0A, 0x0A,
    0x00, 0x00, 0x00, 0x00, 0x0A, 0x0A, 0x00, 0x00,
    0x00, 0x00, 0x00, 0x0A, 0x00, 0x00, 0x0B, 0x0B,
    0x00, 0x00, 0x00, 0x0A, 0x00, 0x0B, 0x0B, 0x0F,
    0x00, 0x00, 0x0A, 0x0A, 0x0F, 0x0B, 0x0F, 0x00,
    0x00, 0x00, 0x0A, 0x0A, 0x0F, 0x0B, 0x0F, 0x00,
    0x00, 0x0A, 0x00, 0x0A, 0x00, 0x0B, 0x0B, 0x0F,
    0x00, 0x0A, 0x0A, 0x00, 0x00, 0x0B, 0x0B, 0x0B,

    0x0A, 0x0A, 0x00, 0x00, 0x00, 0x00, 0x00, 0x00,
    0x00, 0x00, 0x0A, 0x0A, 0x00, 0x00, 0x00, 0x00,
    0x0B, 0x0B, 0x00, 0x0A, 0x0A, 0x00, 0x00, 0x00,
    0x0B, 0x0B, 0x0B, 0x00, 0x0A, 0x00, 0x00, 0x00,
    0x0F, 0x0B, 0x0B, 0x0B, 0x00, 0x0A, 0x00, 0x00,
    0x0F, 0x0F, 0x0B, 0x0B, 0x00, 0x0A, 0x00, 0x00,
    0x0F, 0x00, 0x0F, 0x0B, 0x0B, 0x00, 0x0A, 0x00,
    0x0F, 0x00, 0x0F, 0x0B, 0x0B, 0x00, 0x0A, 0x00,

    // Tile 340 (20,10)
    0x00, 0x00, 0x00, 0x00, 0x00, 0x00, 0x06, 0x06,
    0x00, 0x00, 0x00, 0x00, 0x06, 0x06, 0x00, 0x00,
    0x00, 0x00, 0x00, 0x06, 0x06, 0x00, 0x0A, 0x0A,
    0x00, 0x00, 0x00, 0x06, 0x00, 0x0A, 0x0A, 0x0A,
    0x00, 0x00, 0x06, 0x00, 0x0A, 0x0A, 0x0A, 0x0F,
    0x00, 0x00, 0x06, 0x00, 0x0A, 0x0A, 0x0F, 0x0F,
    0x00, 0x06, 0x00, 0x0A, 0x0A, 0x0F, 0x00, 0x0F,
    0x00, 0x06, 0x00, 0x0A, 0x0A, 0x0F, 0x00, 0x0F,

    0x06, 0x06, 0x00, 0x00, 0x00, 0x00, 0x00, 0x00,
    0x00, 0x00, 0x06, 0x06, 0x00, 0x00, 0x00, 0x00,
    0x0A, 0x0A, 0x00, 0x00, 0x06, 0x00, 0x00, 0x00,
    0x0F, 0x0A, 0x0A, 0x00, 0x06, 0x00, 0x00, 0x00,
    0x00, 0x0F, 0x0A, 0x0F, 0x06, 0x06, 0x00, 0x00,
    0x00, 0x0F, 0x0A, 0x0F, 0x06, 0x06, 0x00, 0x00,
    0x0F, 0x0A, 0x0A, 0x00, 0x06, 0x00, 0x06, 0x00,
    0x0A, 0x0A, 0x0A, 0x00, 0x00, 0x06, 0x06, 0x00,

    0x00, 0x00, 0x00, 0x00, 0x00, 0x00, 0x06, 0x06,
    0x00, 0x00, 0x00, 0x00, 0x06, 0x06, 0x00, 0x00,
    0x00, 0x00, 0x00, 0x06, 0x00, 0x00, 0x0A, 0x0A,
    0x00, 0x00, 0x00, 0x06, 0x00, 0x0A, 0x0A, 0x0F,
    0x00, 0x00, 0x06, 0x06, 0x0F, 0x0A, 0x0F, 0x00,
    0x00, 0x00, 0x06, 0x06, 0x0F, 0x0A, 0x0F, 0x00,
    0x00, 0x06, 0x00, 0x06, 0x00, 0x0A, 0x0A, 0x0F,
    0x00, 0x06, 0x06, 0x00, 0x00, 0x0A, 0x0A, 0x0A,

    0x06, 0x06, 0x00, 0x00, 0x00, 0x00, 0x00, 0x00,
    0x00, 0x00, 0x06, 0x06, 0x00, 0x00, 0x00, 0x00,
    0x0A, 0x0A, 0x00, 0x06, 0x06, 0x00, 0x00, 0x00,
    0x0A, 0x0A, 0x0A, 0x00, 0x06, 0x00, 0x00, 0x00,
    0x0F, 0x0A, 0x0A, 0x0A, 0x00, 0x06, 0x00, 0x00,
    0x0F, 0x0F, 0x0A, 0x0A, 0x00, 0x06, 0x00, 0x00,
    0x0F, 0x00, 0x0F, 0x0A, 0x0A, 0x00, 0x06, 0x00,
    0x0F, 0x00, 0x0F, 0x0A, 0x0A, 0x00, 0x06, 0x00,

    // Tile 344 (24,10)
    0x00, 0x00, 0x00, 0x00, 0x00, 0x00, 0x00, 0x00,
    0x00, 0x00, 0x00, 0x00, 0x00, 0x00, 0x06, 0x06,
    0x00, 0x00, 0x00, 0x00, 0x06, 0x06, 0x06, 0x06,
    0x00, 0x00, 0x00, 0x06, 0x06, 0x00, 0x06, 0x06,
    0x00, 0x00, 0x00, 0x00, 0x00, 0x06, 0x00, 0x00,
    0x00, 0x00, 0x06, 0x0D, 0x00, 0x0D, 0x00, 0x0D,
    0x00, 0x00, 0x0D, 0x00, 0x00, 0x00, 0x00, 0x00,
    0x00, 0x00, 0x0D, 0x0D, 0x00, 0x0D, 0x00, 0x0D,

    0x00, 0x00, 0x00, 0x00, 0x00, 0x00, 0x00, 0x00,
    0x06, 0x06, 0x00, 0x00, 0x00, 0x00, 0x00, 0x00,
    0x06, 0x06, 0x06, 0x06, 0x00, 0x00, 0x00, 0x00,
    0x06, 0x06, 0x06, 0x06, 0x06, 0x00, 0x00, 0x00,
    0x00, 0x06, 0x06, 0x06, 0x06, 0x00, 0x00, 0x00,
    0x06, 0x06, 0x06, 0x06, 0x06, 0x06, 0x00, 0x00,
    0x0D, 0x06, 0x06, 0x06, 0x06, 0x06, 0x00, 0x00,
    0x0D, 0x06, 0x06, 0x06, 0x0D, 0x0D, 0x00, 0x00,

    0x00, 0x00, 0x00, 0x00, 0x00, 0x0B, 0x0B, 0x0B,
    0x00, 0x00, 0x00, 0x00, 0x0B, 0x0B, 0x0B, 0x06,
    0x00, 0x00, 0x00, 0x00, 0x00, 0x0B, 0x06, 0x00,
    0x00, 0x00, 0x00, 0x00, 0x00, 0x06, 0x00, 0x06,
    0x00, 0x0D, 0x00, 0x0D, 0x00, 0x06, 0x00, 0x06,
    0x00, 0x0D, 0x00, 0x0D, 0x00, 0x06, 0x06, 0x00,
    0x00, 0x0D, 0x00, 0x0D, 0x00, 0x06, 0x06, 0x00,
    0x00, 0x0D, 0x00, 0x0D, 0x00, 0x06, 0x00, 0x06,

    0x00, 0x00, 0x00, 0x00, 0x00, 0x00, 0x00, 0x00,
    0x0D, 0x00, 0x00, 0x00, 0x00, 0x00, 0x00, 0x00,
    0x06, 0x0D, 0x0D, 0x06, 0x00, 0x00, 0x00, 0x00,
    0x0D, 0x0D, 0x00, 0x0D, 0x00, 0x06, 0x00, 0x00,
    0x0D, 0x00, 0x00, 0x00, 0x00, 0x06, 0x06, 0x00,
    0x06, 0x0D, 0x00, 0x0D, 0x06, 0x00, 0x06, 0x00,
    0x0D, 0x00, 0x00, 0x00, 0x00, 0x06, 0x06, 0x06,
    0x0D, 0x0D, 0x00, 0x0D, 0x00, 0x06, 0x06, 0x06,

    // Tile 348 (28,10)
    0x00, 0x00, 0x00, 0x00, 0x0D, 0x0D, 0x0D, 0x0D,
    0x00, 0x00, 0x00, 0x00, 0x00, 0x00, 0x00, 0x00,
    0x00, 0x00, 0x00, 0x00, 0x0D, 0x0D, 0x0D, 0x0D,
    0x00, 0x0B, 0x00, 0x00, 0x00, 0x00, 0x00, 0x00,
    0x0B, 0x0B, 0x0B, 0x06, 0x06, 0x06, 0x06, 0x06,
    0x0B, 0x0B, 0x06, 0x06, 0x06, 0x06, 0x06, 0x06,
    0x0B, 0x06, 0x0D, 0x06, 0x06, 0x06, 0x06, 0x06,
    0x00, 0x0D, 0x0D, 0x0D, 0x06, 0x06, 0x06, 0x06,

    0x0D, 0x0D, 0x0D, 0x0D, 0x00, 0x00, 0x00, 0x00,
    0x00, 0x00, 0x00, 0x00, 0x00, 0x00, 0x00, 0x00,
    0x0D, 0x0D, 0x0D, 0x0D, 0x00, 0x00, 0x00, 0x00,
    0x00, 0x00, 0x00, 0x00, 0x00, 0x00, 0x0B, 0x00,
    0x06, 0x06, 0x06, 0x06, 0x06, 0x0B, 0x0B, 0x0B,
    0x00, 0x06, 0x06, 0x00, 0x00, 0x06, 0x0B, 0x0B,
    0x06, 0x00, 0x00, 0x06, 0x06, 0x00, 0x06, 0x0B,
    0x0D, 0x0D, 0x06, 0x0D, 0x0D, 0x06, 0x0D, 0x00,

    0x00, 0x00, 0x00, 0x00, 0x00, 0x00, 0x00, 0x00,
    0x00, 0x00, 0x00, 0x00, 0x00, 0x00, 0x00, 0x0D,
    0x00, 0x00, 0x00, 0x00, 0x06, 0x06, 0x0D, 0x0D,
    0x00, 0x00, 0x06, 0x06, 0x06, 0x06, 0x0D, 0x0D,
    0x00, 0x06, 0x06, 0x06, 0x06, 0x06, 0x06, 0x06,
    0x00, 0x06, 0x06, 0x06, 0x06, 0x06, 0x06, 0x06,
    0x06, 0x06, 0x06, 0x06, 0x06, 0x06, 0x06, 0x06,
    0x06, 0x06, 0x06, 0x00, 0x06, 0x0D, 0x0D, 0x06,

    0x0B, 0x0B, 0x0B, 0x00, 0x00, 0x00, 0x00, 0x00,
    0x06, 0x0B, 0x0B, 0x0B, 0x00, 0x00, 0x00, 0x00,
    0x0D, 0x06, 0x0B, 0x00, 0x00, 0x00, 0x00, 0x00,
    0x06, 0x06, 0x06, 0x00, 0x00, 0x00, 0x00, 0x00,
    0x06, 0x06, 0x06, 0x00, 0x0D, 0x00, 0x0D, 0x00,
    0x06, 0x06, 0x06, 0x00, 0x0D, 0x00, 0x0D, 0x00,
    0x06, 0x06, 0x06, 0x00, 0x0D, 0x00, 0x0D, 0x00,
    0x06, 0x06, 0x06, 0x00, 0x0D, 0x00, 0x0D, 0x00,

    // Tile 352 (0,11)
    0x00, 0x00, 0x0A, 0x0A, 0x0A, 0x0A, 0x0A, 0x0A,
    0x00, 0x00, 0x00, 0x00, 0x00, 0x0A, 0x0A, 0x0A,
    0x00, 0x00, 0x00, 0x0A, 0x0A, 0x0A, 0x0A, 0x0A,
    0x00, 0x00, 0x00, 0x00, 0x0F, 0x0F, 0x0F, 0x0F,
    0x00, 0x00, 0x00, 0x00, 0x00, 0x00, 0x00, 0x00,
    0x00, 0x00, 0x00, 0x00, 0x0F, 0x0F, 0x0F, 0x0F,
    0x00, 0x00, 0x00, 0x00, 0x00, 0x00, 0x00, 0x00,
    0x00, 0x00, 0x00, 0x00, 0x0F, 0x0F, 0x0F, 0x0F,

    0x0A, 0x0A, 0x0A, 0x0A, 0x0A, 0x0A, 0x00, 0x00,
    0x0A, 0x0A, 0x0A, 0x0A, 0x0A, 0x0A, 0x00, 0x00,
    0x0A, 0x0A, 0x0A, 0x0A, 0x0A, 0x00, 0x00, 0x00,
    0x0F, 0x0F, 0x0F, 0x0F, 0x00, 0x00, 0x00, 0x00,
    0x00, 0x00, 0x00, 0x00, 0x00, 0x00, 0x00, 0x00,
    0x0F, 0x0F, 0x0F, 0x0F, 0x00, 0x00, 0x00, 0x00,
    0x00, 0x00, 0x00, 0x00, 0x00, 0x00, 0x00, 0x00,
    0x0F, 0x0F, 0x0F, 0x0F, 0x00, 0x00, 0x00, 0x00,

    0x00, 0x00, 0x0F, 0x0F, 0x0F, 0x0F, 0x0F, 0x0F,
    0x00, 0x0F, 0x0A, 0x0F, 0x0F, 0x0A, 0x0F, 0x0F,
    0x07, 0x0F, 0x0A, 0x0A, 0x0A, 0x0A, 0x0A, 0x0A,
    0x07, 0x07, 0x00, 0x00, 0x00, 0x0A, 0x0A, 0x0A,
    0x07, 0x07, 0x07, 0x0A, 0x0A, 0x0A, 0x0A, 0x0A,
    0x00, 0x07, 0x00, 0x00, 0x0F, 0x0F, 0x0F, 0x0F,
    0x00, 0x00, 0x00, 0x00, 0x00, 0x00, 0x00, 0x00,
    0x00, 0x00, 0x00, 0x00, 0x00, 0x00, 0x00, 0x00,

    0x0F, 0x0A, 0x0A, 0x0A, 0x0F, 0x0F, 0x00, 0x00,
    0x0A, 0x0A, 0x0A, 0x0A, 0x0F, 0x0F, 0x0F, 0x00,
    0x0A, 0x0A, 0x0A, 0x0A, 0x0A, 0x0F, 0x07, 0x07,
    0x0A, 0x0A, 0x0A, 0x0A, 0x0A, 0x0A, 0x07, 0x07,
    0x0A, 0x0A, 0x0A, 0x0A, 0x0A, 0x07, 0x07, 0x07,
    0x0F, 0x0F, 0x0F, 0x0F, 0x00, 0x00, 0x07, 0x00,
    0x00, 0x00, 0x00, 0x00, 0x00, 0x00, 0x00, 0x00,
    0x00, 0x00, 0x00, 0x00, 0x00, 0x00, 0x00, 0x00,

    // Tile 356 (4,11)
    0x00, 0x00, 0x06, 0x06, 0x06, 0x06, 0x06, 0x06,
    0x00, 0x00, 0x00, 0x00, 0x00, 0x00, 0x00, 0x00,
    0x00, 0x00, 0x00, 0x06, 0x06, 0x06, 0x06, 0x06,
    0x00, 0x00, 0x00, 0x00, 0x0F, 0x0F, 0x0F, 0x0F,
    0x00, 0x00, 0x00, 0x00, 0x00, 0x00, 0x00, 0x00,
    0x00, 0x00, 0x00, 0x00, 0x0F, 0x0F, 0x0F, 0x0F,
    0x00, 0x00, 0x00, 0x00, 0x00, 0x00, 0x00, 0x00,
    0x00, 0x00, 0x00, 0x00, 0x0F, 0x0F, 0x0F, 0x0F,

    0x06, 0x06, 0x06, 0x06, 0x06, 0x06, 0x00, 0x00,
    0x00, 0x06, 0x06, 0x06, 0x06, 0x06, 0x00, 0x00,
    0x06, 0x06, 0x06, 0x06, 0x06, 0x00, 0x00, 0x00,
    0x0F, 0x0F, 0x0F, 0x0F, 0x00, 0x00, 0x00, 0x00,
    0x00, 0x00, 0x00, 0x00, 0x00, 0x00, 0x00, 0x00,
    0x0F, 0x0F, 0x0F, 0x0F, 0x00, 0x00, 0x00, 0x00,
    0x00, 0x00, 0x00, 0x00, 0x00, 0x00, 0x00, 0x00,
    0x0F, 0x0F, 0x0F, 0x0F, 0x00, 0x00, 0x00, 0x00,

    0x00, 0x00, 0x0F, 0x0F, 0x00, 0x00, 0x00, 0x0F,
    0x00, 0x0F, 0x06, 0x0F, 0x00, 0x0F, 0x00, 0x0F,
    0x0A, 0x0F, 0x06, 0x06, 0x06, 0x06, 0x06, 0x06,
    0x0A, 0x0A, 0x00, 0x00, 0x00, 0x00, 0x00, 0x00,
    0x0A, 0x0A, 0x0A, 0x06, 0x06, 0x06, 0x06, 0x06,
    0x00, 0x0A, 0x00, 0x00, 0x0F, 0x0F, 0x0F, 0x0F,
    0x00, 0x00, 0x00, 0x00, 0x00, 0x00, 0x00, 0x00,
    0x00, 0x00, 0x00, 0x00, 0x00, 0x00, 0x00, 0x00,

    0x0F, 0x06, 0x06, 0x06, 0x0F, 0x0A, 0x00, 0x00,
    0x06, 0x06, 0x06, 0x06, 0x0F, 0x0F, 0x0F, 0x00,
    0x06, 0x06, 0x06, 0x06, 0x06, 0x0F, 0x0A, 0x0A,
    0x00, 0x06, 0x06, 0x06, 0x06, 0x06, 0x0A, 0x0A,
    0x06, 0x06, 0x06, 0x06, 0x06, 0x0A, 0x0A, 0x0A,
    0x0F, 0x0F, 0x0F, 0x0F, 0x00, 0x00, 0x0A, 0x00,
    0x00, 0x00, 0x00, 0x00, 0x00, 0x00, 0x00, 0x00,
    0x00, 0x00, 0x00, 0x00, 0x00, 0x00, 0x00, 0x00,

    // Tile 360 (8,11)
    0x00, 0x00, 0x0B, 0x0B, 0x0B, 0x0B, 0x0B, 0x0B,
    0x00, 0x00, 0x00, 0x00, 0x00, 0x00, 0x00, 0x00,
    0x00, 0x00, 0x00, 0x0B, 0x0B, 0x0B, 0x0B, 0x0B,
    0x00, 0x00, 0x00, 0x00, 0x0D, 0x0D, 0x0D, 0x0D,
    0x00, 0x00, 0x00, 0x00, 0x00, 0x00, 0x00, 0x00,
    0x00, 0x00, 0x00, 0x00, 0x0D, 0x0D, 0x0D, 0x0D,
    0x00, 0x00, 0x00, 0x00, 0x00, 0x00, 0x00, 0x00,
    0x00, 0x00, 0x00, 0x00, 0x0D, 0x0D, 0x0D, 0x0D,

    0x0B, 0x0B, 0x0B, 0x0B, 0x0B, 0x0B, 0x00, 0x00,
    0x00, 0x0B, 0x0B, 0x0B, 0x0B, 0x0B, 0x00, 0x00,
    0x0B, 0x0B, 0x0B, 0x0B, 0x0B, 0x00, 0x00, 0x00,
    0x0D, 0x0D, 0x0D, 0x0D, 0x00, 0x00, 0x00, 0x00,
    0x00, 0x00, 0x00, 0x00, 0x00, 0x00, 0x00, 0x00,
    0x0D, 0x0D, 0x0D, 0x0D, 0x00, 0x00, 0x00, 0x00,
    0x00, 0x00, 0x00, 0x00, 0x00, 0x00, 0x00, 0x00,
    0x0D, 0x0D, 0x0D, 0x0D, 0x00, 0x00, 0x00, 0x00,

    0x00, 0x0D, 0x06, 0x0D, 0x0D, 0x06, 0x0D, 0x0D,
    0x0B, 0x06, 0x00, 0x06, 0x06, 0x00, 0x00, 0x06,
    0x0B, 0x0B, 0x06, 0x00, 0x00, 0x06, 0x06, 0x00,
    0x0B, 0x0B, 0x0B, 0x06, 0x06, 0x06, 0x06, 0x06,
    0x00, 0x0B, 0x00, 0x00, 0x00, 0x00, 0x00, 0x00,
    0x00, 0x00, 0x00, 0x00, 0x0D, 0x0D, 0x0D, 0x0D,
    0x00, 0x00, 0x00, 0x00, 0x00, 0x00, 0x00, 0x00,
    0x00, 0x00, 0x00, 0x00, 0x0D, 0x0D, 0x0D, 0x0D,

    0x06, 0x06, 0x06, 0x06, 0x0D, 0x0D, 0x0D, 0x00,
    0x06, 0x06, 0x06, 0x06, 0x06, 0x0D, 0x06, 0x0B,
    0x06, 0x06, 0x06, 0x06, 0x06, 0x06, 0x0B, 0x0B,
    0x06, 0x06, 0x06, 0x06, 0x06, 0x0B, 0x0B, 0x0B,
    0x00, 0x00, 0x00, 0x00, 0x00, 0x00, 0x0B, 0x00,
    0x0D, 0x0D, 0x0D, 0x0D, 0x00, 0x00, 0x00, 0x00,
    0x00, 0x00, 0x00, 0x00, 0x00, 0x00, 0x00, 0x00,
    0x0D, 0x0D, 0x0D, 0x0D, 0x00, 0x00, 0x00, 0x00,

    // Tile 364 (12,11)
    0x07, 0x00, 0x0A, 0x0A, 0x0F, 0x0F, 0x0A, 0x0A,
    0x07, 0x07, 0x00, 0x0A, 0x0A, 0x0A, 0x0A, 0x0A,
    0x00, 0x07, 0x07, 0x0F, 0x0F, 0x0A, 0x0A, 0x00,
    0x00, 0x07, 0x00, 0x07, 0x07, 0x00, 0x00, 0x0F,
    0x00, 0x00, 0x07, 0x07, 0x07, 0x00, 0x00, 0x00,
    0x00, 0x00, 0x07, 0x00, 0x00, 0x07, 0x07, 0x00,
    0x00, 0x00, 0x00, 0x07, 0x07, 0x07, 0x07, 0x07,
    0x00, 0x00, 0x00, 0x00, 0x00, 0x07, 0x07, 0x07,

    0x0A, 0x00, 0x0F, 0x00, 0x00, 0x07, 0x00, 0x00,
    0x00, 0x0F, 0x00, 0x0F, 0x00, 0x07, 0x00, 0x00,
    0x0F, 0x00, 0x0F, 0x00, 0x07, 0x00, 0x00, 0x00,
    0x00, 0x0F, 0x00, 0x07, 0x07, 0x00, 0x00, 0x00,
    0x0F, 0x00, 0x07, 0x07, 0x00, 0x00, 0x00, 0x00,
    0x00, 0x07, 0x07, 0x07, 0x00, 0x00, 0x00, 0x00,
    0x07, 0x07, 0x07, 0x00, 0x00, 0x00, 0x00, 0x00,
    0x07, 0x00, 0x00, 0x00, 0x00, 0x00, 0x00, 0x00,

    0x00, 0x07, 0x00, 0x00, 0x0F, 0x00, 0x0A, 0x0A,
    0x00, 0x07, 0x00, 0x0F, 0x00, 0x0F, 0x00, 0x0A,
    0x00, 0x00, 0x07, 0x00, 0x0F, 0x00, 0x0F, 0x00,
    0x00, 0x00, 0x07, 0x07, 0x00, 0x0F, 0x00, 0x0F,
    0x00, 0x00, 0x00, 0x07, 0x07, 0x00, 0x0F, 0x00,
    0x00, 0x00, 0x00, 0x07, 0x07, 0x07, 0x00, 0x00,
    0x00, 0x00, 0x00, 0x00, 0x07, 0x07, 0x07, 0x07,
    0x00, 0x00, 0x00, 0x00, 0x00, 0x00, 0x07, 0x07,

    0x0A, 0x0F, 0x0F, 0x0A, 0x0A, 0x00, 0x07, 0x00,
    0x0A, 0x0A, 0x0A, 0x0A, 0x00, 0x07, 0x07, 0x00,
    0x0A, 0x0A, 0x0F, 0x0F, 0x07, 0x07, 0x00, 0x00,
    0x00, 0x00, 0x07, 0x07, 0x00, 0x07, 0x00, 0x00,
    0x00, 0x00, 0x07, 0x07, 0x07, 0x00, 0x00, 0x00,
    0x07, 0x07, 0x00, 0x00, 0x07, 0x00, 0x00, 0x00,
    0x07, 0x07, 0x07, 0x07, 0x00, 0x00, 0x00, 0x00,
    0x07, 0x07, 0x00, 0x00, 0x00, 0x00, 0x00, 0x00,

    // Tile 368 (16,11)
    0x00, 0x0A, 0x00, 0x0B, 0x0B, 0x0F, 0x0F, 0x0B,
    0x00, 0x0A, 0x0A, 0x00, 0x0B, 0x0B, 0x0B, 0x0B,
    0x00, 0x00, 0x0A, 0x0A, 0x0F, 0x0F, 0x0B, 0x0B,
    0x00, 0x00, 0x0A, 0x00, 0x0A, 0x0A, 0x00, 0x00,
    0x00, 0x00, 0x00, 0x0A, 0x0A, 0x0A, 0x00, 0x00,
    0x00, 0x00, 0x00, 0x0A, 0x00, 0x00, 0x0A, 0x0A,
    0x00, 0x00, 0x00, 0x00, 0x0A, 0x0A, 0x0A, 0x0A,
    0x00, 0x00, 0x00, 0x00, 0x00, 0x00, 0x0A, 0x0A,

    0x0B, 0x0B, 0x00, 0x0F, 0x00, 0x00, 0x0A, 0x00,
    0x0B, 0x00, 0x0F, 0x00, 0x0F, 0x00, 0x0A, 0x00,
    0x00, 0x0F, 0x00, 0x0F, 0x00, 0x0A, 0x00, 0x00,
    0x0F, 0x00, 0x0F, 0x00, 0x0A, 0x0A, 0x00, 0x00,
    0x00, 0x0F, 0x00, 0x0A, 0x0A, 0x00, 0x00, 0x00,
    0x00, 0x00, 0x0A, 0x0A, 0x0A, 0x00, 0x00, 0x00,
    0x0A, 0x0A, 0x0A, 0x0A, 0x00, 0x00, 0x00, 0x00,
    0x0A, 0x0A, 0x00, 0x00, 0x00, 0x00, 0x00, 0x00,

    0x00, 0x0A, 0x00, 0x00, 0x0F, 0x00, 0x0B, 0x0B,
    0x00, 0x0A, 0x00, 0x0F, 0x00, 0x0F, 0x00, 0x0B,
    0x00, 0x00, 0x0A, 0x00, 0x0F, 0x00, 0x0F, 0x00,
    0x00, 0x00, 0x0A, 0x0A, 0x00, 0x0F, 0x00, 0x0F,
    0x00, 0x00, 0x00, 0x0A, 0x0A, 0x00, 0x0F, 0x00,
    0x00, 0x00, 0x00, 0x0A, 0x0A, 0x0A, 0x00, 0x00,
    0x00, 0x00, 0x00, 0x00, 0x0A, 0x0A, 0x0A, 0x0A,
    0x00, 0x00, 0x00, 0x00, 0x00, 0x00, 0x0A, 0x0A,

    0x0B, 0x0F, 0x0F, 0x0B, 0x0B, 0x00, 0x0A, 0x00,
    0x0B, 0x0B, 0x0B, 0x0B, 0x00, 0x0A, 0x0A, 0x00,
    0x0B, 0x0B, 0x0F, 0x0F, 0x0A, 0x0A, 0x00, 0x00,
    0x00, 0x00, 0x0A, 0x0A, 0x00, 0x0A, 0x00, 0x00,
    0x00, 0x00, 0x0A, 0x0A, 0x0A, 0x00, 0x00, 0x00,
    0x0A, 0x0A, 0x00, 0x00, 0x0A, 0x00, 0x00, 0x00,
    0x0A, 0x0A, 0x0A, 0x0A, 0x00, 0x00, 0x00, 0x00,
    0x0A, 0x0A, 0x00, 0x00, 0x00, 0x00, 0x00, 0x00,

    // Tile 372 (20,11)
    0x00, 0x06, 0x00, 0x0A, 0x0A, 0x0F, 0x0F, 0x0A,
    0x00, 0x06, 0x06, 0x00, 0x0A, 0x0A, 0x0A, 0x0A,
    0x00, 0x00, 0x06, 0x06, 0x0F, 0x0F, 0x0A, 0x0A,
    0x00, 0x00, 0x06, 0x00, 0x06, 0x06, 0x00, 0x00,
    0x00, 0x00, 0x00, 0x06, 0x06, 0x06, 0x00, 0x00,
    0x00, 0x00, 0x00, 0x06, 0x00, 0x00, 0x06, 0x06,
    0x00, 0x00, 0x00, 0x00, 0x06, 0x06, 0x06, 0x06,
    0x00, 0x00, 0x00, 0x00, 0x00, 0x00, 0x06, 0x06,

    0x0A, 0x0A, 0x00, 0x0F, 0x00, 0x00, 0x06, 0x00,
    0x0A, 0x00, 0x0F, 0x00, 0x0F, 0x00, 0x06, 0x00,
    0x00, 0x0F, 0x00, 0x0F, 0x00, 0x06, 0x00, 0x00,
    0x0F, 0x00, 0x0F, 0x00, 0x06, 0x06, 0x00, 0x00,
    0x00, 0x0F, 0x00, 0x06, 0x06, 0x00, 0x00, 0x00,
    0x00, 0x00, 0x06, 0x06, 0x06, 0x00, 0x00, 0x00,
    0x06, 0x06, 0x06, 0x06, 0x00, 0x00, 0x00, 0x00,
    0x06, 0x06, 0x00, 0x00, 0x00, 0x00, 0x00, 0x00,

    0x00, 0x06, 0x00, 0x00, 0x0F, 0x00, 0x0A, 0x0A,
    0x00, 0x06, 0x00, 0x0F, 0x00, 0x0F, 0x00, 0x0A,
    0x00, 0x00, 0x06, 0x00, 0x0F, 0x00, 0x0F, 0x00,
    0x00, 0x00, 0x06, 0x06, 0x00, 0x0F, 0x00, 0x0F,
    0x00, 0x00, 0x00, 0x06, 0x06, 0x00, 0x0F, 0x00,
    0x00, 0x00, 0x00, 0x06, 0x06, 0x06, 0x00, 0x00,
    0x00, 0x00, 0x00, 0x00, 0x06, 0x06, 0x06, 0x06,
    0x00, 0x00, 0x00, 0x00, 0x00, 0x00, 0x06, 0x06,

    0x0A, 0x0F, 0x0F, 0x0A, 0x0A, 0x00, 0x06, 0x00,
    0x0A, 0x0A, 0x0A, 0x0A, 0x00, 0x06, 0x06, 0x00,
    0x0A, 0x0A, 0x0F, 0x0F, 0x06, 0x06, 0x00, 0x00,
    0x00, 0x00, 0x06, 0x06, 0x00, 0x06, 0x00, 0x00,
    0x00, 0x00, 0x06, 0x06, 0x06, 0x00, 0x00, 0x00,
    0x06, 0x06, 0x00, 0x00, 0x06, 0x00, 0x00, 0x00,
    0x06, 0x06, 0x06, 0x06, 0x00, 0x00, 0x00, 0x00,
    0x06, 0x06, 0x00, 0x00, 0x00, 0x00, 0x00, 0x00,

    // Tile 376 (24,11)
    0x00, 0x0D, 0x06, 0x0D, 0x0D, 0x06, 0x0D, 0x0D,
    0x0B, 0x06, 0x00, 0x06, 0x06, 0x00, 0x00, 0x06,
    0x0B, 0x0B, 0x06, 0x00, 0x00, 0x06, 0x06, 0x00,
    0x0B, 0x0B, 0x0B, 0x06, 0x06, 0x06, 0x06, 0x06,
    0x00, 0x0B, 0x00, 0x00, 0x00, 0x00, 0x00, 0x00,
    0x00, 0x00, 0x00, 0x00, 0x0D, 0x0D, 0x0D, 0x0D,
    0x00, 0x00, 0x00, 0x00, 0x00, 0x00, 0x00, 0x00,
    0x00, 0x00, 0x00, 0x00, 0x0D, 0x0D, 0x0D, 0x0D,

    0x06, 0x06, 0x06, 0x06, 0x0D, 0x0D, 0x0D, 0x00,
    0x06, 0x06, 0x06, 0x06, 0x06, 0x0D, 0x06, 0x0B,
    0x06, 0x06, 0x06, 0x06, 0x06, 0x06, 0x0B, 0x0B,
    0x06, 0x06, 0x06, 0x06, 0x06, 0x0B, 0x0B, 0x0B,
    0x00, 0x00, 0x00, 0x00, 0x00, 0x00, 0x0B, 0x00,
    0x0D, 0x0D, 0x0D, 0x0D, 0x00, 0x00, 0x00, 0x00,
    0x00, 0x00, 0x00, 0x00, 0x00, 0x00, 0x00, 0x00,
    0x0D, 0x0D, 0x0D, 0x0D, 0x00, 0x00, 0x00, 0x00,

    0x00, 0x0D, 0x00, 0x0D, 0x00, 0x06, 0x06, 0x06,
    0x00, 0x0D, 0x00, 0x0D, 0x00, 0x06, 0x06, 0x06,
    0x00, 0x0D, 0x00, 0x0D, 0x00, 0x06, 0x06, 0x06,
    0x00, 0x0D, 0x00, 0x0D, 0x00, 0x06, 0x06, 0x06,
    0x00, 0x00, 0x00, 0x00, 0x00, 0x06, 0x06, 0x06,
    0x00, 0x00, 0x00, 0x00, 0x00, 0x0B, 0x06, 0x0D,
    0x00, 0x00, 0x00, 0x00, 0x0B, 0x0B, 0x0B, 0x06,
    0x00, 0x00, 0x00, 0x00, 0x00, 0x0B, 0x0B, 0x0B,

    0x06, 0x0D, 0x0D, 0x06, 0x00, 0x06, 0x06, 0x06,
    0x06, 0x06, 0x06, 0x06, 0x06, 0x06, 0x06, 0x06,
    0x06, 0x06, 0x06, 0x06, 0x06, 0x06, 0x06, 0x00,
    0x06, 0x06, 0x06, 0x06, 0x06, 0x06, 0x06, 0x00,
    0x0D, 0x0D, 0x06, 0x06, 0x06, 0x06, 0x00, 0x00,
    0x0D, 0x0D, 0x06, 0x06, 0x00, 0x00, 0x00, 0x00,
    0x0D, 0x00, 0x00, 0x00, 0x00, 0x00, 0x00, 0x00,
    0x00, 0x00, 0x00, 0x00, 0x00, 0x00, 0x00, 0x00,

    // Tile 380 (28,11)
    0x00, 0x00, 0x0D, 0x0D, 0x06, 0x06, 0x06, 0x0D,
    0x00, 0x00, 0x06, 0x06, 0x06, 0x06, 0x06, 0x0D,
    0x00, 0x00, 0x06, 0x06, 0x06, 0x06, 0x06, 0x06,
    0x00, 0x00, 0x00, 0x06, 0x06, 0x06, 0x06, 0x00,
    0x00, 0x00, 0x00, 0x06, 0x06, 0x06, 0x06, 0x06,
    0x00, 0x00, 0x00, 0x00, 0x06, 0x06, 0x06, 0x06,
    0x00, 0x00, 0x00, 0x00, 0x00, 0x00, 0x06, 0x06,
    0x00, 0x00, 0x00, 0x00, 0x00, 0x00, 0x00, 0x00,

    0x0D, 0x00, 0x0D, 0x00, 0x0D, 0x0D, 0x00, 0x00,
    0x00, 0x00, 0x00, 0x00, 0x00, 0x0D, 0x00, 0x00,
    0x0D, 0x00, 0x0D, 0x00, 0x0D, 0x06, 0x00, 0x00,
    0x00, 0x00, 0x06, 0x00, 0x00, 0x00, 0x00, 0x00,
    0x06, 0x06, 0x00, 0x06, 0x06, 0x00, 0x00, 0x00,
    0x06, 0x06, 0x06, 0x06, 0x00, 0x00, 0x00, 0x00,
    0x06, 0x06, 0x00, 0x00, 0x00, 0x00, 0x00, 0x00,
    0x00, 0x00, 0x00, 0x00, 0x00, 0x00, 0x00, 0x00,

    0x06, 0x06, 0x06, 0x00, 0x0D, 0x00, 0x0D, 0x0D,
    0x06, 0x06, 0x06, 0x00, 0x00, 0x00, 0x00, 0x0D,
    0x00, 0x06, 0x00, 0x06, 0x0D, 0x00, 0x0D, 0x06,
    0x00, 0x06, 0x06, 0x00, 0x00, 0x00, 0x00, 0x0D,
    0x00, 0x00, 0x06, 0x00, 0x0D, 0x00, 0x0D, 0x0D,
    0x00, 0x00, 0x00, 0x00, 0x06, 0x0D, 0x0D, 0x06,
    0x00, 0x00, 0x00, 0x00, 0x00, 0x00, 0x00, 0x0D,
    0x00, 0x00, 0x00, 0x00, 0x00, 0x00, 0x00, 0x00,

    0x06, 0x00, 0x06, 0x00, 0x0D, 0x00, 0x0D, 0x00,
    0x00, 0x06, 0x06, 0x00, 0x0D, 0x00, 0x0D, 0x00,
    0x00, 0x06, 0x06, 0x00, 0x0D, 0x00, 0x0D, 0x00,
    0x06, 0x00, 0x06, 0x00, 0x0D, 0x00, 0x0D, 0x00,
    0x06, 0x00, 0x06, 0x00, 0x00, 0x00, 0x00, 0x00,
    0x00, 0x06, 0x0B, 0x00, 0x00, 0x00, 0x00, 0x00,
    0x06, 0x0B, 0x0B, 0x0B, 0x00, 0x00, 0x00, 0x00,
    0x0B, 0x0B, 0x0B, 0x00, 0x00, 0x00, 0x00, 0x00,

    // Tile 384 (0,12)
    0x00, 0x00, 0x00, 0x00, 0x0A, 0x0A, 0x00, 0x00,
    0x00, 0x00, 0x00, 0x00, 0x00, 0x00, 0x0A, 0x00,
    0x00, 0x00, 0x00, 0x00, 0x00, 0x0A, 0x0A, 0x0A,
    0x00, 0x00, 0x00, 0x00, 0x0A, 0x0A, 0x0A, 0x0A,
    0x00, 0x00, 0x00, 0x00, 0x00, 0x0A, 0x0A, 0x00,
    0x00, 0x00, 0x00, 0x0A, 0x0A, 0x00, 0x00, 0x0A,
    0x00, 0x00, 0x00, 0x0A, 0x0F, 0x00, 0x0F, 0x00,
    0x00, 0x0B, 0x0A, 0x0F, 0x00, 0x00, 0x00, 0x00,

    0x0A, 0x00, 0x00, 0x0A, 0x0A, 0x00, 0x00, 0x00,
    0x0A, 0x00, 0x0A, 0x00, 0x00, 0x00, 0x00, 0x00,
    0x0A, 0x0A, 0x0A, 0x0A, 0x00, 0x00, 0x00, 0x00,
    0x0A, 0x0A, 0x0A, 0x0A, 0x0A, 0x00, 0x00, 0x00,
    0x00, 0x00, 0x0A, 0x0A, 0x0A, 0x00, 0x00, 0x00,
    0x0A, 0x0A, 0x00, 0x0A, 0x0A, 0x0A, 0x00, 0x00,
    0x0F, 0x0A, 0x0A, 0x0A, 0x0B, 0x0B, 0x00, 0x00,
    0x0F, 0x0F, 0x0A, 0x0B, 0x0B, 0x0B, 0x0B, 0x00,

    0x00, 0x00, 0x00, 0x00, 0x0A, 0x0A, 0x00, 0x00,
    0x00, 0x00, 0x00, 0x00, 0x00, 0x00, 0x0A, 0x00,
    0x00, 0x00, 0x00, 0x00, 0x00, 0x0A, 0x0A, 0x0A,
    0x00, 0x00, 0x00, 0x00, 0x0A, 0x0A, 0x0A, 0x0A,
    0x00, 0x00, 0x00, 0x00, 0x00, 0x0A, 0x0A, 0x00,
    0x00, 0x00, 0x00, 0x0A, 0x0A, 0x00, 0x00, 0x0A,
    0x00, 0x00, 0x00, 0x0A, 0x0F, 0x00, 0x0F, 0x00,
    0x00, 0x00, 0x0A, 0x0F, 0x00, 0x00, 0x00, 0x00,

    0x0A, 0x00, 0x00, 0x0A, 0x0A, 0x00, 0x00, 0x00,
    0x0A, 0x00, 0x0A, 0x00, 0x00, 0x00, 0x00, 0x00,
    0x0A, 0x0A, 0x0A, 0x0A, 0x00, 0x00, 0x00, 0x00,
    0x0A, 0x0A, 0x0A, 0x0A, 0x0A, 0x00, 0x00, 0x00,
    0x00, 0x00, 0x0A, 0x0A, 0x0A, 0x00, 0x00, 0x00,
    0x0A, 0x0A, 0x00, 0x0A, 0x0A, 0x0A, 0x00, 0x00,
    0x0F, 0x0A, 0x0A, 0x0B, 0x0B, 0x0B, 0x00, 0x00,
    0x0F, 0x0B, 0x0B, 0x0B, 0x0B, 0x0B, 0x0A, 0x00,

    // Tile 388 (4,12)
    0x00, 0x00, 0x00, 0x00, 0x06, 0x06, 0x00, 0x00,
    0x00, 0x00, 0x00, 0x00, 0x00, 0x00, 0x06, 0x00,
    0x00, 0x00, 0x00, 0x00, 0x00, 0x06, 0x06, 0x06,
    0x00, 0x00, 0x00, 0x00, 0x06, 0x06, 0x06, 0x06,
    0x00, 0x00, 0x00, 0x00, 0x00, 0x06, 0x06, 0x00,
    0x00, 0x00, 0x00, 0x06, 0x06, 0x00, 0x00, 0x06,
    0x00, 0x00, 0x00, 0x06, 0x0F, 0x00, 0x0F, 0x00,
    0x00, 0x0A, 0x06, 0x0F, 0x00, 0x00, 0x00, 0x00,

    0x06, 0x00, 0x00, 0x06, 0x06, 0x00, 0x00, 0x00,
    0x06, 0x00, 0x06, 0x00, 0x00, 0x00, 0x00, 0x00,
    0x06, 0x06, 0x06, 0x06, 0x00, 0x00, 0x00, 0x00,
    0x06, 0x06, 0x06, 0x06, 0x06, 0x00, 0x00, 0x00,
    0x00, 0x00, 0x06, 0x06, 0x06, 0x00, 0x00, 0x00,
    0x06, 0x06, 0x00, 0x06, 0x06, 0x06, 0x00, 0x00,
    0x0F, 0x06, 0x06, 0x06, 0x0A, 0x0A, 0x00, 0x00,
    0x0F, 0x0F, 0x06, 0x0A, 0x0A, 0x0A, 0x0A, 0x00,

    0x00, 0x00, 0x00, 0x00, 0x06, 0x06, 0x00, 0x00,
    0x00, 0x00, 0x00, 0x00, 0x00, 0x00, 0x06, 0x00,
    0x00, 0x00, 0x00, 0x00, 0x00, 0x06, 0x06, 0x06,
    0x00, 0x00, 0x00, 0x00, 0x06, 0x06, 0x06, 0x06,
    0x00, 0x00, 0x00, 0x00, 0x00, 0x06, 0x06, 0x00,
    0x00, 0x00, 0x00, 0x06, 0x06, 0x00, 0x00, 0x06,
    0x00, 0x00, 0x00, 0x06, 0x0F, 0x00, 0x0F, 0x00,
    0x00, 0x00, 0x06, 0x0F, 0x00, 0x00, 0x00, 0x00,

    0x06, 0x00, 0x00, 0x06, 0x06, 0x00, 0x00, 0x00,
    0x06, 0x00, 0x06, 0x00, 0x00, 0x00, 0x00, 0x00,
    0x06, 0x06, 0x06, 0x06, 0x00, 0x00, 0x00, 0x00,
    0x06, 0x06, 0x06, 0x06, 0x06, 0x00, 0x00, 0x00,
    0x00, 0x00, 0x06, 0x06, 0x06, 0x00, 0x00, 0x00,
    0x06, 0x06, 0x00, 0x06, 0x06, 0x06, 0x00, 0x00,
    0x0F, 0x06, 0x06, 0x0A, 0x0A, 0x0A, 0x00, 0x00,
    0x0F, 0x0A, 0x0A, 0x0A, 0x0A, 0x0A, 0x06, 0x00,

    // Tile 392 (8,12)
    0x00, 0x00, 0x00, 0x00, 0x0B, 0x0B, 0x00, 0x00,
    0x00, 0x00, 0x00, 0x00, 0x00, 0x00, 0x0B, 0x00,
    0x00, 0x00, 0x00, 0x00, 0x00, 0x0B, 0x0B, 0x0B,
    0x00, 0x00, 0x00, 0x00, 0x0B, 0x0B, 0x0B, 0x0B,
    0x00, 0x00, 0x00, 0x00, 0x00, 0x0B, 0x0B, 0x00,
    0x00, 0x00, 0x00, 0x0B, 0x0B, 0x00, 0x00, 0x0B,
    0x00, 0x00, 0x00, 0x0B, 0x0D, 0x00, 0x0D, 0x00,
    0x00, 0x06, 0x0B, 0x0D, 0x00, 0x00, 0x00, 0x00,

    0x0B, 0x00, 0x00, 0x0B, 0x0B, 0x00, 0x00, 0x00,
    0x0B, 0x00, 0x0B, 0x00, 0x00, 0x00, 0x00, 0x00,
    0x0B, 0x0B, 0x0B, 0x0B, 0x00, 0x00, 0x00, 0x00,
    0x0B, 0x0B, 0x0B, 0x0B, 0x0B, 0x00, 0x00, 0x00,
    0x00, 0x00, 0x0B, 0x0B, 0x0B, 0x00, 0x00, 0x00,
    0x0B, 0x0B, 0x00, 0x0B, 0x0B, 0x0B, 0x00, 0x00,
    0x0D, 0x0B, 0x0B, 0x0B, 0x06, 0x06, 0x00, 0x00,
    0x0D, 0x0D, 0x0B, 0x06, 0x06, 0x06, 0x06, 0x00,

    0x00, 0x00, 0x00, 0x00, 0x06, 0x06, 0x00, 0x00,
    0x00, 0x00, 0x00, 0x00, 0x00, 0x00, 0x06, 0x00,
    0x00, 0x00, 0x00, 0x00, 0x00, 0x06, 0x06, 0x06,
    0x00, 0x00, 0x00, 0x00, 0x06, 0x06, 0x06, 0x06,
    0x00, 0x00, 0x00, 0x00, 0x00, 0x06, 0x06, 0x00,
    0x00, 0x00, 0x00, 0x06, 0x06, 0x00, 0x00, 0x06,
    0x00, 0x00, 0x00, 0x06, 0x0D, 0x00, 0x0D, 0x00,
    0x00, 0x00, 0x06, 0x0D, 0x00, 0x00, 0x00, 0x00,

    0x06, 0x00, 0x00, 0x06, 0x06, 0x00, 0x00, 0x00,
    0x06, 0x00, 0x06, 0x00, 0x00, 0x00, 0x00, 0x00,
    0x06, 0x06, 0x06, 0x06, 0x00, 0x00, 0x00, 0x00,
    0x06, 0x06, 0x06, 0x06, 0x06, 0x00, 0x00, 0x00,
    0x00, 0x00, 0x06, 0x06, 0x06, 0x00, 0x00, 0x00,
    0x06, 0x06, 0x00, 0x06, 0x06, 0x06, 0x00, 0x00,
    0x0D, 0x06, 0x06, 0x06, 0x0B, 0x0B, 0x00, 0x00,
    0x00, 0x0D, 0x06, 0x0B, 0x0B, 0x0B, 0x0B, 0x00,

    // Tile 396 (12,12)
    0x00, 0x00, 0x00, 0x00, 0x00, 0x07, 0x07, 0x07,
    0x00, 0x00, 0x00, 0x07, 0x07, 0x07, 0x00, 0x00,
    0x00, 0x00, 0x07, 0x07, 0x07, 0x00, 0x07, 0x07,
    0x00, 0x00, 0x07, 0x07, 0x00, 0x07, 0x07, 0x0F,
    0x00, 0x07, 0x07, 0x00, 0x07, 0x07, 0x07, 0x00,
    0x00, 0x07, 0x00, 0x07, 0x07, 0x0F, 0x00, 0x0F,
    0x07, 0x07, 0x00, 0x07, 0x07, 0x00, 0x00, 0x0F,
    0x07, 0x07, 0x00, 0x07, 0x07, 0x0F, 0x0F, 0x0F,

    0x07, 0x00, 0x00, 0x00, 0x00, 0x00, 0x00, 0x00,
    0x00, 0x07, 0x07, 0x00, 0x00, 0x00, 0x00, 0x00,
    0x07, 0x00, 0x00, 0x07, 0x00, 0x00, 0x00, 0x00,
    0x00, 0x07, 0x00, 0x07, 0x00, 0x00, 0x00, 0x00,
    0x00, 0x0F, 0x07, 0x00, 0x07, 0x00, 0x00, 0x00,
    0x0F, 0x0F, 0x07, 0x00, 0x07, 0x00, 0x00, 0x00,
    0x07, 0x07, 0x00, 0x07, 0x00, 0x07, 0x00, 0x00,
    0x07, 0x00, 0x07, 0x07, 0x00, 0x07, 0x00, 0x00,

    0x00, 0x00, 0x00, 0x00, 0x00, 0x00, 0x07, 0x07,
    0x00, 0x00, 0x00, 0x00, 0x07, 0x07, 0x00, 0x00,
    0x00, 0x00, 0x00, 0x07, 0x00, 0x00, 0x07, 0x07,
    0x00, 0x00, 0x00, 0x07, 0x00, 0x07, 0x00, 0x0F,
    0x00, 0x00, 0x07, 0x00, 0x07, 0x0F, 0x00, 0x00,
    0x00, 0x00, 0x07, 0x00, 0x07, 0x0F, 0x0F, 0x0F,
    0x00, 0x07, 0x00, 0x07, 0x00, 0x07, 0x07, 0x0F,
    0x00, 0x07, 0x00, 0x07, 0x07, 0x00, 0x07, 0x0F,

    0x07, 0x07, 0x00, 0x00, 0x00, 0x00, 0x00, 0x00,
    0x00, 0x07, 0x07, 0x07, 0x00, 0x00, 0x00, 0x00,
    0x07, 0x00, 0x07, 0x07, 0x07, 0x00, 0x00, 0x00,
    0x07, 0x07, 0x00, 0x07, 0x07, 0x00, 0x00, 0x00,
    0x07, 0x07, 0x07, 0x00, 0x07, 0x07, 0x00, 0x00,
    0x00, 0x0F, 0x07, 0x07, 0x00, 0x07, 0x00, 0x00,
    0x00, 0x00, 0x07, 0x07, 0x00, 0x07, 0x07, 0x00,
    0x0F, 0x0F, 0x07, 0x07, 0x00, 0x07, 0x07, 0x00,

    // Tile 400 (16,12)
    0x00, 0x00, 0x00, 0x00, 0x00, 0x00, 0x0A, 0x0A,
    0x00, 0x00, 0x00, 0x00, 0x0A, 0x0A, 0x0A, 0x00,
    0x00, 0x00, 0x00, 0x0A, 0x0A, 0x0A, 0x00, 0x0A,
    0x00, 0x00, 0x00, 0x0A, 0x0A, 0x00, 0x0A, 0x0A,
    0x00, 0x00, 0x0A, 0x0A, 0x00, 0x0A, 0x0A, 0x0A,
    0x00, 0x00, 0x0A, 0x00, 0x0A, 0x0A, 0x0F, 0x00,
    0x00, 0x0A, 0x0A, 0x00, 0x0A, 0x0A, 0x00, 0x00,
    0x00, 0x0A, 0x0A, 0x00, 0x0A, 0x0A, 0x0F, 0x0F,

    0x0A, 0x0A, 0x00, 0x00, 0x00, 0x00, 0x00, 0x00,
    0x00, 0x00, 0x0A, 0x0A, 0x00, 0x00, 0x00, 0x00,
    0x0A, 0x0A, 0x00, 0x00, 0x0A, 0x00, 0x00, 0x00,
    0x0F, 0x00, 0x0A, 0x00, 0x0A, 0x00, 0x00, 0x00,
    0x00, 0x00, 0x0F, 0x0A, 0x00, 0x0A, 0x00, 0x00,
    0x0F, 0x0F, 0x0F, 0x0A, 0x00, 0x0A, 0x00, 0x00,
    0x0F, 0x0A, 0x0A, 0x00, 0x0A, 0x00, 0x0A, 0x00,
    0x0F, 0x0A, 0x00, 0x0A, 0x0A, 0x00, 0x0A, 0x00,

    0x00, 0x00, 0x00, 0x00, 0x00, 0x00, 0x0A, 0x0A,
    0x00, 0x00, 0x00, 0x00, 0x0A, 0x0A, 0x00, 0x00,
    0x00, 0x00, 0x00, 0x0A, 0x00, 0x00, 0x0A, 0x0A,
    0x00, 0x00, 0x00, 0x0A, 0x00, 0x0A, 0x00, 0x0F,
    0x00, 0x00, 0x0A, 0x00, 0x0A, 0x0F, 0x00, 0x00,
    0x00, 0x00, 0x0A, 0x00, 0x0A, 0x0F, 0x0F, 0x0F,
    0x00, 0x0A, 0x00, 0x0A, 0x00, 0x0A, 0x0A, 0x0F,
    0x00, 0x0A, 0x00, 0x0A, 0x0A, 0x00, 0x0A, 0x0F,

    0x0A, 0x0A, 0x00, 0x00, 0x00, 0x00, 0x00, 0x00,
    0x00, 0x0A, 0x0A, 0x0A, 0x00, 0x00, 0x00, 0x00,
    0x0A, 0x00, 0x0A, 0x0A, 0x0A, 0x00, 0x00, 0x00,
    0x0A, 0x0A, 0x00, 0x0A, 0x0A, 0x00, 0x00, 0x00,
    0x0A, 0x0A, 0x0A, 0x00, 0x0A, 0x0A, 0x00, 0x00,
    0x00, 0x0F, 0x0A, 0x0A, 0x00, 0x0A, 0x00, 0x00,
    0x00, 0x00, 0x0A, 0x0A, 0x00, 0x0A, 0x0A, 0x00,
    0x0F, 0x0F, 0x0A, 0x0A, 0x00, 0x0A, 0x0A, 0x00,

    // Tile 404 (20,12)
    0x00, 0x00, 0x00, 0x00, 0x00, 0x00, 0x06, 0x06,
    0x00, 0x00, 0x00, 0x00, 0x06, 0x06, 0x06, 0x00,
    0x00, 0x00, 0x00, 0x06, 0x06, 0x06, 0x00, 0x06,
    0x00, 0x00, 0x00, 0x06, 0x06, 0x00, 0x06, 0x06,
    0x00, 0x00, 0x06, 0x06, 0x00, 0x06, 0x06, 0x06,
    0x00, 0x00, 0x06, 0x00, 0x06, 0x06, 0x0F, 0x00,
    0x00, 0x06, 0x06, 0x00, 0x06, 0x06, 0x00, 0x00,
    0x00, 0x06, 0x06, 0x00, 0x06, 0x06, 0x0F, 0x0F,

    0x06, 0x06, 0x00, 0x00, 0x00, 0x00, 0x00, 0x00,
    0x00, 0x00, 0x06, 0x06, 0x00, 0x00, 0x00, 0x00,
    0x06, 0x06, 0x00, 0x00, 0x06, 0x00, 0x00, 0x00,
    0x0F, 0x00, 0x06, 0x00, 0x06, 0x00, 0x00, 0x00,
    0x00, 0x00, 0x0F, 0x06, 0x00, 0x06, 0x00, 0x00,
    0x0F, 0x0F, 0x0F, 0x06, 0x00, 0x06, 0x00, 0x00,
    0x0F, 0x06, 0x06, 0x00, 0x06, 0x00, 0x06, 0x00,
    0x0F, 0x06, 0x00, 0x06, 0x06, 0x00, 0x06, 0x00,

    0x00, 0x00, 0x00, 0x00, 0x00, 0x00, 0x06, 0x06,
    0x00, 0x00, 0x00, 0x00, 0x06, 0x06, 0x00, 0x00,
    0x00, 0x00, 0x00, 0x06, 0x00, 0x00, 0x06, 0x06,
    0x00, 0x00, 0x00, 0x06, 0x00, 0x06, 0x00, 0x0F,
    0x00, 0x00, 0x06, 0x00, 0x06, 0x0F, 0x00, 0x00,
    0x00, 0x00, 0x06, 0x00, 0x06, 0x0F, 0x0F, 0x0F,
    0x00, 0x06, 0x00, 0x06, 0x00, 0x06, 0x06, 0x0F,
    0x00, 0x06, 0x00, 0x06, 0x06, 0x00, 0x06, 0x0F,

    0x06, 0x06, 0x00, 0x00, 0x00, 0x00, 0x00, 0x00,
    0x00, 0x06, 0x06, 0x06, 0x00, 0x00, 0x00, 0x00,
    0x06, 0x00, 0x06, 0x06, 0x06, 0x00, 0x00, 0x00,
    0x06, 0x06, 0x00, 0x06, 0x06, 0x00, 0x00, 0x00,
    0x06, 0x06, 0x06, 0x00, 0x06, 0x06, 0x00, 0x00,
    0x00, 0x0F, 0x06, 0x06, 0x00, 0x06, 0x00, 0x00,
    0x00, 0x00, 0x06, 0x06, 0x00, 0x06, 0x06, 0x00,
    0x0F, 0x0F, 0x06, 0x06, 0x00, 0x06, 0x06, 0x00,

    // Tile 408 (24,12)
    0x00, 0x00, 0x00, 0x00, 0x06, 0x06, 0x00, 0x00,
    0x00, 0x00, 0x00, 0x00, 0x00, 0x00, 0x06, 0x00,
    0x00, 0x00, 0x00, 0x00, 0x00, 0x06, 0x06, 0x06,
    0x00, 0x00, 0x00, 0x00, 0x06, 0x06, 0x06, 0x06,
    0x00, 0x00, 0x00, 0x00, 0x00, 0x06, 0x06, 0x00,
    0x00, 0x00, 0x00, 0x06, 0x06, 0x00, 0x00, 0x06,
    0x00, 0x00, 0x00, 0x06, 0x0D, 0x00, 0x0D, 0x00,
    0x00, 0x00, 0x06, 0x0D, 0x00, 0x00, 0x00, 0x00,

    0x06, 0x00, 0x00, 0x06, 0x06, 0x00, 0x00, 0x00,
    0x06, 0x00, 0x06, 0x00, 0x00, 0x00, 0x00, 0x00,
    0x06, 0x06, 0x06, 0x06, 0x00, 0x00, 0x00, 0x00,
    0x06, 0x06, 0x06, 0x06, 0x06, 0x00, 0x00, 0x00,
    0x00, 0x00, 0x06, 0x06, 0x06, 0x00, 0x00, 0x00,
    0x06, 0x06, 0x00, 0x06, 0x06, 0x06, 0x00, 0x00,
    0x0D, 0x06, 0x06, 0x06, 0x0B, 0x0B, 0x00, 0x00,
    0x00, 0x0D, 0x06, 0x0B, 0x0B, 0x0B, 0x0B, 0x00,

    0x00, 0x00, 0x0B, 0x00, 0x00, 0x00, 0x00, 0x00,
    0x00, 0x0B, 0x0B, 0x00, 0x06, 0x00, 0x0B, 0x00,
    0x0B, 0x0B, 0x0B, 0x00, 0x06, 0x00, 0x06, 0x06,
    0x0B, 0x0B, 0x00, 0x06, 0x00, 0x06, 0x06, 0x0D,
    0x00, 0x00, 0x06, 0x06, 0x00, 0x06, 0x0D, 0x0D,
    0x00, 0x06, 0x06, 0x06, 0x06, 0x00, 0x0D, 0x00,
    0x00, 0x00, 0x06, 0x06, 0x06, 0x00, 0x06, 0x0D,
    0x00, 0x06, 0x06, 0x06, 0x00, 0x06, 0x0D, 0x00,

    0x00, 0x00, 0x00, 0x00, 0x00, 0x00, 0x00, 0x00,
    0x00, 0x00, 0x00, 0x00, 0x00, 0x00, 0x00, 0x00,
    0x06, 0x00, 0x00, 0x00, 0x00, 0x00, 0x00, 0x00,
    0x0D, 0x06, 0x06, 0x00, 0x00, 0x00, 0x00, 0x00,
    0x00, 0x0D, 0x06, 0x00, 0x06, 0x00, 0x00, 0x06,
    0x00, 0x00, 0x00, 0x06, 0x06, 0x06, 0x00, 0x06,
    0x00, 0x0D, 0x00, 0x06, 0x06, 0x06, 0x06, 0x00,
    0x00, 0x00, 0x06, 0x00, 0x06, 0x06, 0x00, 0x00,

    // Tile 412 (28,12)
    0x00, 0x00, 0x00, 0x0B, 0x00, 0x00, 0x00, 0x00,
    0x00, 0x00, 0x0B, 0x0B, 0x00, 0x00, 0x06, 0x06,
    0x00, 0x0B, 0x0B, 0x0B, 0x00, 0x06, 0x06, 0x06,
    0x00, 0x0B, 0x0B, 0x00, 0x06, 0x06, 0x06, 0x06,
    0x00, 0x00, 0x00, 0x0B, 0x06, 0x06, 0x06, 0x00,
    0x00, 0x06, 0x0B, 0x0B, 0x0B, 0x06, 0x00, 0x06,
    0x06, 0x0B, 0x0B, 0x0B, 0x0B, 0x00, 0x06, 0x0D,
    0x00, 0x0B, 0x0B, 0x0B, 0x0B, 0x06, 0x0D, 0x0D,

    0x00, 0x00, 0x00, 0x00, 0x0B, 0x0B, 0x00, 0x00,
    0x06, 0x00, 0x06, 0x00, 0x0B, 0x0B, 0x0B, 0x00,
    0x06, 0x06, 0x06, 0x06, 0x00, 0x0B, 0x0B, 0x0B,
    0x06, 0x06, 0x06, 0x06, 0x06, 0x00, 0x00, 0x00,
    0x00, 0x06, 0x06, 0x00, 0x00, 0x06, 0x06, 0x00,
    0x06, 0x00, 0x00, 0x06, 0x06, 0x00, 0x00, 0x00,
    0x0D, 0x06, 0x0D, 0x0D, 0x06, 0x06, 0x0B, 0x00,
    0x00, 0x0D, 0x00, 0x0D, 0x0D, 0x06, 0x00, 0x00,

    0x00, 0x00, 0x00, 0x00, 0x00, 0x00, 0x00, 0x00,
    0x00, 0x00, 0x00, 0x00, 0x00, 0x00, 0x00, 0x0B,
    0x00, 0x00, 0x00, 0x00, 0x00, 0x06, 0x0B, 0x0B,
    0x06, 0x00, 0x00, 0x06, 0x06, 0x06, 0x0B, 0x0B,
    0x06, 0x00, 0x06, 0x06, 0x06, 0x06, 0x06, 0x0B,
    0x00, 0x06, 0x06, 0x06, 0x06, 0x00, 0x06, 0x06,
    0x00, 0x00, 0x06, 0x06, 0x00, 0x06, 0x06, 0x0D,
    0x06, 0x06, 0x06, 0x06, 0x00, 0x06, 0x0D, 0x00,

    0x00, 0x06, 0x00, 0x00, 0x00, 0x00, 0x00, 0x00,
    0x0B, 0x0B, 0x06, 0x00, 0x0B, 0x0B, 0x00, 0x00,
    0x0B, 0x0B, 0x0B, 0x00, 0x0B, 0x0B, 0x0B, 0x00,
    0x0B, 0x0B, 0x0B, 0x0B, 0x00, 0x0B, 0x0B, 0x0B,
    0x0B, 0x0B, 0x0B, 0x06, 0x06, 0x00, 0x00, 0x00,
    0x06, 0x00, 0x06, 0x06, 0x06, 0x06, 0x00, 0x00,
    0x0D, 0x06, 0x00, 0x06, 0x06, 0x06, 0x06, 0x00,
    0x0D, 0x0D, 0x06, 0x00, 0x06, 0x06, 0x06, 0x00,

    // Tile 416 (0,13)
    0x0B, 0x0B, 0x0A, 0x0F, 0x0F, 0x0F, 0x0F, 0x0F,
    0x00, 0x0B, 0x00, 0x0A, 0x0F, 0x0F, 0x0A, 0x0F,
    0x00, 0x00, 0x00, 0x00, 0x00, 0x00, 0x00, 0x00,
    0x00, 0x0A, 0x0A, 0x00, 0x00, 0x00, 0x00, 0x00,
    0x00, 0x00, 0x0A, 0x0A, 0x0A, 0x0A, 0x0A, 0x0A,
    0x00, 0x00, 0x0A, 0x0A, 0x0A, 0x00, 0x0A, 0x0A,
    0x00, 0x00, 0x0A, 0x00, 0x00, 0x0B, 0x00, 0x00,
    0x00, 0x00, 0x00, 0x00, 0x0B, 0x0B, 0x00, 0x0B,

    0x0F, 0x0F, 0x0A, 0x0B, 0x0B, 0x0B, 0x0B, 0x0B,
    0x0F, 0x0A, 0x00, 0x0B, 0x0B, 0x0B, 0x0B, 0x0B,
    0x00, 0x00, 0x00, 0x0A, 0x0B, 0x0B, 0x0B, 0x0A,
    0x00, 0x00, 0x0A, 0x0A, 0x0B, 0x0B, 0x0A, 0x0A,
    0x0A, 0x0A, 0x0A, 0x0A, 0x0A, 0x0A, 0x0A, 0x0A,
    0x00, 0x00, 0x0A, 0x00, 0x0A, 0x0A, 0x0A, 0x00,
    0x0B, 0x0B, 0x00, 0x0B, 0x00, 0x0A, 0x00, 0x00,
    0x0B, 0x0B, 0x0B, 0x0B, 0x00, 0x00, 0x00, 0x00,

    0x00, 0x00, 0x0A, 0x0F, 0x0F, 0x0F, 0x0F, 0x0F,
    0x00, 0x00, 0x00, 0x0A, 0x0F, 0x0F, 0x0A, 0x0F,
    0x00, 0x00, 0x00, 0x00, 0x00, 0x00, 0x00, 0x00,
    0x00, 0x0A, 0x0A, 0x00, 0x00, 0x00, 0x00, 0x00,
    0x00, 0x00, 0x00, 0x0A, 0x0A, 0x0A, 0x0A, 0x0A,
    0x0B, 0x0B, 0x0B, 0x00, 0x0A, 0x0A, 0x0A, 0x0A,
    0x00, 0x0B, 0x0B, 0x0B, 0x00, 0x0A, 0x00, 0x0A,
    0x00, 0x00, 0x0B, 0x0B, 0x00, 0x00, 0x00, 0x00,

    0x0B, 0x0B, 0x0B, 0x0B, 0x0B, 0x0B, 0x0A, 0x00,
    0x0F, 0x0B, 0x0B, 0x0B, 0x0B, 0x0B, 0x0A, 0x0A,
    0x00, 0x00, 0x0B, 0x0B, 0x0B, 0x0A, 0x0A, 0x00,
    0x00, 0x00, 0x0A, 0x0A, 0x0A, 0x0A, 0x00, 0x00,
    0x0A, 0x0A, 0x0A, 0x0A, 0x00, 0x0B, 0x0B, 0x00,
    0x0A, 0x0A, 0x0A, 0x00, 0x0B, 0x0B, 0x0B, 0x00,
    0x0A, 0x0A, 0x00, 0x00, 0x0B, 0x0B, 0x00, 0x00,
    0x00, 0x00, 0x00, 0x00, 0x0B, 0x00, 0x00, 0x00,

    // Tile 420 (4,13)
    0x0A, 0x0A, 0x06, 0x0F, 0x0F, 0x0F, 0x0F, 0x0F,
    0x00, 0x0A, 0x00, 0x06, 0x0F, 0x0F, 0x06, 0x0F,
    0x00, 0x00, 0x00, 0x00, 0x00, 0x00, 0x00, 0x00,
    0x00, 0x06, 0x06, 0x00, 0x00, 0x00, 0x00, 0x00,
    0x00, 0x00, 0x06, 0x06, 0x06, 0x06, 0x06, 0x06,
    0x00, 0x00, 0x06, 0x06, 0x06, 0x00, 0x06, 0x06,
    0x00, 0x00, 0x06, 0x00, 0x00, 0x0A, 0x00, 0x00,
    0x00, 0x00, 0x00, 0x00, 0x0A, 0x0A, 0x00, 0x0A,

    0x0F, 0x0F, 0x06, 0x0A, 0x0A, 0x0A, 0x0A, 0x0A,
    0x0F, 0x06, 0x00, 0x0A, 0x0A, 0x0A, 0x0A, 0x0A,
    0x00, 0x00, 0x00, 0x06, 0x0A, 0x0A, 0x0A, 0x06,
    0x00, 0x00, 0x06, 0x06, 0x0A, 0x0A, 0x06, 0x06,
    0x06, 0x06, 0x06, 0x06, 0x06, 0x06, 0x06, 0x06,
    0x00, 0x00, 0x06, 0x00, 0x06, 0x06, 0x06, 0x00,
    0x0A, 0x0A, 0x00, 0x0A, 0x00, 0x06, 0x00, 0x00,
    0x0A, 0x0A, 0x0A, 0x0A, 0x00, 0x00, 0x00, 0x00,

    0x00, 0x00, 0x06, 0x0F, 0x0F, 0x0F, 0x0F, 0x0F,
    0x00, 0x00, 0x00, 0x06, 0x0F, 0x0F, 0x06, 0x0F,
    0x00, 0x00, 0x00, 0x00, 0x00, 0x00, 0x00, 0x00,
    0x00, 0x06, 0x06, 0x00, 0x00, 0x00, 0x00, 0x00,
    0x00, 0x00, 0x00, 0x06, 0x06, 0x06, 0x06, 0x06,
    0x0A, 0x0A, 0x0A, 0x00, 0x06, 0x06, 0x06, 0x06,
    0x00, 0x0A, 0x0A, 0x0A, 0x00, 0x06, 0x00, 0x06,
    0x00, 0x00, 0x0A, 0x0A, 0x00, 0x00, 0x00, 0x00,

    0x0A, 0x0A, 0x0A, 0x0A, 0x0A, 0x0A, 0x06, 0x00,
    0x0F, 0x0A, 0x0A, 0x0A, 0x0A, 0x0A, 0x06, 0x06,
    0x00, 0x00, 0x0A, 0x0A, 0x0A, 0x06, 0x06, 0x00,
    0x00, 0x00, 0x06, 0x06, 0x06, 0x06, 0x00, 0x00,
    0x06, 0x06, 0x06, 0x06, 0x00, 0x0A, 0x0A, 0x00,
    0x06, 0x06, 0x06, 0x00, 0x0A, 0x0A, 0x0A, 0x00,
    0x06, 0x06, 0x00, 0x00, 0x0A, 0x0A, 0x00, 0x00,
    0x00, 0x00, 0x00, 0x00, 0x0A, 0x00, 0x00, 0x00,

    // Tile 424 (8,13)
    0x06, 0x06, 0x0B, 0x0D, 0x0D, 0x0D, 0x0D, 0x0D,
    0x00, 0x06, 0x00, 0x0B, 0x0D, 0x0D, 0x0B, 0x0D,
    0x00, 0x00, 0x00, 0x00, 0x00, 0x00, 0x00, 0x00,
    0x00, 0x0B, 0x0B, 0x00, 0x00, 0x00, 0x00, 0x00,
    0x00, 0x00, 0x0B, 0x0B, 0x0B, 0x0B, 0x0B, 0x0B,
    0x00, 0x00, 0x0B, 0x0B, 0x0B, 0x00, 0x0B, 0x0B,
    0x00, 0x00, 0x0B, 0x00, 0x00, 0x06, 0x00, 0x00,
    0x00, 0x00, 0x00, 0x00, 0x06, 0x06, 0x00, 0x06,

    0x0D, 0x0D, 0x0B, 0x06, 0x06, 0x06, 0x06, 0x06,
    0x0D, 0x0B, 0x00, 0x06, 0x06, 0x06, 0x06, 0x06,
    0x00, 0x00, 0x00, 0x0B, 0x06, 0x06, 0x06, 0x0B,
    0x00, 0x00, 0x0B, 0x0B, 0x06, 0x06, 0x0B, 0x0B,
    0x0B, 0x0B, 0x0B, 0x0B, 0x0B, 0x0B, 0x0B, 0x0B,
    0x00, 0x00, 0x0B, 0x00, 0x0B, 0x0B, 0x0B, 0x00,
    0x06, 0x06, 0x00, 0x06, 0x00, 0x0B, 0x00, 0x00,
    0x06, 0x06, 0x06, 0x06, 0x00, 0x00, 0x00, 0x00,

    0x00, 0x00, 0x06, 0x0D, 0x0D, 0x00, 0x0D, 0x00,
    0x00, 0x0B, 0x06, 0x06, 0x0D, 0x0D, 0x06, 0x0D,
    0x00, 0x00, 0x00, 0x06, 0x06, 0x00, 0x00, 0x06,
    0x00, 0x06, 0x06, 0x00, 0x00, 0x06, 0x06, 0x00,
    0x00, 0x00, 0x00, 0x06, 0x06, 0x06, 0x06, 0x06,
    0x0B, 0x0B, 0x0B, 0x00, 0x06, 0x06, 0x06, 0x06,
    0x00, 0x0B, 0x0B, 0x0B, 0x00, 0x06, 0x00, 0x06,
    0x00, 0x00, 0x0B, 0x0B, 0x00, 0x00, 0x00, 0x00,

    0x0D, 0x0D, 0x06, 0x0B, 0x0B, 0x0B, 0x0B, 0x00,
    0x0D, 0x06, 0x00, 0x0B, 0x0B, 0x0B, 0x0B, 0x06,
    0x06, 0x00, 0x06, 0x0B, 0x0B, 0x0B, 0x06, 0x00,
    0x00, 0x06, 0x06, 0x06, 0x0B, 0x00, 0x00, 0x00,
    0x06, 0x06, 0x06, 0x06, 0x00, 0x0B, 0x0B, 0x00,
    0x06, 0x06, 0x06, 0x00, 0x0B, 0x0B, 0x0B, 0x00,
    0x06, 0x06, 0x00, 0x00, 0x0B, 0x0B, 0x00, 0x00,
    0x00, 0x00, 0x00, 0x00, 0x0B, 0x00, 0x00, 0x00,

    // Tile 428 (12,13)
    0x07, 0x07, 0x00, 0x0A, 0x07, 0x07, 0x07, 0x07,
    0x07, 0x07, 0x00, 0x0A, 0x0A, 0x07, 0x07, 0x00,
    0x00, 0x07, 0x00, 0x0A, 0x0A, 0x00, 0x00, 0x07,
    0x00, 0x07, 0x07, 0x00, 0x0A, 0x07, 0x07, 0x07,
    0x00, 0x00, 0x07, 0x07, 0x00, 0x00, 0x00, 0x00,
    0x00, 0x00, 0x07, 0x07, 0x00, 0x0A, 0x0A, 0x0A,
    0x00, 0x00, 0x00, 0x07, 0x07, 0x00, 0x00, 0x00,
    0x00, 0x00, 0x00, 0x00, 0x00, 0x07, 0x07, 0x07,

    0x00, 0x07, 0x07, 0x00, 0x0A, 0x07, 0x00, 0x00,
    0x07, 0x07, 0x07, 0x00, 0x0A, 0x07, 0x00, 0x00,
    0x07, 0x07, 0x00, 0x0A, 0x07, 0x00, 0x00, 0x00,
    0x00, 0x00, 0x0A, 0x00, 0x07, 0x00, 0x00, 0x00,
    0x07, 0x07, 0x00, 0x07, 0x00, 0x00, 0x00, 0x00,
    0x00, 0x07, 0x07, 0x07, 0x00, 0x00, 0x00, 0x00,
    0x07, 0x07, 0x07, 0x00, 0x00, 0x00, 0x00, 0x00,
    0x07, 0x00, 0x00, 0x00, 0x00, 0x00, 0x00, 0x00,

    0x00, 0x07, 0x0A, 0x00, 0x07, 0x07, 0x00, 0x07,
    0x00, 0x07, 0x0A, 0x00, 0x07, 0x07, 0x07, 0x00,
    0x00, 0x00, 0x07, 0x0A, 0x00, 0x07, 0x07, 0x07,
    0x00, 0x00, 0x07, 0x00, 0x0A, 0x00, 0x00, 0x07,
    0x00, 0x00, 0x00, 0x07, 0x00, 0x07, 0x07, 0x00,
    0x00, 0x00, 0x00, 0x07, 0x07, 0x07, 0x00, 0x0A,
    0x00, 0x00, 0x00, 0x00, 0x07, 0x07, 0x07, 0x00,
    0x00, 0x00, 0x00, 0x00, 0x00, 0x00, 0x07, 0x07,

    0x07, 0x07, 0x07, 0x0A, 0x00, 0x07, 0x07, 0x00,
    0x07, 0x07, 0x0A, 0x0A, 0x00, 0x07, 0x07, 0x00,
    0x00, 0x00, 0x0A, 0x0A, 0x00, 0x07, 0x00, 0x00,
    0x07, 0x07, 0x0A, 0x00, 0x07, 0x07, 0x00, 0x00,
    0x00, 0x00, 0x00, 0x07, 0x07, 0x00, 0x00, 0x00,
    0x0A, 0x0A, 0x00, 0x07, 0x07, 0x00, 0x00, 0x00,
    0x00, 0x00, 0x07, 0x07, 0x00, 0x00, 0x00, 0x00,
    0x07, 0x07, 0x00, 0x00, 0x00, 0x00, 0x00, 0x00,

    // Tile 432 (16,13)
    0x00, 0x0A, 0x0A, 0x00, 0x0B, 0x0A, 0x0A, 0x0A,
    0x00, 0x0A, 0x0A, 0x00, 0x0B, 0x0B, 0x0A, 0x0A,
    0x00, 0x00, 0x0A, 0x00, 0x0B, 0x0B, 0x00, 0x00,
    0x00, 0x00, 0x0A, 0x0A, 0x00, 0x0B, 0x0A, 0x0A,
    0x00, 0x00, 0x00, 0x0A, 0x0A, 0x00, 0x00, 0x00,
    0x00, 0x00, 0x00, 0x0A, 0x0A, 0x00, 0x0B, 0x0B,
    0x00, 0x00, 0x00, 0x00, 0x0A, 0x0A, 0x00, 0x00,
    0x00, 0x00, 0x00, 0x00, 0x00, 0x00, 0x0A, 0x0A,

    0x0A, 0x00, 0x0A, 0x0A, 0x00, 0x0B, 0x0A, 0x00,
    0x00, 0x0A, 0x0A, 0x0A, 0x00, 0x0B, 0x0A, 0x00,
    0x0A, 0x0A, 0x0A, 0x00, 0x0B, 0x0A, 0x00, 0x00,
    0x0A, 0x00, 0x00, 0x0B, 0x00, 0x0A, 0x00, 0x00,
    0x00, 0x0A, 0x0A, 0x00, 0x0A, 0x00, 0x00, 0x00,
    0x0B, 0x00, 0x0A, 0x0A, 0x0A, 0x00, 0x00, 0x00,
    0x00, 0x0A, 0x0A, 0x0A, 0x00, 0x00, 0x00, 0x00,
    0x0A, 0x0A, 0x00, 0x00, 0x00, 0x00, 0x00, 0x00,

    0x00, 0x0A, 0x0B, 0x00, 0x0A, 0x0A, 0x00, 0x0A,
    0x00, 0x0A, 0x0B, 0x00, 0x0A, 0x0A, 0x0A, 0x00,
    0x00, 0x00, 0x0A, 0x0B, 0x00, 0x0A, 0x0A, 0x0A,
    0x00, 0x00, 0x0A, 0x00, 0x0B, 0x00, 0x00, 0x0A,
    0x00, 0x00, 0x00, 0x0A, 0x00, 0x0A, 0x0A, 0x00,
    0x00, 0x00, 0x00, 0x0A, 0x0A, 0x0A, 0x00, 0x0B,
    0x00, 0x00, 0x00, 0x00, 0x0A, 0x0A, 0x0A, 0x00,
    0x00, 0x00, 0x00, 0x00, 0x00, 0x00, 0x0A, 0x0A,

    0x0A, 0x0A, 0x0A, 0x0B, 0x00, 0x0A, 0x0A, 0x00,
    0x0A, 0x0A, 0x0B, 0x0B, 0x00, 0x0A, 0x0A, 0x00,
    0x00, 0x00, 0x0B, 0x0B, 0x00, 0x0A, 0x00, 0x00,
    0x0A, 0x0A, 0x0B, 0x00, 0x0A, 0x0A, 0x00, 0x00,
    0x00, 0x00, 0x00, 0x0A, 0x0A, 0x00, 0x00, 0x00,
    0x0B, 0x0B, 0x00, 0x0A, 0x0A, 0x00, 0x00, 0x00,
    0x00, 0x00, 0x0A, 0x0A, 0x00, 0x00, 0x00, 0x00,
    0x0A, 0x0A, 0x00, 0x00, 0x00, 0x00, 0x00, 0x00,

    // Tile 436 (20,13)
    0x00, 0x06, 0x06, 0x00, 0x0A, 0x06, 0x06, 0x06,
    0x00, 0x06, 0x06, 0x00, 0x0A, 0x0A, 0x06, 0x06,
    0x00, 0x00, 0x06, 0x00, 0x0A, 0x0A, 0x00, 0x00,
    0x00, 0x00, 0x06, 0x06, 0x00, 0x0A, 0x06, 0x06,
    0x00, 0x00, 0x00, 0x06, 0x06, 0x00, 0x00, 0x00,
    0x00, 0x00, 0x00, 0x06, 0x06, 0x00, 0x0A, 0x0A,
    0x00, 0x00, 0x00, 0x00, 0x06, 0x06, 0x00, 0x00,
    0x00, 0x00, 0x00, 0x00, 0x00, 0x00, 0x06, 0x06,

    0x06, 0x00, 0x06, 0x06, 0x00, 0x0A, 0x06, 0x00,
    0x00, 0x06, 0x06, 0x06, 0x00, 0x0A, 0x06, 0x00,
    0x06, 0x06, 0x06, 0x00, 0x0A, 0x06, 0x00, 0x00,
    0x06, 0x00, 0x00, 0x0A, 0x00, 0x06, 0x00, 0x00,
    0x00, 0x06, 0x06, 0x00, 0x06, 0x00, 0x00, 0x00,
    0x0A, 0x00, 0x06, 0x06, 0x06, 0x00, 0x00, 0x00,
    0x00, 0x06, 0x06, 0x06, 0x00, 0x00, 0x00, 0x00,
    0x06, 0x06, 0x00, 0x00, 0x00, 0x00, 0x00, 0x00,

    0x00, 0x06, 0x0A, 0x00, 0x06, 0x06, 0x00, 0x06,
    0x00, 0x06, 0x0A, 0x00, 0x06, 0x06, 0x06, 0x00,
    0x00, 0x00, 0x06, 0x0A, 0x00, 0x06, 0x06, 0x06,
    0x00, 0x00, 0x06, 0x00, 0x0A, 0x00, 0x00, 0x06,
    0x00, 0x00, 0x00, 0x06, 0x00, 0x06, 0x06, 0x00,
    0x00, 0x00, 0x00, 0x06, 0x06, 0x06, 0x00, 0x0A,
    0x00, 0x00, 0x00, 0x00, 0x06, 0x06, 0x06, 0x00,
    0x00, 0x00, 0x00, 0x00, 0x00, 0x00, 0x06, 0x06,

    0x06, 0x06, 0x06, 0x0A, 0x00, 0x06, 0x06, 0x00,
    0x06, 0x06, 0x0A, 0x0A, 0x00, 0x06, 0x06, 0x00,
    0x00, 0x00, 0x0A, 0x0A, 0x00, 0x06, 0x00, 0x00,
    0x06, 0x06, 0x0A, 0x00, 0x06, 0x06, 0x00, 0x00,
    0x00, 0x00, 0x00, 0x06, 0x06, 0x00, 0x00, 0x00,
    0x0A, 0x0A, 0x00, 0x06, 0x06, 0x00, 0x00, 0x00,
    0x00, 0x00, 0x06, 0x06, 0x00, 0x00, 0x00, 0x00,
    0x06, 0x06, 0x00, 0x00, 0x00, 0x00, 0x00, 0x00,

    // Tile 440 (24,13)
    0x00, 0x00, 0x06, 0x0D, 0x0D, 0x00, 0x0D, 0x00,
    0x00, 0x0B, 0x06, 0x06, 0x0D, 0x0D, 0x06, 0x0D,
    0x00, 0x00, 0x00, 0x06, 0x06, 0x00, 0x00, 0x06,
    0x00, 0x06, 0x06, 0x00, 0x00, 0x06, 0x06, 0x00,
    0x00, 0x00, 0x00, 0x06, 0x06, 0x06, 0x06, 0x06,
    0x0B, 0x0B, 0x0B, 0x00, 0x06, 0x06, 0x06, 0x06,
    0x00, 0x0B, 0x0B, 0x0B, 0x00, 0x06, 0x00, 0x06,
    0x00, 0x00, 0x0B, 0x0B, 0x00, 0x00, 0x00, 0x00,

    0x0D, 0x0D, 0x06, 0x0B, 0x0B, 0x0B, 0x0B, 0x00,
    0x0D, 0x06, 0x00, 0x0B, 0x0B, 0x0B, 0x0B, 0x06,
    0x06, 0x00, 0x06, 0x0B, 0x0B, 0x0B, 0x06, 0x00,
    0x00, 0x06, 0x06, 0x06, 0x0B, 0x00, 0x00, 0x00,
    0x06, 0x06, 0x06, 0x06, 0x00, 0x0B, 0x0B, 0x00,
    0x06, 0x06, 0x06, 0x00, 0x0B, 0x0B, 0x0B, 0x00,
    0x06, 0x06, 0x00, 0x00, 0x0B, 0x0B, 0x00, 0x00,
    0x00, 0x00, 0x00, 0x00, 0x0B, 0x00, 0x00, 0x00,

    0x00, 0x06, 0x06, 0x06, 0x00, 0x06, 0x0D, 0x0D,
    0x00, 0x06, 0x06, 0x06, 0x06, 0x00, 0x06, 0x0D,
    0x00, 0x00, 0x06, 0x06, 0x06, 0x06, 0x00, 0x06,
    0x00, 0x00, 0x00, 0x06, 0x06, 0x0B, 0x0B, 0x0B,
    0x0B, 0x0B, 0x0B, 0x00, 0x0B, 0x0B, 0x0B, 0x0B,
    0x00, 0x0B, 0x0B, 0x0B, 0x00, 0x0B, 0x0B, 0x0B,
    0x00, 0x00, 0x0B, 0x0B, 0x00, 0x06, 0x0B, 0x0B,
    0x00, 0x00, 0x00, 0x00, 0x00, 0x00, 0x06, 0x00,

    0x00, 0x0D, 0x06, 0x00, 0x06, 0x06, 0x06, 0x06,
    0x0D, 0x06, 0x06, 0x00, 0x06, 0x06, 0x00, 0x00,
    0x06, 0x06, 0x00, 0x06, 0x06, 0x06, 0x06, 0x00,
    0x0B, 0x06, 0x06, 0x06, 0x06, 0x06, 0x00, 0x06,
    0x0B, 0x0B, 0x06, 0x06, 0x06, 0x00, 0x00, 0x06,
    0x0B, 0x0B, 0x06, 0x00, 0x00, 0x00, 0x00, 0x00,
    0x0B, 0x00, 0x00, 0x00, 0x00, 0x00, 0x00, 0x00,
    0x00, 0x00, 0x00, 0x00, 0x00, 0x00, 0x00, 0x00,

    // Tile 444 (28,13)
    0x00, 0x0B, 0x0B, 0x0B, 0x0B, 0x06, 0x0D, 0x00,
    0x00, 0x00, 0x0B, 0x0B, 0x06, 0x06, 0x06, 0x0D,
    0x00, 0x00, 0x06, 0x06, 0x06, 0x00, 0x06, 0x06,
    0x00, 0x00, 0x00, 0x06, 0x06, 0x06, 0x00, 0x00,
    0x00, 0x00, 0x00, 0x06, 0x06, 0x06, 0x06, 0x06,
    0x00, 0x00, 0x00, 0x00, 0x06, 0x06, 0x06, 0x06,
    0x00, 0x00, 0x00, 0x00, 0x00, 0x06, 0x00, 0x06,
    0x00, 0x00, 0x00, 0x06, 0x06, 0x00, 0x00, 0x06,

    0x00, 0x00, 0x00, 0x00, 0x0D, 0x06, 0x00, 0x00,
    0x00, 0x0D, 0x00, 0x0D, 0x06, 0x00, 0x00, 0x00,
    0x06, 0x00, 0x00, 0x06, 0x06, 0x00, 0x00, 0x00,
    0x00, 0x06, 0x06, 0x00, 0x00, 0x00, 0x00, 0x00,
    0x06, 0x06, 0x06, 0x06, 0x00, 0x00, 0x00, 0x00,
    0x06, 0x06, 0x06, 0x00, 0x00, 0x00, 0x00, 0x00,
    0x00, 0x06, 0x00, 0x00, 0x00, 0x00, 0x00, 0x00,
    0x00, 0x00, 0x06, 0x06, 0x00, 0x00, 0x00, 0x00,

    0x00, 0x00, 0x06, 0x06, 0x00, 0x06, 0x00, 0x00,
    0x00, 0x06, 0x06, 0x06, 0x06, 0x00, 0x0D, 0x00,
    0x06, 0x00, 0x06, 0x06, 0x06, 0x00, 0x00, 0x00,
    0x06, 0x00, 0x00, 0x06, 0x00, 0x06, 0x0D, 0x00,
    0x00, 0x00, 0x00, 0x00, 0x00, 0x06, 0x06, 0x0D,
    0x00, 0x00, 0x00, 0x00, 0x00, 0x00, 0x00, 0x06,
    0x00, 0x00, 0x00, 0x00, 0x00, 0x00, 0x00, 0x00,
    0x00, 0x00, 0x00, 0x00, 0x00, 0x00, 0x00, 0x00,

    0x00, 0x0D, 0x06, 0x00, 0x06, 0x06, 0x06, 0x00,
    0x0D, 0x06, 0x00, 0x06, 0x06, 0x06, 0x00, 0x00,
    0x00, 0x0D, 0x00, 0x06, 0x06, 0x06, 0x06, 0x00,
    0x0D, 0x0D, 0x06, 0x00, 0x06, 0x06, 0x00, 0x00,
    0x0D, 0x06, 0x06, 0x00, 0x06, 0x00, 0x0B, 0x0B,
    0x06, 0x06, 0x00, 0x06, 0x00, 0x0B, 0x0B, 0x0B,
    0x00, 0x0B, 0x00, 0x06, 0x00, 0x0B, 0x0B, 0x00,
    0x00, 0x00, 0x00, 0x00, 0x00, 0x0B, 0x00, 0x00,

    // Tile 448 (0,14)
    0x00, 0x00, 0x00, 0x00, 0x00, 0x00, 0x00, 0x00,
    0x00, 0x00, 0x00, 0x00, 0x00, 0x00, 0x00, 0x00,
    0x00, 0x00, 0x00, 0x00, 0x00, 0x06, 0x06, 0x00,
    0x00, 0x00, 0x06, 0x06, 0x06, 0x06, 0x06, 0x06,
    0x00, 0x06, 0x06, 0x06, 0x0A, 0x0A, 0x0A, 0x06,
    0x06, 0x06, 0x0A, 0x0A, 0x0A, 0x0A, 0x0A, 0x0A,
    0x06, 0x0A, 0x0A, 0x0A, 0x0A, 0x0A, 0x0A, 0x0A,
    0x00, 0x06, 0x0A, 0x0A, 0x0A, 0x0A, 0x0A, 0x0A,

    0x00, 0x00, 0x00, 0x00, 0x00, 0x00, 0x00, 0x00,
    0x00, 0x00, 0x00, 0x00, 0x00, 0x00, 0x00, 0x00,
    0x00, 0x00, 0x00, 0x00, 0x00, 0x00, 0x00, 0x00,
    0x06, 0x06, 0x00, 0x00, 0x00, 0x00, 0x00, 0x00,
    0x06, 0x00, 0x06, 0x06, 0x00, 0x00, 0x00, 0x00,
    0x0A, 0x06, 0x06, 0x00, 0x00, 0x00, 0x00, 0x00,
    0x0A, 0x0A, 0x0A, 0x06, 0x06, 0x06, 0x00, 0x00,
    0x0A, 0x0A, 0x0A, 0x0A, 0x0A, 0x06, 0x06, 0x06,

    0x00, 0x00, 0x00, 0x00, 0x00, 0x00, 0x00, 0x00,
    0x00, 0x00, 0x00, 0x00, 0x00, 0x00, 0x00, 0x00,
    0x00, 0x00, 0x00, 0x00, 0x00, 0x00, 0x00, 0x00,
    0x00, 0x00, 0x00, 0x00, 0x00, 0x00, 0x00, 0x00,
    0x00, 0x00, 0x00, 0x00, 0x00, 0x00, 0x00, 0x00,
    0x00, 0x00, 0x00, 0x00, 0x00, 0x00, 0x00, 0x00,
    0x00, 0x00, 0x00, 0x00, 0x00, 0x00, 0x00, 0x00,
    0x00, 0x00, 0x00, 0x00, 0x00, 0x00, 0x00, 0x00,

    0x00, 0x00, 0x00, 0x00, 0x00, 0x00, 0x00, 0x00,
    0x00, 0x00, 0x00, 0x00, 0x00, 0x00, 0x00, 0x00,
    0x00, 0x00, 0x00, 0x00, 0x00, 0x00, 0x00, 0x00,
    0x00, 0x00, 0x00, 0x00, 0x00, 0x00, 0x00, 0x00,
    0x00, 0x00, 0x00, 0x00, 0x00, 0x00, 0x00, 0x00,
    0x00, 0x00, 0x00, 0x00, 0x00, 0x00, 0x00, 0x00,
    0x00, 0x00, 0x00, 0x00, 0x00, 0x00, 0x00, 0x00,
    0x00, 0x00, 0x00, 0x00, 0x00, 0x00, 0x00, 0x00,

    // Tile 452 (4,14)
    0x00, 0x00, 0x00, 0x00, 0x00, 0x00, 0x00, 0x00,
    0x00, 0x00, 0x00, 0x00, 0x00, 0x00, 0x00, 0x00,
    0x00, 0x00, 0x00, 0x00, 0x00, 0x00, 0x00, 0x00,
    0x00, 0x00, 0x00, 0x00, 0x00, 0x00, 0x00, 0x00,
    0x00, 0x00, 0x00, 0x00, 0x00, 0x00, 0x00, 0x00,
    0x00, 0x00, 0x00, 0x00, 0x00, 0x00, 0x00, 0x00,
    0x00, 0x00, 0x00, 0x00, 0x00, 0x00, 0x00, 0x00,
    0x00, 0x00, 0x00, 0x00, 0x00, 0x00, 0x00, 0x00,

    0x00, 0x00, 0x00, 0x00, 0x00, 0x00, 0x00, 0x00,
    0x00, 0x00, 0x00, 0x00, 0x00, 0x00, 0x00, 0x00,
    0x00, 0x00, 0x00, 0x00, 0x00, 0x00, 0x00, 0x00,
    0x00, 0x00, 0x00, 0x00, 0x00, 0x00, 0x00, 0x00,
    0x00, 0x00, 0x00, 0x00, 0x00, 0x00, 0x00, 0x00,
    0x00, 0x00, 0x00, 0x00, 0x00, 0x00, 0x00, 0x00,
    0x00, 0x00, 0x00, 0x00, 0x00, 0x00, 0x00, 0x00,
    0x00, 0x00, 0x00, 0x00, 0x00, 0x00, 0x00, 0x00,

    0x00, 0x00, 0x00, 0x00, 0x00, 0x00, 0x00, 0x00,
    0x00, 0x00, 0x00, 0x00, 0x00, 0x00, 0x00, 0x00,
    0x00, 0x00, 0x00, 0x00, 0x00, 0x00, 0x00, 0x00,
    0x00, 0x00, 0x00, 0x00, 0x00, 0x00, 0x00, 0x00,
    0x00, 0x00, 0x00, 0x00, 0x00, 0x00, 0x00, 0x00,
    0x00, 0x00, 0x00, 0x00, 0x00, 0x00, 0x00, 0x00,
    0x00, 0x00, 0x00, 0x00, 0x00, 0x00, 0x00, 0x00,
    0x00, 0x00, 0x00, 0x00, 0x00, 0x00, 0x00, 0x00,

    0x00, 0x00, 0x00, 0x00, 0x00, 0x00, 0x00, 0x00,
    0x00, 0x00, 0x00, 0x00, 0x00, 0x00, 0x00, 0x00,
    0x00, 0x00, 0x00, 0x00, 0x00, 0x00, 0x00, 0x00,
    0x00, 0x00, 0x00, 0x00, 0x00, 0x00, 0x00, 0x00,
    0x00, 0x00, 0x00, 0x00, 0x00, 0x00, 0x00, 0x00,
    0x00, 0x00, 0x00, 0x00, 0x00, 0x00, 0x00, 0x00,
    0x00, 0x00, 0x00, 0x00, 0x00, 0x00, 0x00, 0x00,
    0x00, 0x00, 0x00, 0x00, 0x00, 0x00, 0x00, 0x00,

    // Tile 456 (8,14)
    0x00, 0x00, 0x00, 0x00, 0x00, 0x00, 0x00, 0x00,
    0x00, 0x00, 0x00, 0x00, 0x00, 0x00, 0x00, 0x00,
    0x00, 0x00, 0x00, 0x00, 0x00, 0x00, 0x00, 0x00,
    0x00, 0x00, 0x00, 0x00, 0x00, 0x00, 0x00, 0x00,
    0x00, 0x00, 0x00, 0x00, 0x00, 0x00, 0x00, 0x00,
    0x00, 0x00, 0x00, 0x00, 0x00, 0x00, 0x00, 0x00,
    0x00, 0x00, 0x00, 0x00, 0x00, 0x00, 0x00, 0x00,
    0x00, 0x00, 0x00, 0x00, 0x00, 0x00, 0x00, 0x00,

    0x00, 0x00, 0x00, 0x00, 0x00, 0x00, 0x00, 0x00,
    0x00, 0x00, 0x00, 0x00, 0x00, 0x00, 0x00, 0x00,
    0x00, 0x00, 0x00, 0x00, 0x00, 0x00, 0x00, 0x00,
    0x00, 0x00, 0x00, 0x00, 0x00, 0x00, 0x00, 0x00,
    0x00, 0x00, 0x00, 0x00, 0x00, 0x00, 0x00, 0x00,
    0x00, 0x00, 0x00, 0x00, 0x00, 0x00, 0x00, 0x00,
    0x00, 0x00, 0x00, 0x00, 0x00, 0x00, 0x00, 0x00,
    0x00, 0x00, 0x00, 0x00, 0x00, 0x00, 0x00, 0x00,

    0x00, 0x00, 0x00, 0x00, 0x00, 0x00, 0x00, 0x00,
    0x00, 0x00, 0x00, 0x00, 0x00, 0x00, 0x00, 0x00,
    0x00, 0x00, 0x00, 0x00, 0x00, 0x00, 0x00, 0x00,
    0x00, 0x00, 0x00, 0x00, 0x00, 0x00, 0x00, 0x00,
    0x00, 0x00, 0x00, 0x00, 0x00, 0x00, 0x00, 0x00,
    0x00, 0x00, 0x00, 0x00, 0x00, 0x00, 0x00, 0x00,
    0x00, 0x00, 0x00, 0x00, 0x00, 0x00, 0x00, 0x00,
    0x00, 0x00, 0x00, 0x00, 0x00, 0x00, 0x00, 0x00,

    0x00, 0x00, 0x00, 0x00, 0x00, 0x00, 0x00, 0x00,
    0x00, 0x00, 0x00, 0x00, 0x00, 0x00, 0x00, 0x00,
    0x00, 0x00, 0x00, 0x00, 0x00, 0x00, 0x00, 0x00,
    0x00, 0x00, 0x00, 0x00, 0x00, 0x00, 0x00, 0x00,
    0x00, 0x00, 0x00, 0x00, 0x00, 0x00, 0x00, 0x00,
    0x00, 0x00, 0x00, 0x00, 0x00, 0x00, 0x00, 0x00,
    0x00, 0x00, 0x00, 0x00, 0x00, 0x00, 0x00, 0x00,
    0x00, 0x00, 0x00, 0x00, 0x00, 0x00, 0x00, 0x00,

    // Tile 460 (12,14)
    0x00, 0x00, 0x00, 0x00, 0x00, 0x00, 0x00, 0x00,
    0x00, 0x00, 0x00, 0x00, 0x00, 0x00, 0x00, 0x00,
    0x00, 0x00, 0x00, 0x00, 0x00, 0x00, 0x00, 0x00,
    0x00, 0x00, 0x00, 0x00, 0x00, 0x00, 0x00, 0x00,
    0x00, 0x00, 0x00, 0x00, 0x00, 0x00, 0x00, 0x00,
    0x00, 0x00, 0x00, 0x00, 0x00, 0x00, 0x00, 0x00,
    0x00, 0x00, 0x00, 0x00, 0x00, 0x00, 0x00, 0x00,
    0x00, 0x00, 0x00, 0x00, 0x00, 0x00, 0x00, 0x00,

    0x00, 0x00, 0x00, 0x00, 0x00, 0x00, 0x00, 0x00,
    0x00, 0x00, 0x00, 0x00, 0x00, 0x00, 0x00, 0x00,
    0x00, 0x00, 0x00, 0x00, 0x00, 0x00, 0x00, 0x00,
    0x00, 0x00, 0x00, 0x00, 0x00, 0x00, 0x00, 0x00,
    0x00, 0x00, 0x00, 0x00, 0x00, 0x00, 0x00, 0x00,
    0x00, 0x00, 0x00, 0x00, 0x00, 0x00, 0x00, 0x00,
    0x00, 0x00, 0x00, 0x00, 0x00, 0x00, 0x00, 0x00,
    0x00, 0x00, 0x00, 0x00, 0x00, 0x00, 0x00, 0x00,

    0x00, 0x00, 0x00, 0x00, 0x00, 0x00, 0x00, 0x00,
    0x00, 0x00, 0x00, 0x00, 0x00, 0x00, 0x00, 0x00,
    0x00, 0x00, 0x00, 0x00, 0x00, 0x00, 0x00, 0x00,
    0x00, 0x00, 0x00, 0x00, 0x00, 0x00, 0x00, 0x00,
    0x00, 0x00, 0x00, 0x00, 0x00, 0x00, 0x00, 0x00,
    0x00, 0x00, 0x00, 0x00, 0x00, 0x00, 0x00, 0x00,
    0x00, 0x00, 0x00, 0x00, 0x00, 0x00, 0x00, 0x00,
    0x00, 0x00, 0x00, 0x00, 0x00, 0x00, 0x00, 0x00,

    0x00, 0x00, 0x00, 0x00, 0x00, 0x00, 0x00, 0x00,
    0x00, 0x00, 0x00, 0x00, 0x00, 0x00, 0x00, 0x00,
    0x00, 0x00, 0x00, 0x00, 0x00, 0x00, 0x00, 0x00,
    0x00, 0x00, 0x00, 0x00, 0x00, 0x00, 0x00, 0x00,
    0x00, 0x00, 0x00, 0x00, 0x00, 0x00, 0x00, 0x00,
    0x00, 0x00, 0x00, 0x00, 0x00, 0x00, 0x00, 0x00,
    0x00, 0x00, 0x00, 0x00, 0x00, 0x00, 0x00, 0x00,
    0x00, 0x00, 0x00, 0x00, 0x00, 0x00, 0x00, 0x00,

    // Tile 464 (16,14)
    0x00, 0x00, 0x00, 0x00, 0x00, 0x00, 0x00, 0x00,
    0x00, 0x00, 0x00, 0x00, 0x00, 0x00, 0x00, 0x00,
    0x00, 0x00, 0x00, 0x00, 0x00, 0x00, 0x00, 0x00,
    0x00, 0x00, 0x00, 0x00, 0x00, 0x00, 0x00, 0x00,
    0x00, 0x00, 0x00, 0x00, 0x00, 0x00, 0x00, 0x00,
    0x00, 0x00, 0x00, 0x00, 0x00, 0x00, 0x00, 0x00,
    0x00, 0x00, 0x00, 0x00, 0x00, 0x00, 0x00, 0x00,
    0x00, 0x00, 0x00, 0x00, 0x00, 0x00, 0x00, 0x00,

    0x00, 0x00, 0x00, 0x00, 0x00, 0x00, 0x00, 0x00,
    0x00, 0x00, 0x00, 0x00, 0x00, 0x00, 0x00, 0x00,
    0x00, 0x00, 0x00, 0x00, 0x00, 0x00, 0x00, 0x00,
    0x00, 0x00, 0x00, 0x00, 0x00, 0x00, 0x00, 0x00,
    0x00, 0x00, 0x00, 0x00, 0x00, 0x00, 0x00, 0x00,
    0x00, 0x00, 0x00, 0x00, 0x00, 0x00, 0x00, 0x00,
    0x00, 0x00, 0x00, 0x00, 0x00, 0x00, 0x00, 0x00,
    0x00, 0x00, 0x00, 0x00, 0x00, 0x00, 0x00, 0x00,

    0x00, 0x00, 0x00, 0x00, 0x00, 0x00, 0x00, 0x00,
    0x00, 0x00, 0x00, 0x00, 0x00, 0x00, 0x00, 0x00,
    0x00, 0x00, 0x00, 0x00, 0x00, 0x00, 0x00, 0x00,
    0x00, 0x00, 0x00, 0x00, 0x00, 0x00, 0x00, 0x00,
    0x00, 0x00, 0x00, 0x00, 0x00, 0x00, 0x00, 0x00,
    0x00, 0x00, 0x00, 0x00, 0x00, 0x00, 0x00, 0x00,
    0x00, 0x00, 0x00, 0x00, 0x00, 0x00, 0x00, 0x00,
    0x00, 0x00, 0x00, 0x00, 0x00, 0x00, 0x00, 0x00,

    0x00, 0x00, 0x00, 0x00, 0x00, 0x00, 0x00, 0x00,
    0x00, 0x00, 0x00, 0x00, 0x00, 0x00, 0x00, 0x00,
    0x00, 0x00, 0x00, 0x00, 0x00, 0x00, 0x00, 0x00,
    0x00, 0x00, 0x00, 0x00, 0x00, 0x00, 0x00, 0x00,
    0x00, 0x00, 0x00, 0x00, 0x00, 0x00, 0x00, 0x00,
    0x00, 0x00, 0x00, 0x00, 0x00, 0x00, 0x00, 0x00,
    0x00, 0x00, 0x00, 0x00, 0x00, 0x00, 0x00, 0x00,
    0x00, 0x00, 0x00, 0x00, 0x00, 0x00, 0x00, 0x00,

    // Tile 468 (20,14)
    0x00, 0x00, 0x00, 0x00, 0x00, 0x00, 0x00, 0x00,
    0x00, 0x00, 0x00, 0x00, 0x00, 0x00, 0x00, 0x00,
    0x00, 0x00, 0x00, 0x00, 0x00, 0x00, 0x00, 0x00,
    0x00, 0x00, 0x00, 0x00, 0x00, 0x00, 0x00, 0x00,
    0x00, 0x00, 0x00, 0x00, 0x00, 0x00, 0x00, 0x00,
    0x00, 0x00, 0x00, 0x00, 0x00, 0x00, 0x00, 0x00,
    0x00, 0x00, 0x00, 0x00, 0x00, 0x00, 0x00, 0x00,
    0x00, 0x00, 0x00, 0x00, 0x00, 0x00, 0x00, 0x00,

    0x00, 0x00, 0x00, 0x00, 0x00, 0x00, 0x00, 0x00,
    0x00, 0x00, 0x00, 0x00, 0x00, 0x00, 0x00, 0x00,
    0x00, 0x00, 0x00, 0x00, 0x00, 0x00, 0x00, 0x00,
    0x00, 0x00, 0x00, 0x00, 0x00, 0x00, 0x00, 0x00,
    0x00, 0x00, 0x00, 0x00, 0x00, 0x00, 0x00, 0x00,
    0x00, 0x00, 0x00, 0x00, 0x00, 0x00, 0x00, 0x00,
    0x00, 0x00, 0x00, 0x00, 0x00, 0x00, 0x00, 0x00,
    0x00, 0x00, 0x00, 0x00, 0x00, 0x00, 0x00, 0x00,

    0x00, 0x00, 0x00, 0x00, 0x00, 0x00, 0x00, 0x00,
    0x00, 0x00, 0x00, 0x00, 0x00, 0x00, 0x00, 0x00,
    0x00, 0x00, 0x00, 0x00, 0x00, 0x00, 0x00, 0x00,
    0x00, 0x00, 0x00, 0x00, 0x00, 0x00, 0x00, 0x00,
    0x00, 0x00, 0x00, 0x00, 0x00, 0x00, 0x00, 0x00,
    0x00, 0x00, 0x00, 0x00, 0x00, 0x00, 0x00, 0x00,
    0x00, 0x00, 0x00, 0x00, 0x00, 0x00, 0x00, 0x00,
    0x00, 0x00, 0x00, 0x00, 0x00, 0x00, 0x00, 0x00,

    0x00, 0x00, 0x00, 0x00, 0x00, 0x00, 0x00, 0x00,
    0x00, 0x00, 0x00, 0x00, 0x00, 0x00, 0x00, 0x00,
    0x00, 0x00, 0x00, 0x00, 0x00, 0x00, 0x00, 0x00,
    0x00, 0x00, 0x00, 0x00, 0x00, 0x00, 0x00, 0x00,
    0x00, 0x00, 0x00, 0x00, 0x00, 0x00, 0x00, 0x00,
    0x00, 0x00, 0x00, 0x00, 0x00, 0x00, 0x00, 0x00,
    0x00, 0x00, 0x00, 0x00, 0x00, 0x00, 0x00, 0x00,
    0x00, 0x00, 0x00, 0x00, 0x00, 0x00, 0x00, 0x00,

    // Tile 472 (24,14)
    0x00, 0x00, 0x00, 0x00, 0x00, 0x00, 0x00, 0x00,
    0x00, 0x00, 0x00, 0x00, 0x00, 0x00, 0x00, 0x00,
    0x00, 0x00, 0x00, 0x00, 0x00, 0x00, 0x00, 0x00,
    0x00, 0x00, 0x00, 0x00, 0x00, 0x00, 0x00, 0x00,
    0x00, 0x00, 0x00, 0x00, 0x00, 0x00, 0x00, 0x00,
    0x00, 0x00, 0x00, 0x00, 0x00, 0x00, 0x00, 0x00,
    0x00, 0x00, 0x00, 0x00, 0x00, 0x00, 0x00, 0x00,
    0x00, 0x00, 0x00, 0x00, 0x00, 0x00, 0x00, 0x00,

    0x00, 0x00, 0x00, 0x00, 0x00, 0x00, 0x00, 0x00,
    0x00, 0x00, 0x00, 0x00, 0x00, 0x00, 0x00, 0x00,
    0x00, 0x00, 0x00, 0x00, 0x00, 0x00, 0x00, 0x00,
    0x00, 0x00, 0x00, 0x00, 0x00, 0x00, 0x00, 0x00,
    0x00, 0x00, 0x00, 0x00, 0x00, 0x00, 0x00, 0x00,
    0x00, 0x00, 0x00, 0x00, 0x00, 0x00, 0x00, 0x00,
    0x00, 0x00, 0x00, 0x00, 0x00, 0x00, 0x00, 0x00,
    0x00, 0x00, 0x00, 0x00, 0x00, 0x00, 0x00, 0x00,

    0x00, 0x00, 0x00, 0x00, 0x00, 0x00, 0x00, 0x00,
    0x00, 0x00, 0x00, 0x00, 0x00, 0x00, 0x00, 0x00,
    0x00, 0x00, 0x00, 0x00, 0x00, 0x00, 0x00, 0x00,
    0x00, 0x00, 0x00, 0x00, 0x00, 0x00, 0x00, 0x00,
    0x00, 0x00, 0x00, 0x00, 0x00, 0x00, 0x00, 0x00,
    0x00, 0x00, 0x00, 0x00, 0x00, 0x00, 0x00, 0x00,
    0x00, 0x00, 0x00, 0x00, 0x00, 0x00, 0x00, 0x00,
    0x00, 0x00, 0x00, 0x00, 0x00, 0x00, 0x00, 0x00,

    0x00, 0x00, 0x00, 0x00, 0x00, 0x00, 0x00, 0x00,
    0x00, 0x00, 0x00, 0x00, 0x00, 0x00, 0x00, 0x00,
    0x00, 0x00, 0x00, 0x00, 0x00, 0x00, 0x00, 0x00,
    0x00, 0x00, 0x00, 0x00, 0x00, 0x00, 0x00, 0x00,
    0x00, 0x00, 0x00, 0x00, 0x00, 0x00, 0x00, 0x00,
    0x00, 0x00, 0x00, 0x00, 0x00, 0x00, 0x00, 0x00,
    0x00, 0x00, 0x00, 0x00, 0x00, 0x00, 0x00, 0x00,
    0x00, 0x00, 0x00, 0x00, 0x00, 0x00, 0x00, 0x00,

    // Tile 476 (28,14)
    0x00, 0x00, 0x00, 0x00, 0x00, 0x00, 0x00, 0x00,
    0x00, 0x00, 0x00, 0x00, 0x00, 0x00, 0x00, 0x00,
    0x00, 0x00, 0x00, 0x00, 0x00, 0x00, 0x00, 0x00,
    0x00, 0x00, 0x00, 0x00, 0x00, 0x00, 0x00, 0x00,
    0x00, 0x00, 0x00, 0x00, 0x00, 0x00, 0x00, 0x00,
    0x00, 0x00, 0x00, 0x00, 0x00, 0x00, 0x00, 0x00,
    0x00, 0x00, 0x00, 0x00, 0x00, 0x00, 0x00, 0x00,
    0x00, 0x00, 0x00, 0x00, 0x00, 0x00, 0x00, 0x00,

    0x00, 0x00, 0x00, 0x00, 0x00, 0x00, 0x00, 0x00,
    0x00, 0x00, 0x00, 0x00, 0x00, 0x00, 0x00, 0x00,
    0x00, 0x00, 0x00, 0x00, 0x00, 0x00, 0x00, 0x00,
    0x00, 0x00, 0x00, 0x00, 0x00, 0x00, 0x00, 0x00,
    0x00, 0x00, 0x00, 0x00, 0x00, 0x00, 0x00, 0x00,
    0x00, 0x00, 0x00, 0x00, 0x00, 0x00, 0x00, 0x00,
    0x00, 0x00, 0x00, 0x00, 0x00, 0x00, 0x00, 0x00,
    0x00, 0x00, 0x00, 0x00, 0x00, 0x00, 0x00, 0x00,

    0x00, 0x00, 0x00, 0x00, 0x00, 0x00, 0x00, 0x00,
    0x00, 0x00, 0x00, 0x00, 0x00, 0x00, 0x00, 0x00,
    0x00, 0x00, 0x00, 0x00, 0x00, 0x00, 0x00, 0x00,
    0x00, 0x00, 0x00, 0x00, 0x00, 0x00, 0x00, 0x00,
    0x00, 0x00, 0x00, 0x00, 0x00, 0x00, 0x00, 0x00,
    0x00, 0x00, 0x00, 0x00, 0x00, 0x00, 0x00, 0x00,
    0x00, 0x00, 0x00, 0x00, 0x00, 0x00, 0x00, 0x00,
    0x00, 0x00, 0x00, 0x00, 0x00, 0x00, 0x00, 0x00,

    0x00, 0x00, 0x00, 0x00, 0x00, 0x00, 0x00, 0x00,
    0x00, 0x00, 0x00, 0x00, 0x00, 0x00, 0x00, 0x00,
    0x00, 0x00, 0x00, 0x00, 0x00, 0x00, 0x00, 0x00,
    0x00, 0x00, 0x00, 0x00, 0x00, 0x00, 0x00, 0x00,
    0x00, 0x00, 0x00, 0x00, 0x00, 0x00, 0x00, 0x00,
    0x00, 0x00, 0x00, 0x00, 0x00, 0x00, 0x00, 0x00,
    0x00, 0x00, 0x00, 0x00, 0x00, 0x00, 0x00, 0x00,
    0x00, 0x00, 0x00, 0x00, 0x00, 0x00, 0x00, 0x00,

    // Tile 480 (0,15)
    0x06, 0x0A, 0x0A, 0x0A, 0x0A, 0x0A, 0x0A, 0x0A,
    0x06, 0x06, 0x0A, 0x0A, 0x0A, 0x0A, 0x0A, 0x0A,
    0x00, 0x06, 0x06, 0x06, 0x0A, 0x0A, 0x0A, 0x06,
    0x00, 0x00, 0x06, 0x06, 0x06, 0x06, 0x06, 0x06,
    0x00, 0x00, 0x00, 0x00, 0x00, 0x06, 0x06, 0x00,
    0x00, 0x00, 0x00, 0x00, 0x00, 0x00, 0x00, 0x00,
    0x00, 0x00, 0x00, 0x00, 0x00, 0x00, 0x00, 0x00,
    0x00, 0x00, 0x00, 0x00, 0x00, 0x00, 0x00, 0x00,

    0x0A, 0x0A, 0x0A, 0x06, 0x06, 0x06, 0x00, 0x00,
    0x0A, 0x06, 0x06, 0x00, 0x00, 0x00, 0x00, 0x00,
    0x06, 0x00, 0x06, 0x06, 0x00, 0x00, 0x00, 0x00,
    0x06, 0x06, 0x00, 0x00, 0x00, 0x00, 0x00, 0x00,
    0x00, 0x00, 0x00, 0x00, 0x00, 0x00, 0x00, 0x00,
    0x00, 0x00, 0x00, 0x00, 0x00, 0x00, 0x00, 0x00,
    0x00, 0x00, 0x00, 0x00, 0x00, 0x00, 0x00, 0x00,
    0x00, 0x00, 0x00, 0x00, 0x00, 0x00, 0x00, 0x00,

    0x00, 0x00, 0x00, 0x00, 0x00, 0x00, 0x00, 0x00,
    0x00, 0x00, 0x00, 0x00, 0x00, 0x00, 0x00, 0x00,
    0x00, 0x00, 0x00, 0x00, 0x00, 0x00, 0x00, 0x00,
    0x00, 0x00, 0x00, 0x00, 0x00, 0x00, 0x00, 0x00,
    0x00, 0x00, 0x00, 0x00, 0x00, 0x00, 0x00, 0x00,
    0x00, 0x00, 0x00, 0x00, 0x00, 0x00, 0x00, 0x00,
    0x00, 0x00, 0x00, 0x00, 0x00, 0x00, 0x00, 0x00,
    0x00, 0x00, 0x00, 0x00, 0x00, 0x00, 0x00, 0x00,

    0x00, 0x00, 0x00, 0x00, 0x00, 0x00, 0x00, 0x00,
    0x00, 0x00, 0x00, 0x00, 0x00, 0x00, 0x00, 0x00,
    0x00, 0x00, 0x00, 0x00, 0x00, 0x00, 0x00, 0x00,
    0x00, 0x00, 0x00, 0x00, 0x00, 0x00, 0x00, 0x00,
    0x00, 0x00, 0x00, 0x00, 0x00, 0x00, 0x00, 0x00,
    0x00, 0x00, 0x00, 0x00, 0x00, 0x00, 0x00, 0x00,
    0x00, 0x00, 0x00, 0x00, 0x00, 0x00, 0x00, 0x00,
    0x00, 0x00, 0x00, 0x00, 0x00, 0x00, 0x00, 0x00,

    // Tile 484 (4,15)
    0x00, 0x00, 0x00, 0x00, 0x00, 0x00, 0x00, 0x00,
    0x00, 0x00, 0x00, 0x00, 0x00, 0x00, 0x00, 0x00,
    0x00, 0x00, 0x00, 0x00, 0x00, 0x00, 0x00, 0x00,
    0x00, 0x00, 0x00, 0x00, 0x00, 0x00, 0x00, 0x00,
    0x00, 0x00, 0x00, 0x00, 0x00, 0x00, 0x00, 0x00,
    0x00, 0x00, 0x00, 0x00, 0x00, 0x00, 0x00, 0x00,
    0x00, 0x00, 0x00, 0x00, 0x00, 0x00, 0x00, 0x00,
    0x00, 0x00, 0x00, 0x00, 0x00, 0x00, 0x00, 0x00,

    0x00, 0x00, 0x00, 0x00, 0x00, 0x00, 0x00, 0x00,
    0x00, 0x00, 0x00, 0x00, 0x00, 0x00, 0x00, 0x00,
    0x00, 0x00, 0x00, 0x00, 0x00, 0x00, 0x00, 0x00,
    0x00, 0x00, 0x00, 0x00, 0x00, 0x00, 0x00, 0x00,
    0x00, 0x00, 0x00, 0x00, 0x00, 0x00, 0x00, 0x00,
    0x00, 0x00, 0x00, 0x00, 0x00, 0x00, 0x00, 0x00,
    0x00, 0x00, 0x00, 0x00, 0x00, 0x00, 0x00, 0x00,
    0x00, 0x00, 0x00, 0x00, 0x00, 0x00, 0x00, 0x00,

    0x00, 0x00, 0x00, 0x00, 0x00, 0x00, 0x00, 0x00,
    0x00, 0x00, 0x00, 0x00, 0x00, 0x00, 0x00, 0x00,
    0x00, 0x00, 0x00, 0x00, 0x00, 0x00, 0x00, 0x00,
    0x00, 0x00, 0x00, 0x00, 0x00, 0x00, 0x00, 0x00,
    0x00, 0x00, 0x00, 0x00, 0x00, 0x00, 0x00, 0x00,
    0x00, 0x00, 0x00, 0x00, 0x00, 0x00, 0x00, 0x00,
    0x00, 0x00, 0x00, 0x00, 0x00, 0x00, 0x00, 0x00,
    0x00, 0x00, 0x00, 0x00, 0x00, 0x00, 0x00, 0x00,

    0x00, 0x00, 0x00, 0x00, 0x00, 0x00, 0x00, 0x00,
    0x00, 0x00, 0x00, 0x00, 0x00, 0x00, 0x00, 0x00,
    0x00, 0x00, 0x00, 0x00, 0x00, 0x00, 0x00, 0x00,
    0x00, 0x00, 0x00, 0x00, 0x00, 0x00, 0x00, 0x00,
    0x00, 0x00, 0x00, 0x00, 0x00, 0x00, 0x00, 0x00,
    0x00, 0x00, 0x00, 0x00, 0x00, 0x00, 0x00, 0x00,
    0x00, 0x00, 0x00, 0x00, 0x00, 0x00, 0x00, 0x00,
    0x00, 0x00, 0x00, 0x00, 0x00, 0x00, 0x00, 0x00,

    // Tile 488 (8,15)
    0x00, 0x00, 0x00, 0x00, 0x00, 0x00, 0x00, 0x00,
    0x00, 0x00, 0x00, 0x00, 0x00, 0x00, 0x00, 0x00,
    0x00, 0x00, 0x00, 0x00, 0x00, 0x00, 0x00, 0x00,
    0x00, 0x00, 0x00, 0x00, 0x00, 0x00, 0x00, 0x00,
    0x00, 0x00, 0x00, 0x00, 0x00, 0x00, 0x00, 0x00,
    0x00, 0x00, 0x00, 0x00, 0x00, 0x00, 0x00, 0x00,
    0x00, 0x00, 0x00, 0x00, 0x00, 0x00, 0x00, 0x00,
    0x00, 0x00, 0x00, 0x00, 0x00, 0x00, 0x00, 0x00,

    0x00, 0x00, 0x00, 0x00, 0x00, 0x00, 0x00, 0x00,
    0x00, 0x00, 0x00, 0x00, 0x00, 0x00, 0x00, 0x00,
    0x00, 0x00, 0x00, 0x00, 0x00, 0x00, 0x00, 0x00,
    0x00, 0x00, 0x00, 0x00, 0x00, 0x00, 0x00, 0x00,
    0x00, 0x00, 0x00, 0x00, 0x00, 0x00, 0x00, 0x00,
    0x00, 0x00, 0x00, 0x00, 0x00, 0x00, 0x00, 0x00,
    0x00, 0x00, 0x00, 0x00, 0x00, 0x00, 0x00, 0x00,
    0x00, 0x00, 0x00, 0x00, 0x00, 0x00, 0x00, 0x00,

    0x00, 0x00, 0x00, 0x00, 0x00, 0x00, 0x00, 0x00,
    0x00, 0x00, 0x00, 0x00, 0x00, 0x00, 0x00, 0x00,
    0x00, 0x00, 0x00, 0x00, 0x00, 0x00, 0x00, 0x00,
    0x00, 0x00, 0x00, 0x00, 0x00, 0x00, 0x00, 0x00,
    0x00, 0x00, 0x00, 0x00, 0x00, 0x00, 0x00, 0x00,
    0x00, 0x00, 0x00, 0x00, 0x00, 0x00, 0x00, 0x00,
    0x00, 0x00, 0x00, 0x00, 0x00, 0x00, 0x00, 0x00,
    0x00, 0x00, 0x00, 0x00, 0x00, 0x00, 0x00, 0x00,

    0x00, 0x00, 0x00, 0x00, 0x00, 0x00, 0x00, 0x00,
    0x00, 0x00, 0x00, 0x00, 0x00, 0x00, 0x00, 0x00,
    0x00, 0x00, 0x00, 0x00, 0x00, 0x00, 0x00, 0x00,
    0x00, 0x00, 0x00, 0x00, 0x00, 0x00, 0x00, 0x00,
    0x00, 0x00, 0x00, 0x00, 0x00, 0x00, 0x00, 0x00,
    0x00, 0x00, 0x00, 0x00, 0x00, 0x00, 0x00, 0x00,
    0x00, 0x00, 0x00, 0x00, 0x00, 0x00, 0x00, 0x00,
    0x00, 0x00, 0x00, 0x00, 0x00, 0x00, 0x00, 0x00,

    // Tile 492 (12,15)
    0x00, 0x00, 0x00, 0x00, 0x00, 0x00, 0x00, 0x00,
    0x00, 0x00, 0x00, 0x00, 0x00, 0x00, 0x00, 0x00,
    0x00, 0x00, 0x00, 0x00, 0x00, 0x00, 0x00, 0x00,
    0x00, 0x00, 0x00, 0x00, 0x00, 0x00, 0x00, 0x00,
    0x00, 0x00, 0x00, 0x00, 0x00, 0x00, 0x00, 0x00,
    0x00, 0x00, 0x00, 0x00, 0x00, 0x00, 0x00, 0x00,
    0x00, 0x00, 0x00, 0x00, 0x00, 0x00, 0x00, 0x00,
    0x00, 0x00, 0x00, 0x00, 0x00, 0x00, 0x00, 0x00,

    0x00, 0x00, 0x00, 0x00, 0x00, 0x00, 0x00, 0x00,
    0x00, 0x00, 0x00, 0x00, 0x00, 0x00, 0x00, 0x00,
    0x00, 0x00, 0x00, 0x00, 0x00, 0x00, 0x00, 0x00,
    0x00, 0x00, 0x00, 0x00, 0x00, 0x00, 0x00, 0x00,
    0x00, 0x00, 0x00, 0x00, 0x00, 0x00, 0x00, 0x00,
    0x00, 0x00, 0x00, 0x00, 0x00, 0x00, 0x00, 0x00,
    0x00, 0x00, 0x00, 0x00, 0x00, 0x00, 0x00, 0x00,
    0x00, 0x00, 0x00, 0x00, 0x00, 0x00, 0x00, 0x00,

    0x00, 0x00, 0x00, 0x00, 0x00, 0x00, 0x00, 0x00,
    0x00, 0x00, 0x00, 0x00, 0x00, 0x00, 0x00, 0x00,
    0x00, 0x00, 0x00, 0x00, 0x00, 0x00, 0x00, 0x00,
    0x00, 0x00, 0x00, 0x00, 0x00, 0x00, 0x00, 0x00,
    0x00, 0x00, 0x00, 0x00, 0x00, 0x00, 0x00, 0x00,
    0x00, 0x00, 0x00, 0x00, 0x00, 0x00, 0x00, 0x00,
    0x00, 0x00, 0x00, 0x00, 0x00, 0x00, 0x00, 0x00,
    0x00, 0x00, 0x00, 0x00, 0x00, 0x00, 0x00, 0x00,

    0x00, 0x00, 0x00, 0x00, 0x00, 0x00, 0x00, 0x00,
    0x00, 0x00, 0x00, 0x00, 0x00, 0x00, 0x00, 0x00,
    0x00, 0x00, 0x00, 0x00, 0x00, 0x00, 0x00, 0x00,
    0x00, 0x00, 0x00, 0x00, 0x00, 0x00, 0x00, 0x00,
    0x00, 0x00, 0x00, 0x00, 0x00, 0x00, 0x00, 0x00,
    0x00, 0x00, 0x00, 0x00, 0x00, 0x00, 0x00, 0x00,
    0x00, 0x00, 0x00, 0x00, 0x00, 0x00, 0x00, 0x00,
    0x00, 0x00, 0x00, 0x00, 0x00, 0x00, 0x00, 0x00,

    // Tile 496 (16,15)
    0x00, 0x00, 0x00, 0x00, 0x00, 0x00, 0x00, 0x00,
    0x00, 0x00, 0x00, 0x00, 0x00, 0x00, 0x00, 0x00,
    0x00, 0x00, 0x00, 0x00, 0x00, 0x00, 0x00, 0x00,
    0x00, 0x00, 0x00, 0x00, 0x00, 0x00, 0x00, 0x00,
    0x00, 0x00, 0x00, 0x00, 0x00, 0x00, 0x00, 0x00,
    0x00, 0x00, 0x00, 0x00, 0x00, 0x00, 0x00, 0x00,
    0x00, 0x00, 0x00, 0x00, 0x00, 0x00, 0x00, 0x00,
    0x00, 0x00, 0x00, 0x00, 0x00, 0x00, 0x00, 0x00,

    0x00, 0x00, 0x00, 0x00, 0x00, 0x00, 0x00, 0x00,
    0x00, 0x00, 0x00, 0x00, 0x00, 0x00, 0x00, 0x00,
    0x00, 0x00, 0x00, 0x00, 0x00, 0x00, 0x00, 0x00,
    0x00, 0x00, 0x00, 0x00, 0x00, 0x00, 0x00, 0x00,
    0x00, 0x00, 0x00, 0x00, 0x00, 0x00, 0x00, 0x00,
    0x00, 0x00, 0x00, 0x00, 0x00, 0x00, 0x00, 0x00,
    0x00, 0x00, 0x00, 0x00, 0x00, 0x00, 0x00, 0x00,
    0x00, 0x00, 0x00, 0x00, 0x00, 0x00, 0x00, 0x00,

    0x00, 0x00, 0x00, 0x00, 0x00, 0x00, 0x00, 0x00,
    0x00, 0x00, 0x00, 0x00, 0x00, 0x00, 0x00, 0x00,
    0x00, 0x00, 0x00, 0x00, 0x00, 0x00, 0x00, 0x00,
    0x00, 0x00, 0x00, 0x00, 0x00, 0x00, 0x00, 0x00,
    0x00, 0x00, 0x00, 0x00, 0x00, 0x00, 0x00, 0x00,
    0x00, 0x00, 0x00, 0x00, 0x00, 0x00, 0x00, 0x00,
    0x00, 0x00, 0x00, 0x00, 0x00, 0x00, 0x00, 0x00,
    0x00, 0x00, 0x00, 0x00, 0x00, 0x00, 0x00, 0x00,

    0x00, 0x00, 0x00, 0x00, 0x00, 0x00, 0x00, 0x00,
    0x00, 0x00, 0x00, 0x00, 0x00, 0x00, 0x00, 0x00,
    0x00, 0x00, 0x00, 0x00, 0x00, 0x00, 0x00, 0x00,
    0x00, 0x00, 0x00, 0x00, 0x00, 0x00, 0x00, 0x00,
    0x00, 0x00, 0x00, 0x00, 0x00, 0x00, 0x00, 0x00,
    0x00, 0x00, 0x00, 0x00, 0x00, 0x00, 0x00, 0x00,
    0x00, 0x00, 0x00, 0x00, 0x00, 0x00, 0x00, 0x00,
    0x00, 0x00, 0x00, 0x00, 0x00, 0x00, 0x00, 0x00,

    // Tile 500 (20,15)
    0x00, 0x00, 0x00, 0x00, 0x00, 0x00, 0x00, 0x00,
    0x00, 0x00, 0x00, 0x00, 0x00, 0x00, 0x00, 0x00,
    0x00, 0x00, 0x00, 0x00, 0x00, 0x00, 0x00, 0x00,
    0x00, 0x00, 0x00, 0x00, 0x00, 0x00, 0x00, 0x00,
    0x00, 0x00, 0x00, 0x00, 0x00, 0x00, 0x00, 0x00,
    0x00, 0x00, 0x00, 0x00, 0x00, 0x00, 0x00, 0x00,
    0x00, 0x00, 0x00, 0x00, 0x00, 0x00, 0x00, 0x00,
    0x00, 0x00, 0x00, 0x00, 0x00, 0x00, 0x00, 0x00,

    0x00, 0x00, 0x00, 0x00, 0x00, 0x00, 0x00, 0x00,
    0x00, 0x00, 0x00, 0x00, 0x00, 0x00, 0x00, 0x00,
    0x00, 0x00, 0x00, 0x00, 0x00, 0x00, 0x00, 0x00,
    0x00, 0x00, 0x00, 0x00, 0x00, 0x00, 0x00, 0x00,
    0x00, 0x00, 0x00, 0x00, 0x00, 0x00, 0x00, 0x00,
    0x00, 0x00, 0x00, 0x00, 0x00, 0x00, 0x00, 0x00,
    0x00, 0x00, 0x00, 0x00, 0x00, 0x00, 0x00, 0x00,
    0x00, 0x00, 0x00, 0x00, 0x00, 0x00, 0x00, 0x00,

    0x00, 0x00, 0x00, 0x00, 0x00, 0x00, 0x00, 0x00,
    0x00, 0x00, 0x00, 0x00, 0x00, 0x00, 0x00, 0x00,
    0x00, 0x00, 0x00, 0x00, 0x00, 0x00, 0x00, 0x00,
    0x00, 0x00, 0x00, 0x00, 0x00, 0x00, 0x00, 0x00,
    0x00, 0x00, 0x00, 0x00, 0x00, 0x00, 0x00, 0x00,
    0x00, 0x00, 0x00, 0x00, 0x00, 0x00, 0x00, 0x00,
    0x00, 0x00, 0x00, 0x00, 0x00, 0x00, 0x00, 0x00,
    0x00, 0x00, 0x00, 0x00, 0x00, 0x00, 0x00, 0x00,

    0x00, 0x00, 0x00, 0x00, 0x00, 0x00, 0x00, 0x00,
    0x00, 0x00, 0x00, 0x00, 0x00, 0x00, 0x00, 0x00,
    0x00, 0x00, 0x00, 0x00, 0x00, 0x00, 0x00, 0x00,
    0x00, 0x00, 0x00, 0x00, 0x00, 0x00, 0x00, 0x00,
    0x00, 0x00, 0x00, 0x00, 0x00, 0x00, 0x00, 0x00,
    0x00, 0x00, 0x00, 0x00, 0x00, 0x00, 0x00, 0x00,
    0x00, 0x00, 0x00, 0x00, 0x00, 0x00, 0x00, 0x00,
    0x00, 0x00, 0x00, 0x00, 0x00, 0x00, 0x00, 0x00,

    // Tile 504 (24,15)
    0x00, 0x00, 0x00, 0x00, 0x00, 0x00, 0x00, 0x00,
    0x00, 0x00, 0x00, 0x00, 0x00, 0x00, 0x00, 0x00,
    0x00, 0x00, 0x00, 0x00, 0x00, 0x00, 0x00, 0x00,
    0x00, 0x00, 0x00, 0x00, 0x00, 0x00, 0x00, 0x00,
    0x00, 0x00, 0x00, 0x00, 0x00, 0x00, 0x00, 0x00,
    0x00, 0x00, 0x00, 0x00, 0x00, 0x00, 0x00, 0x00,
    0x00, 0x00, 0x00, 0x00, 0x00, 0x00, 0x00, 0x00,
    0x00, 0x00, 0x00, 0x00, 0x00, 0x00, 0x00, 0x00,

    0x00, 0x00, 0x00, 0x00, 0x00, 0x00, 0x00, 0x00,
    0x00, 0x00, 0x00, 0x00, 0x00, 0x00, 0x00, 0x00,
    0x00, 0x00, 0x00, 0x00, 0x00, 0x00, 0x00, 0x00,
    0x00, 0x00, 0x00, 0x00, 0x00, 0x00, 0x00, 0x00,
    0x00, 0x00, 0x00, 0x00, 0x00, 0x00, 0x00, 0x00,
    0x00, 0x00, 0x00, 0x00, 0x00, 0x00, 0x00, 0x00,
    0x00, 0x00, 0x00, 0x00, 0x00, 0x00, 0x00, 0x00,
    0x00, 0x00, 0x00, 0x00, 0x00, 0x00, 0x00, 0x00,

    0x00, 0x00, 0x00, 0x00, 0x00, 0x00, 0x00, 0x00,
    0x00, 0x00, 0x00, 0x00, 0x00, 0x00, 0x00, 0x00,
    0x00, 0x00, 0x00, 0x00, 0x00, 0x00, 0x00, 0x00,
    0x00, 0x00, 0x00, 0x00, 0x00, 0x00, 0x00, 0x00,
    0x00, 0x00, 0x00, 0x00, 0x00, 0x00, 0x00, 0x00,
    0x00, 0x00, 0x00, 0x00, 0x00, 0x00, 0x00, 0x00,
    0x00, 0x00, 0x00, 0x00, 0x00, 0x00, 0x00, 0x00,
    0x00, 0x00, 0x00, 0x00, 0x00, 0x00, 0x00, 0x00,

    0x00, 0x00, 0x00, 0x00, 0x00, 0x00, 0x00, 0x00,
    0x00, 0x00, 0x00, 0x00, 0x00, 0x00, 0x00, 0x00,
    0x00, 0x00, 0x00, 0x00, 0x00, 0x00, 0x00, 0x00,
    0x00, 0x00, 0x00, 0x00, 0x00, 0x00, 0x00, 0x00,
    0x00, 0x00, 0x00, 0x00, 0x00, 0x00, 0x00, 0x00,
    0x00, 0x00, 0x00, 0x00, 0x00, 0x00, 0x00, 0x00,
    0x00, 0x00, 0x00, 0x00, 0x00, 0x00, 0x00, 0x00,
    0x00, 0x00, 0x00, 0x00, 0x00, 0x00, 0x00, 0x00,

    // Tile 508 (28,15)
    0x00, 0x00, 0x00, 0x00, 0x00, 0x00, 0x00, 0x00,
    0x00, 0x00, 0x00, 0x00, 0x00, 0x00, 0x00, 0x00,
    0x00, 0x00, 0x00, 0x00, 0x00, 0x00, 0x00, 0x00,
    0x00, 0x00, 0x00, 0x00, 0x00, 0x00, 0x00, 0x00,
    0x00, 0x00, 0x00, 0x00, 0x00, 0x00, 0x00, 0x00,
    0x00, 0x00, 0x00, 0x00, 0x00, 0x00, 0x00, 0x00,
    0x00, 0x00, 0x00, 0x00, 0x00, 0x00, 0x00, 0x00,
    0x00, 0x00, 0x00, 0x00, 0x00, 0x00, 0x00, 0x00,

    0x00, 0x00, 0x00, 0x00, 0x00, 0x00, 0x00, 0x00,
    0x00, 0x00, 0x00, 0x00, 0x00, 0x00, 0x00, 0x00,
    0x00, 0x00, 0x00, 0x00, 0x00, 0x00, 0x00, 0x00,
    0x00, 0x00, 0x00, 0x00, 0x00, 0x00, 0x00, 0x00,
    0x00, 0x00, 0x00, 0x00, 0x00, 0x00, 0x00, 0x00,
    0x00, 0x00, 0x00, 0x00, 0x00, 0x00, 0x00, 0x00,
    0x00, 0x00, 0x00, 0x00, 0x00, 0x00, 0x00, 0x00,
    0x00, 0x00, 0x00, 0x00, 0x00, 0x00, 0x00, 0x00,

    0x00, 0x00, 0x00, 0x00, 0x00, 0x00, 0x00, 0x00,
    0x00, 0x00, 0x00, 0x00, 0x00, 0x00, 0x00, 0x00,
    0x00, 0x00, 0x00, 0x00, 0x00, 0x00, 0x00, 0x00,
    0x00, 0x00, 0x00, 0x00, 0x00, 0x00, 0x00, 0x00,
    0x00, 0x00, 0x00, 0x00, 0x00, 0x00, 0x00, 0x00,
    0x00, 0x00, 0x00, 0x00, 0x00, 0x00, 0x00, 0x00,
    0x00, 0x00, 0x00, 0x00, 0x00, 0x00, 0x00, 0x00,
    0x00, 0x00, 0x00, 0x00, 0x00, 0x00, 0x00, 0x00,

    0x00, 0x00, 0x00, 0x00, 0x00, 0x00, 0x00, 0x00,
    0x00, 0x00, 0x00, 0x00, 0x00, 0x00, 0x00, 0x00,
    0x00, 0x00, 0x00, 0x00, 0x00, 0x00, 0x00, 0x00,
    0x00, 0x00, 0x00, 0x00, 0x00, 0x00, 0x00, 0x00,
    0x00, 0x00, 0x00, 0x00, 0x00, 0x00, 0x00, 0x00,
    0x00, 0x00, 0x00, 0x00, 0x00, 0x00, 0x00, 0x00,
    0x00, 0x00, 0x00, 0x00, 0x00, 0x00, 0x00, 0x00,
    0x00, 0x00, 0x00, 0x00, 0x00, 0x00, 0x00, 0x00,

    // Tile 512 (0,16)
    0x00, 0x00, 0x00, 0x06, 0x00, 0x00, 0x00, 0x0D,
    0x00, 0x00, 0x00, 0x00, 0x06, 0x00, 0x0D, 0x0D,
    0x00, 0x00, 0x00, 0x00, 0x00, 0x0D, 0x0D, 0x0D,
    0x00, 0x00, 0x00, 0x00, 0x0D, 0x0D, 0x0D, 0x0D,
    0x00, 0x00, 0x00, 0x0D, 0x0D, 0x0D, 0x0D, 0x0D,
    0x00, 0x00, 0x00, 0x0D, 0x0D, 0x0D, 0x0D, 0x0D,
    0x00, 0x00, 0x0D, 0x0D, 0x0D, 0x0D, 0x0D, 0x0D,
    0x00, 0x06, 0x0D, 0x0D, 0x0D, 0x0D, 0x00, 0x0D,

    0x0D, 0x00, 0x00, 0x00, 0x06, 0x00, 0x00, 0x00,
    0x0D, 0x0D, 0x00, 0x06, 0x00, 0x00, 0x00, 0x00,
    0x0D, 0x0D, 0x0D, 0x00, 0x00, 0x00, 0x00, 0x00,
    0x0D, 0x0D, 0x0D, 0x0D, 0x00, 0x00, 0x00, 0x00,
    0x0D, 0x0D, 0x0D, 0x0D, 0x0D, 0x00, 0x00, 0x00,
    0x0D, 0x0D, 0x0D, 0x0D, 0x0D, 0x00, 0x00, 0x00,
    0x0D, 0x0D, 0x0D, 0x0D, 0x0D, 0x0D, 0x00, 0x00,
    0x0D, 0x00, 0x0D, 0x0D, 0x0D, 0x0D, 0x06, 0x00,

    0x00, 0x00, 0x00, 0x06, 0x00, 0x00, 0x00, 0x0D,
    0x00, 0x00, 0x00, 0x00, 0x06, 0x00, 0x0D, 0x0D,
    0x00, 0x00, 0x00, 0x00, 0x00, 0x0D, 0x0D, 0x0D,
    0x00, 0x00, 0x00, 0x00, 0x0D, 0x0D, 0x0D, 0x0D,
    0x0D, 0x00, 0x00, 0x0D, 0x0D, 0x0D, 0x0D, 0x0D,
    0x0D, 0x00, 0x00, 0x0D, 0x0D, 0x0D, 0x0D, 0x0D,
    0x0D, 0x00, 0x0D, 0x0D, 0x0D, 0x0D, 0x0D, 0x0D,
    0x0D, 0x06, 0x0D, 0x0D, 0x0D, 0x0D, 0x00, 0x0D,

    0x0D, 0x00, 0x00, 0x00, 0x06, 0x00, 0x00, 0x00,
    0x0D, 0x0D, 0x00, 0x06, 0x00, 0x00, 0x00, 0x00,
    0x0D, 0x0D, 0x0D, 0x00, 0x00, 0x00, 0x00, 0x00,
    0x0D, 0x0D, 0x0D, 0x0D, 0x00, 0x00, 0x00, 0x00,
    0x0D, 0x0D, 0x0D, 0x0D, 0x0D, 0x00, 0x00, 0x0D,
    0x0D, 0x0D, 0x0D, 0x0D, 0x0D, 0x00, 0x00, 0x0D,
    0x0D, 0x0D, 0x0D, 0x0D, 0x0D, 0x0D, 0x00, 0x0D,
    0x0D, 0x00, 0x0D, 0x0D, 0x0D, 0x0D, 0x06, 0x0D,

    // Tile 516 (4,16)
    0x00, 0x00, 0x00, 0x06, 0x00, 0x00, 0x00, 0x0A,
    0x00, 0x00, 0x00, 0x00, 0x06, 0x00, 0x0A, 0x0A,
    0x00, 0x00, 0x00, 0x00, 0x00, 0x0A, 0x0A, 0x0A,
    0x00, 0x00, 0x00, 0x00, 0x0A, 0x0A, 0x0A, 0x0A,
    0x00, 0x00, 0x00, 0x0A, 0x0A, 0x0A, 0x0A, 0x0A,
    0x00, 0x00, 0x00, 0x0A, 0x0A, 0x0A, 0x0A, 0x0A,
    0x00, 0x00, 0x0A, 0x0A, 0x0A, 0x00, 0x0A, 0x0A,
    0x00, 0x0F, 0x0A, 0x0A, 0x0A, 0x0A, 0x00, 0x0A,

    0x0A, 0x00, 0x00, 0x00, 0x06, 0x00, 0x00, 0x00,
    0x0A, 0x0A, 0x00, 0x06, 0x00, 0x00, 0x00, 0x00,
    0x0A, 0x0A, 0x0A, 0x00, 0x00, 0x00, 0x00, 0x00,
    0x0A, 0x0A, 0x0A, 0x0A, 0x00, 0x00, 0x00, 0x00,
    0x0A, 0x0A, 0x0A, 0x0A, 0x0A, 0x00, 0x00, 0x00,
    0x0A, 0x0A, 0x0A, 0x0A, 0x0A, 0x00, 0x00, 0x00,
    0x0A, 0x0A, 0x00, 0x0A, 0x0A, 0x0A, 0x00, 0x00,
    0x0A, 0x00, 0x0A, 0x0A, 0x0A, 0x0A, 0x0F, 0x00,

    0x00, 0x00, 0x00, 0x06, 0x00, 0x00, 0x00, 0x0A,
    0x00, 0x00, 0x00, 0x00, 0x06, 0x00, 0x0A, 0x0A,
    0x00, 0x00, 0x00, 0x00, 0x00, 0x0A, 0x0A, 0x0A,
    0x00, 0x00, 0x00, 0x00, 0x0A, 0x0A, 0x0A, 0x0A,
    0x0F, 0x00, 0x00, 0x0A, 0x0A, 0x0A, 0x0A, 0x0A,
    0x0A, 0x00, 0x00, 0x0A, 0x0A, 0x0A, 0x0A, 0x0A,
    0x0A, 0x00, 0x0A, 0x0A, 0x0A, 0x00, 0x0A, 0x0A,
    0x0A, 0x06, 0x0A, 0x0A, 0x0A, 0x0A, 0x00, 0x0A,

    0x0A, 0x00, 0x00, 0x00, 0x06, 0x00, 0x00, 0x00,
    0x0A, 0x0A, 0x00, 0x06, 0x00, 0x00, 0x00, 0x00,
    0x0A, 0x0A, 0x0A, 0x00, 0x00, 0x00, 0x00, 0x00,
    0x0A, 0x0A, 0x0A, 0x0A, 0x00, 0x00, 0x00, 0x00,
    0x0A, 0x0A, 0x0A, 0x0A, 0x0A, 0x00, 0x00, 0x0F,
    0x0A, 0x0A, 0x0A, 0x0A, 0x0A, 0x00, 0x00, 0x0A,
    0x0A, 0x0A, 0x00, 0x0A, 0x0A, 0x0A, 0x00, 0x0A,
    0x0A, 0x00, 0x0A, 0x0A, 0x0A, 0x0A, 0x06, 0x0A,

    // Tile 520 (8,16)
    0x00, 0x00, 0x00, 0x0B, 0x00, 0x00, 0x00, 0x06,
    0x00, 0x00, 0x00, 0x00, 0x0B, 0x00, 0x06, 0x06,
    0x00, 0x00, 0x00, 0x00, 0x00, 0x06, 0x06, 0x06,
    0x00, 0x00, 0x00, 0x00, 0x06, 0x06, 0x06, 0x06,
    0x00, 0x00, 0x00, 0x06, 0x06, 0x06, 0x06, 0x06,
    0x00, 0x00, 0x00, 0x06, 0x06, 0x06, 0x06, 0x06,
    0x00, 0x00, 0x06, 0x06, 0x06, 0x00, 0x06, 0x06,
    0x00, 0x0D, 0x06, 0x06, 0x06, 0x06, 0x00, 0x06,

    0x06, 0x00, 0x00, 0x00, 0x0B, 0x00, 0x00, 0x00,
    0x06, 0x06, 0x00, 0x0B, 0x00, 0x00, 0x00, 0x00,
    0x06, 0x06, 0x06, 0x00, 0x00, 0x00, 0x00, 0x00,
    0x06, 0x06, 0x06, 0x06, 0x00, 0x00, 0x00, 0x00,
    0x06, 0x06, 0x06, 0x06, 0x06, 0x00, 0x00, 0x00,
    0x06, 0x06, 0x06, 0x06, 0x06, 0x00, 0x00, 0x00,
    0x06, 0x06, 0x00, 0x06, 0x06, 0x06, 0x00, 0x00,
    0x06, 0x00, 0x06, 0x06, 0x06, 0x06, 0x0D, 0x00,

    0x00, 0x00, 0x00, 0x0D, 0x00, 0x00, 0x00, 0x06,
    0x00, 0x00, 0x00, 0x00, 0x0D, 0x00, 0x06, 0x06,
    0x00, 0x00, 0x00, 0x00, 0x00, 0x06, 0x06, 0x06,
    0x00, 0x00, 0x00, 0x00, 0x06, 0x06, 0x06, 0x06,
    0x00, 0x00, 0x00, 0x06, 0x06, 0x06, 0x06, 0x06,
    0x00, 0x00, 0x00, 0x06, 0x06, 0x06, 0x06, 0x06,
    0x00, 0x00, 0x06, 0x06, 0x06, 0x06, 0x06, 0x06,
    0x00, 0x0D, 0x06, 0x06, 0x06, 0x06, 0x00, 0x06,

    0x06, 0x00, 0x00, 0x00, 0x0D, 0x00, 0x00, 0x00,
    0x06, 0x06, 0x00, 0x0D, 0x00, 0x00, 0x00, 0x00,
    0x06, 0x06, 0x06, 0x00, 0x00, 0x00, 0x00, 0x00,
    0x06, 0x06, 0x06, 0x06, 0x00, 0x00, 0x00, 0x00,
    0x06, 0x06, 0x06, 0x06, 0x06, 0x00, 0x00, 0x00,
    0x06, 0x06, 0x06, 0x06, 0x06, 0x00, 0x00, 0x00,
    0x06, 0x06, 0x06, 0x06, 0x06, 0x06, 0x00, 0x00,
    0x06, 0x00, 0x06, 0x06, 0x06, 0x06, 0x0D, 0x00,

    // Tile 524 (12,16)
    0x00, 0x00, 0x00, 0x00, 0x00, 0x07, 0x07, 0x07,
    0x00, 0x00, 0x00, 0x07, 0x07, 0x07, 0x07, 0x07,
    0x00, 0x00, 0x07, 0x07, 0x07, 0x07, 0x07, 0x00,
    0x00, 0x00, 0x07, 0x07, 0x00, 0x00, 0x00, 0x00,
    0x00, 0x07, 0x07, 0x00, 0x0F, 0x0F, 0x0F, 0x0F,
    0x00, 0x07, 0x07, 0x00, 0x0F, 0x0F, 0x0F, 0x0F,
    0x07, 0x07, 0x07, 0x00, 0x0F, 0x0F, 0x0F, 0x00,
    0x07, 0x07, 0x07, 0x00, 0x0F, 0x0F, 0x0F, 0x0F,

    0x07, 0x00, 0x00, 0x00, 0x00, 0x00, 0x00, 0x00,
    0x00, 0x07, 0x07, 0x00, 0x00, 0x00, 0x00, 0x00,
    0x0A, 0x00, 0x07, 0x07, 0x00, 0x00, 0x00, 0x00,
    0x00, 0x0A, 0x00, 0x07, 0x00, 0x00, 0x00, 0x00,
    0x0F, 0x00, 0x0A, 0x00, 0x07, 0x00, 0x00, 0x00,
    0x0F, 0x0F, 0x0F, 0x00, 0x07, 0x00, 0x00, 0x00,
    0x0F, 0x0F, 0x0F, 0x00, 0x07, 0x07, 0x00, 0x00,
    0x00, 0x0F, 0x00, 0x00, 0x00, 0x07, 0x00, 0x00,

    0x00, 0x00, 0x00, 0x00, 0x00, 0x00, 0x07, 0x07,
    0x00, 0x00, 0x00, 0x00, 0x07, 0x07, 0x00, 0x07,
    0x00, 0x00, 0x00, 0x07, 0x07, 0x00, 0x0A, 0x00,
    0x00, 0x00, 0x00, 0x07, 0x00, 0x0A, 0x00, 0x00,
    0x00, 0x00, 0x07, 0x00, 0x0A, 0x00, 0x0F, 0x0F,
    0x00, 0x00, 0x07, 0x00, 0x0F, 0x0F, 0x0F, 0x0F,
    0x00, 0x07, 0x07, 0x00, 0x0F, 0x0F, 0x0F, 0x00,
    0x00, 0x07, 0x00, 0x00, 0x00, 0x0F, 0x00, 0x0F,

    0x07, 0x07, 0x00, 0x00, 0x00, 0x00, 0x00, 0x00,
    0x07, 0x07, 0x07, 0x07, 0x00, 0x00, 0x00, 0x00,
    0x07, 0x07, 0x07, 0x07, 0x07, 0x00, 0x00, 0x00,
    0x00, 0x00, 0x00, 0x07, 0x07, 0x00, 0x00, 0x00,
    0x0F, 0x0F, 0x0F, 0x00, 0x07, 0x07, 0x00, 0x00,
    0x0F, 0x0F, 0x0F, 0x00, 0x07, 0x07, 0x00, 0x00,
    0x0F, 0x0F, 0x0F, 0x00, 0x07, 0x07, 0x07, 0x00,
    0x0F, 0x0F, 0x0F, 0x00, 0x07, 0x07, 0x07, 0x00,

    // Tile 528 (16,16)
    0x00, 0x00, 0x00, 0x00, 0x00, 0x00, 0x0A, 0x0A,
    0x00, 0x00, 0x00, 0x00, 0x0A, 0x0A, 0x0A, 0x0A,
    0x00, 0x00, 0x00, 0x0A, 0x0A, 0x0A, 0x0A, 0x0A,
    0x00, 0x00, 0x00, 0x0A, 0x0A, 0x00, 0x00, 0x00,
    0x00, 0x00, 0x0A, 0x0A, 0x00, 0x0F, 0x0F, 0x0F,
    0x00, 0x00, 0x0A, 0x0A, 0x00, 0x0F, 0x0F, 0x0F,
    0x00, 0x0A, 0x0A, 0x0A, 0x00, 0x0F, 0x0F, 0x0F,
    0x00, 0x0A, 0x0A, 0x0A, 0x00, 0x0F, 0x0F, 0x0F,

    0x0A, 0x0A, 0x00, 0x00, 0x00, 0x00, 0x00, 0x00,
    0x0A, 0x00, 0x0A, 0x0A, 0x00, 0x00, 0x00, 0x00,
    0x00, 0x0B, 0x00, 0x0A, 0x0A, 0x00, 0x00, 0x00,
    0x00, 0x00, 0x0B, 0x00, 0x0A, 0x00, 0x00, 0x00,
    0x0F, 0x0F, 0x00, 0x0B, 0x00, 0x0A, 0x00, 0x00,
    0x0F, 0x0F, 0x0F, 0x0F, 0x00, 0x0A, 0x00, 0x00,
    0x00, 0x0F, 0x0F, 0x0F, 0x00, 0x0A, 0x0A, 0x00,
    0x0F, 0x00, 0x0F, 0x00, 0x00, 0x00, 0x0A, 0x00,

    0x00, 0x00, 0x00, 0x00, 0x00, 0x00, 0x0A, 0x0A,
    0x00, 0x00, 0x00, 0x00, 0x0A, 0x0A, 0x00, 0x0A,
    0x00, 0x00, 0x00, 0x0A, 0x0A, 0x00, 0x0B, 0x00,
    0x00, 0x00, 0x00, 0x0A, 0x00, 0x0B, 0x00, 0x00,
    0x00, 0x00, 0x0A, 0x00, 0x0B, 0x00, 0x0F, 0x0F,
    0x00, 0x00, 0x0A, 0x00, 0x0F, 0x0F, 0x0F, 0x0F,
    0x00, 0x0A, 0x0A, 0x00, 0x0F, 0x0F, 0x0F, 0x00,
    0x00, 0x0A, 0x00, 0x00, 0x00, 0x0F, 0x00, 0x0F,

    0x0A, 0x0A, 0x00, 0x00, 0x00, 0x00, 0x00, 0x00,
    0x0A, 0x0A, 0x0A, 0x0A, 0x00, 0x00, 0x00, 0x00,
    0x0A, 0x0A, 0x0A, 0x0A, 0x0A, 0x00, 0x00, 0x00,
    0x00, 0x00, 0x00, 0x0A, 0x0A, 0x00, 0x00, 0x00,
    0x0F, 0x0F, 0x0F, 0x00, 0x0A, 0x0A, 0x00, 0x00,
    0x0F, 0x0F, 0x0F, 0x00, 0x0A, 0x0A, 0x00, 0x00,
    0x0F, 0x0F, 0x0F, 0x00, 0x0A, 0x0A, 0x0A, 0x00,
    0x0F, 0x0F, 0x0F, 0x00, 0x0A, 0x0A, 0x0A, 0x00,

    // Tile 532 (20,16)
    0x00, 0x00, 0x00, 0x00, 0x00, 0x00, 0x06, 0x06,
    0x00, 0x00, 0x00, 0x00, 0x06, 0x06, 0x06, 0x06,
    0x00, 0x00, 0x00, 0x06, 0x06, 0x06, 0x06, 0x06,
    0x00, 0x00, 0x00, 0x06, 0x06, 0x00, 0x00, 0x00,
    0x00, 0x00, 0x06, 0x06, 0x00, 0x0F, 0x0F, 0x0F,
    0x00, 0x00, 0x06, 0x06, 0x00, 0x0F, 0x0F, 0x0F,
    0x00, 0x06, 0x06, 0x06, 0x00, 0x0F, 0x0F, 0x0F,
    0x00, 0x06, 0x06, 0x06, 0x00, 0x0F, 0x0F, 0x0F,

    0x06, 0x06, 0x00, 0x00, 0x00, 0x00, 0x00, 0x00,
    0x06, 0x00, 0x06, 0x06, 0x00, 0x00, 0x00, 0x00,
    0x00, 0x0A, 0x00, 0x06, 0x06, 0x00, 0x00, 0x00,
    0x00, 0x00, 0x0A, 0x00, 0x06, 0x00, 0x00, 0x00,
    0x0F, 0x0F, 0x00, 0x0A, 0x00, 0x06, 0x00, 0x00,
    0x0F, 0x0F, 0x0F, 0x0F, 0x00, 0x06, 0x00, 0x00,
    0x00, 0x0F, 0x0F, 0x0F, 0x00, 0x06, 0x06, 0x00,
    0x0F, 0x00, 0x0F, 0x00, 0x00, 0x00, 0x06, 0x00,

    0x00, 0x00, 0x00, 0x00, 0x00, 0x00, 0x06, 0x06,
    0x00, 0x00, 0x00, 0x00, 0x06, 0x06, 0x00, 0x06,
    0x00, 0x00, 0x00, 0x06, 0x06, 0x00, 0x0A, 0x00,
    0x00, 0x00, 0x00, 0x06, 0x00, 0x0A, 0x00, 0x00,
    0x00, 0x00, 0x06, 0x00, 0x0A, 0x00, 0x0F, 0x0F,
    0x00, 0x00, 0x06, 0x00, 0x0F, 0x0F, 0x0F, 0x0F,
    0x00, 0x06, 0x06, 0x00, 0x0F, 0x0F, 0x0F, 0x00,
    0x00, 0x06, 0x00, 0x00, 0x00, 0x0F, 0x00, 0x0F,

    0x06, 0x06, 0x00, 0x00, 0x00, 0x00, 0x00, 0x00,
    0x06, 0x06, 0x06, 0x06, 0x00, 0x00, 0x00, 0x00,
    0x06, 0x06, 0x06, 0x06, 0x06, 0x00, 0x00, 0x00,
    0x00, 0x00, 0x00, 0x06, 0x06, 0x00, 0x00, 0x00,
    0x0F, 0x0F, 0x0F, 0x00, 0x06, 0x06, 0x00, 0x00,
    0x0F, 0x0F, 0x0F, 0x00, 0x06, 0x06, 0x00, 0x00,
    0x0F, 0x0F, 0x0F, 0x00, 0x06, 0x06, 0x06, 0x00,
    0x0F, 0x0F, 0x0F, 0x00, 0x06, 0x06, 0x06, 0x00,

    // Tile 536 (24,16)
    0x00, 0x00, 0x00, 0x0D, 0x00, 0x00, 0x00, 0x06,
    0x00, 0x00, 0x00, 0x00, 0x0D, 0x00, 0x06, 0x06,
    0x00, 0x00, 0x00, 0x00, 0x00, 0x06, 0x06, 0x06,
    0x00, 0x00, 0x00, 0x00, 0x06, 0x06, 0x06, 0x06,
    0x00, 0x00, 0x00, 0x06, 0x06, 0x06, 0x06, 0x06,
    0x00, 0x00, 0x00, 0x06, 0x06, 0x06, 0x06, 0x06,
    0x00, 0x00, 0x06, 0x06, 0x06, 0x06, 0x06, 0x06,
    0x00, 0x0D, 0x06, 0x06, 0x06, 0x06, 0x00, 0x06,

    0x06, 0x00, 0x00, 0x00, 0x0D, 0x00, 0x00, 0x00,
    0x06, 0x06, 0x00, 0x0D, 0x00, 0x00, 0x00, 0x00,
    0x06, 0x06, 0x06, 0x00, 0x00, 0x00, 0x00, 0x00,
    0x06, 0x06, 0x06, 0x06, 0x00, 0x00, 0x00, 0x00,
    0x06, 0x06, 0x06, 0x06, 0x06, 0x00, 0x00, 0x00,
    0x06, 0x06, 0x06, 0x06, 0x06, 0x00, 0x00, 0x00,
    0x06, 0x06, 0x06, 0x06, 0x06, 0x06, 0x00, 0x00,
    0x06, 0x00, 0x06, 0x06, 0x06, 0x06, 0x0D, 0x00,

    0x00, 0x00, 0x00, 0x0D, 0x0D, 0x0D, 0x0D, 0x0D,
    0x00, 0x00, 0x00, 0x00, 0x00, 0x00, 0x06, 0x06,
    0x00, 0x0D, 0x0D, 0x0D, 0x00, 0x06, 0x06, 0x06,
    0x0B, 0x0D, 0x0D, 0x0D, 0x0D, 0x06, 0x06, 0x06,
    0x0B, 0x00, 0x00, 0x0D, 0x0D, 0x06, 0x06, 0x06,
    0x0B, 0x00, 0x00, 0x0D, 0x0D, 0x06, 0x00, 0x06,
    0x0B, 0x00, 0x00, 0x0D, 0x0D, 0x00, 0x00, 0x00,
    0x00, 0x00, 0x0D, 0x00, 0x0D, 0x06, 0x00, 0x06,

    0x00, 0x00, 0x00, 0x00, 0x00, 0x00, 0x00, 0x00,
    0x06, 0x00, 0x00, 0x00, 0x00, 0x00, 0x00, 0x00,
    0x06, 0x06, 0x00, 0x00, 0x00, 0x00, 0x00, 0x00,
    0x06, 0x06, 0x06, 0x06, 0x00, 0x00, 0x00, 0x0D,
    0x06, 0x06, 0x06, 0x06, 0x06, 0x00, 0x0D, 0x00,
    0x06, 0x06, 0x06, 0x06, 0x06, 0x06, 0x00, 0x00,
    0x00, 0x06, 0x06, 0x06, 0x06, 0x06, 0x06, 0x00,
    0x06, 0x06, 0x06, 0x06, 0x06, 0x06, 0x06, 0x06,

    // Tile 540 (28,16)
    0x00, 0x00, 0x00, 0x0B, 0x0B, 0x0B, 0x0B, 0x00,
    0x00, 0x00, 0x0D, 0x0D, 0x00, 0x00, 0x00, 0x00,
    0x00, 0x00, 0x0D, 0x0D, 0x00, 0x00, 0x00, 0x0D,
    0x06, 0x00, 0x0D, 0x0D, 0x0D, 0x0D, 0x0D, 0x00,
    0x06, 0x00, 0x00, 0x0D, 0x0D, 0x0D, 0x0D, 0x0D,
    0x06, 0x00, 0x0D, 0x0D, 0x0D, 0x0D, 0x00, 0x0D,
    0x06, 0x0D, 0x06, 0x06, 0x06, 0x06, 0x00, 0x06,
    0x06, 0x0D, 0x06, 0x06, 0x06, 0x00, 0x00, 0x00,

    0x00, 0x0B, 0x0B, 0x0B, 0x0B, 0x00, 0x00, 0x00,
    0x00, 0x00, 0x00, 0x00, 0x0D, 0x0D, 0x00, 0x00,
    0x0D, 0x00, 0x00, 0x00, 0x0D, 0x0D, 0x00, 0x00,
    0x00, 0x0D, 0x0D, 0x0D, 0x0D, 0x0D, 0x00, 0x06,
    0x0D, 0x0D, 0x0D, 0x0D, 0x0D, 0x00, 0x00, 0x06,
    0x0D, 0x00, 0x0D, 0x0D, 0x0D, 0x0D, 0x00, 0x06,
    0x06, 0x00, 0x06, 0x06, 0x06, 0x06, 0x0D, 0x06,
    0x00, 0x00, 0x00, 0x06, 0x06, 0x06, 0x0D, 0x06,

    0x00, 0x00, 0x00, 0x00, 0x00, 0x00, 0x00, 0x00,
    0x00, 0x00, 0x00, 0x00, 0x00, 0x00, 0x00, 0x06,
    0x00, 0x00, 0x00, 0x00, 0x00, 0x00, 0x06, 0x06,
    0x0D, 0x00, 0x00, 0x00, 0x06, 0x06, 0x06, 0x06,
    0x00, 0x0D, 0x00, 0x06, 0x06, 0x06, 0x06, 0x06,
    0x00, 0x00, 0x06, 0x06, 0x06, 0x06, 0x06, 0x06,
    0x00, 0x06, 0x06, 0x06, 0x06, 0x06, 0x06, 0x00,
    0x06, 0x06, 0x06, 0x06, 0x06, 0x06, 0x06, 0x06,

    0x0D, 0x0D, 0x0D, 0x0D, 0x0D, 0x00, 0x00, 0x00,
    0x06, 0x06, 0x00, 0x00, 0x00, 0x00, 0x00, 0x00,
    0x06, 0x06, 0x06, 0x00, 0x0D, 0x0D, 0x0D, 0x00,
    0x06, 0x06, 0x06, 0x0D, 0x0D, 0x0D, 0x0D, 0x0B,
    0x06, 0x06, 0x06, 0x0D, 0x0D, 0x00, 0x00, 0x0B,
    0x06, 0x00, 0x06, 0x0D, 0x0D, 0x00, 0x00, 0x0B,
    0x00, 0x00, 0x00, 0x0D, 0x0D, 0x00, 0x00, 0x0B,
    0x06, 0x00, 0x06, 0x0D, 0x00, 0x0D, 0x00, 0x00,

    // Tile 544 (0,17)
    0x0D, 0x06, 0x0D, 0x0D, 0x0D, 0x0D, 0x00, 0x0D,
    0x0D, 0x06, 0x0D, 0x0D, 0x0D, 0x0D, 0x00, 0x0D,
    0x0D, 0x00, 0x06, 0x06, 0x06, 0x06, 0x00, 0x06,
    0x0D, 0x00, 0x00, 0x06, 0x06, 0x06, 0x06, 0x06,
    0x0D, 0x00, 0x0D, 0x00, 0x06, 0x06, 0x06, 0x00,
    0x00, 0x00, 0x0D, 0x0D, 0x00, 0x00, 0x00, 0x06,
    0x00, 0x00, 0x0D, 0x0D, 0x00, 0x00, 0x00, 0x00,
    0x00, 0x00, 0x00, 0x0B, 0x0B, 0x0B, 0x0B, 0x00,

    0x0D, 0x00, 0x0D, 0x0D, 0x0D, 0x0D, 0x06, 0x0D,
    0x0D, 0x00, 0x0D, 0x0D, 0x0D, 0x0D, 0x06, 0x0D,
    0x06, 0x00, 0x06, 0x06, 0x06, 0x06, 0x00, 0x0D,
    0x06, 0x06, 0x06, 0x06, 0x06, 0x00, 0x00, 0x0D,
    0x00, 0x06, 0x06, 0x06, 0x00, 0x0D, 0x00, 0x0D,
    0x06, 0x00, 0x00, 0x00, 0x0D, 0x0D, 0x00, 0x00,
    0x00, 0x00, 0x00, 0x00, 0x0D, 0x0D, 0x00, 0x00,
    0x00, 0x0B, 0x0B, 0x0B, 0x0B, 0x00, 0x00, 0x00,

    0x0D, 0x06, 0x0D, 0x0D, 0x0D, 0x0D, 0x00, 0x0D,
    0x00, 0x06, 0x0D, 0x0D, 0x0D, 0x0D, 0x00, 0x0D,
    0x00, 0x00, 0x06, 0x06, 0x06, 0x06, 0x00, 0x06,
    0x00, 0x00, 0x00, 0x06, 0x06, 0x06, 0x06, 0x06,
    0x00, 0x00, 0x0D, 0x00, 0x06, 0x06, 0x06, 0x00,
    0x00, 0x0D, 0x0D, 0x0D, 0x00, 0x00, 0x00, 0x06,
    0x00, 0x0D, 0x0D, 0x00, 0x00, 0x00, 0x00, 0x00,
    0x0B, 0x0B, 0x0B, 0x0B, 0x0B, 0x00, 0x00, 0x00,

    0x0D, 0x00, 0x0D, 0x0D, 0x0D, 0x0D, 0x06, 0x0D,
    0x0D, 0x00, 0x0D, 0x0D, 0x0D, 0x0D, 0x06, 0x00,
    0x06, 0x00, 0x06, 0x06, 0x06, 0x06, 0x00, 0x00,
    0x06, 0x06, 0x06, 0x06, 0x06, 0x00, 0x00, 0x00,
    0x00, 0x06, 0x06, 0x06, 0x00, 0x0D, 0x00, 0x00,
    0x06, 0x00, 0x00, 0x00, 0x0D, 0x0D, 0x0D, 0x00,
    0x00, 0x00, 0x00, 0x00, 0x00, 0x0D, 0x0D, 0x00,
    0x00, 0x00, 0x00, 0x0B, 0x0B, 0x0B, 0x0B, 0x0B,

    // Tile 548 (4,17)
    0x0A, 0x0F, 0x0A, 0x0A, 0x0A, 0x0A, 0x00, 0x00,
    0x0A, 0x0F, 0x0A, 0x0A, 0x0A, 0x0A, 0x00, 0x0A,
    0x0A, 0x00, 0x06, 0x06, 0x06, 0x06, 0x00, 0x06,
    0x0A, 0x00, 0x00, 0x06, 0x06, 0x06, 0x06, 0x06,
    0x0F, 0x00, 0x0A, 0x0A, 0x06, 0x06, 0x06, 0x00,
    0x00, 0x00, 0x0A, 0x0A, 0x00, 0x00, 0x00, 0x06,
    0x00, 0x00, 0x0A, 0x0A, 0x00, 0x00, 0x00, 0x00,
    0x00, 0x00, 0x00, 0x06, 0x06, 0x06, 0x06, 0x00,

    0x00, 0x00, 0x0A, 0x0A, 0x0A, 0x0A, 0x0F, 0x0A,
    0x0A, 0x00, 0x0A, 0x0A, 0x0A, 0x0A, 0x0F, 0x0A,
    0x06, 0x00, 0x06, 0x06, 0x06, 0x06, 0x00, 0x0A,
    0x06, 0x06, 0x06, 0x06, 0x06, 0x00, 0x00, 0x0A,
    0x00, 0x06, 0x06, 0x06, 0x0A, 0x0A, 0x00, 0x0F,
    0x06, 0x00, 0x00, 0x00, 0x0A, 0x0A, 0x00, 0x00,
    0x00, 0x00, 0x00, 0x00, 0x0A, 0x0A, 0x00, 0x00,
    0x00, 0x06, 0x06, 0x06, 0x06, 0x00, 0x00, 0x00,

    0x0A, 0x06, 0x0A, 0x0A, 0x0A, 0x0A, 0x00, 0x00,
    0x00, 0x06, 0x0A, 0x0A, 0x0A, 0x0A, 0x00, 0x0A,
    0x00, 0x00, 0x06, 0x06, 0x06, 0x06, 0x00, 0x06,
    0x00, 0x00, 0x00, 0x06, 0x06, 0x06, 0x06, 0x06,
    0x00, 0x00, 0x0A, 0x0A, 0x06, 0x06, 0x06, 0x00,
    0x00, 0x0A, 0x0A, 0x0A, 0x00, 0x00, 0x00, 0x06,
    0x00, 0x0A, 0x0A, 0x00, 0x00, 0x00, 0x00, 0x00,
    0x06, 0x06, 0x06, 0x06, 0x06, 0x00, 0x00, 0x00,

    0x00, 0x00, 0x0A, 0x0A, 0x0A, 0x0A, 0x06, 0x0A,
    0x0A, 0x00, 0x0A, 0x0A, 0x0A, 0x0A, 0x06, 0x00,
    0x06, 0x00, 0x06, 0x06, 0x06, 0x06, 0x00, 0x00,
    0x06, 0x06, 0x06, 0x06, 0x06, 0x00, 0x00, 0x00,
    0x00, 0x06, 0x06, 0x06, 0x0A, 0x0A, 0x00, 0x00,
    0x06, 0x00, 0x00, 0x00, 0x0A, 0x0A, 0x0A, 0x00,
    0x00, 0x00, 0x00, 0x00, 0x00, 0x0A, 0x0A, 0x00,
    0x00, 0x00, 0x00, 0x06, 0x06, 0x06, 0x06, 0x06,

    // Tile 552 (8,17)
    0x06, 0x0D, 0x06, 0x06, 0x06, 0x06, 0x00, 0x00,
    0x06, 0x0D, 0x06, 0x06, 0x06, 0x06, 0x00, 0x06,
    0x06, 0x00, 0x0B, 0x0B, 0x0B, 0x0B, 0x00, 0x0B,
    0x06, 0x00, 0x00, 0x0B, 0x0B, 0x0B, 0x0B, 0x0B,
    0x0D, 0x00, 0x06, 0x06, 0x0B, 0x0B, 0x0B, 0x00,
    0x00, 0x00, 0x06, 0x06, 0x00, 0x00, 0x00, 0x0B,
    0x00, 0x00, 0x06, 0x06, 0x00, 0x00, 0x00, 0x00,
    0x00, 0x00, 0x00, 0x0B, 0x0B, 0x0B, 0x0B, 0x00,

    0x00, 0x00, 0x06, 0x06, 0x06, 0x06, 0x0D, 0x06,
    0x06, 0x00, 0x06, 0x06, 0x06, 0x06, 0x0D, 0x06,
    0x0B, 0x00, 0x0B, 0x0B, 0x0B, 0x0B, 0x00, 0x06,
    0x0B, 0x0B, 0x0B, 0x0B, 0x0B, 0x00, 0x00, 0x06,
    0x00, 0x0B, 0x0B, 0x0B, 0x06, 0x06, 0x00, 0x0D,
    0x0B, 0x00, 0x00, 0x00, 0x06, 0x06, 0x00, 0x00,
    0x00, 0x00, 0x00, 0x00, 0x06, 0x06, 0x00, 0x00,
    0x00, 0x0B, 0x0B, 0x0B, 0x0B, 0x00, 0x00, 0x00,

    0x06, 0x0D, 0x06, 0x06, 0x06, 0x00, 0x00, 0x00,
    0x06, 0x0D, 0x06, 0x06, 0x06, 0x06, 0x00, 0x06,
    0x06, 0x00, 0x0D, 0x0D, 0x0D, 0x0D, 0x00, 0x0D,
    0x06, 0x00, 0x00, 0x0D, 0x0D, 0x0D, 0x0D, 0x0D,
    0x06, 0x00, 0x0D, 0x0D, 0x0D, 0x0D, 0x0D, 0x00,
    0x00, 0x00, 0x0D, 0x0D, 0x00, 0x00, 0x00, 0x0D,
    0x00, 0x00, 0x0D, 0x0D, 0x00, 0x00, 0x00, 0x00,
    0x00, 0x00, 0x00, 0x0B, 0x0B, 0x0B, 0x0B, 0x00,

    0x00, 0x00, 0x00, 0x06, 0x06, 0x06, 0x0D, 0x06,
    0x06, 0x00, 0x06, 0x06, 0x06, 0x06, 0x0D, 0x06,
    0x0D, 0x00, 0x0D, 0x0D, 0x0D, 0x0D, 0x00, 0x06,
    0x0D, 0x0D, 0x0D, 0x0D, 0x0D, 0x00, 0x00, 0x06,
    0x00, 0x0D, 0x0D, 0x0D, 0x0D, 0x0D, 0x00, 0x06,
    0x0D, 0x00, 0x00, 0x00, 0x0D, 0x0D, 0x00, 0x00,
    0x00, 0x00, 0x00, 0x00, 0x0D, 0x0D, 0x00, 0x00,
    0x00, 0x0B, 0x0B, 0x0B, 0x0B, 0x00, 0x00, 0x00,

    // Tile 556 (12,17)
    0x07, 0x07, 0x00, 0x00, 0x0F, 0x00, 0x0F, 0x0F,
    0x07, 0x00, 0x0A, 0x00, 0x0F, 0x0F, 0x00, 0x0F,
    0x00, 0x07, 0x00, 0x0A, 0x00, 0x0F, 0x0F, 0x0F,
    0x00, 0x07, 0x07, 0x00, 0x0A, 0x0F, 0x0F, 0x0F,
    0x00, 0x00, 0x07, 0x07, 0x00, 0x00, 0x00, 0x0A,
    0x00, 0x00, 0x07, 0x07, 0x07, 0x07, 0x00, 0x0A,
    0x00, 0x00, 0x00, 0x07, 0x07, 0x07, 0x07, 0x00,
    0x00, 0x00, 0x00, 0x00, 0x00, 0x07, 0x07, 0x07,

    0x0F, 0x0F, 0x0A, 0x0A, 0x00, 0x07, 0x00, 0x00,
    0x0F, 0x0F, 0x00, 0x0A, 0x00, 0x07, 0x00, 0x00,
    0x0F, 0x00, 0x07, 0x00, 0x07, 0x00, 0x00, 0x00,
    0x00, 0x07, 0x07, 0x07, 0x07, 0x00, 0x00, 0x00,
    0x00, 0x07, 0x07, 0x07, 0x00, 0x00, 0x00, 0x00,
    0x0A, 0x00, 0x07, 0x07, 0x00, 0x00, 0x00, 0x00,
    0x00, 0x07, 0x07, 0x00, 0x00, 0x00, 0x00, 0x00,
    0x07, 0x00, 0x00, 0x00, 0x00, 0x00, 0x00, 0x00,

    0x00, 0x07, 0x00, 0x0A, 0x0A, 0x0F, 0x0F, 0x0F,
    0x00, 0x07, 0x00, 0x0A, 0x00, 0x0F, 0x0F, 0x0F,
    0x00, 0x00, 0x07, 0x00, 0x07, 0x00, 0x0F, 0x0F,
    0x00, 0x00, 0x07, 0x07, 0x07, 0x07, 0x00, 0x0F,
    0x00, 0x00, 0x00, 0x07, 0x07, 0x07, 0x00, 0x0A,
    0x00, 0x00, 0x00, 0x07, 0x07, 0x00, 0x0A, 0x0A,
    0x00, 0x00, 0x00, 0x00, 0x07, 0x07, 0x00, 0x00,
    0x00, 0x00, 0x00, 0x00, 0x00, 0x00, 0x07, 0x07,

    0x0F, 0x00, 0x0F, 0x00, 0x00, 0x07, 0x07, 0x00,
    0x00, 0x0F, 0x0F, 0x00, 0x0A, 0x00, 0x07, 0x00,
    0x0F, 0x0F, 0x00, 0x0A, 0x00, 0x07, 0x00, 0x00,
    0x0F, 0x0F, 0x0A, 0x00, 0x07, 0x07, 0x00, 0x00,
    0x00, 0x00, 0x00, 0x07, 0x07, 0x00, 0x00, 0x00,
    0x00, 0x07, 0x07, 0x07, 0x07, 0x00, 0x00, 0x00,
    0x07, 0x07, 0x07, 0x07, 0x00, 0x00, 0x00, 0x00,
    0x07, 0x07, 0x00, 0x00, 0x00, 0x00, 0x00, 0x00,

    // Tile 560 (16,17)
    0x00, 0x0A, 0x0A, 0x00, 0x00, 0x0F, 0x00, 0x0F,
    0x00, 0x0A, 0x00, 0x0B, 0x00, 0x0F, 0x0F, 0x00,
    0x00, 0x00, 0x0A, 0x00, 0x0B, 0x00, 0x0F, 0x0F,
    0x00, 0x00, 0x0A, 0x0A, 0x00, 0x0B, 0x0F, 0x0F,
    0x00, 0x00, 0x00, 0x0A, 0x0A, 0x00, 0x00, 0x00,
    0x00, 0x00, 0x00, 0x0A, 0x0A, 0x0A, 0x0A, 0x00,
    0x00, 0x00, 0x00, 0x00, 0x0A, 0x0A, 0x0A, 0x0A,
    0x00, 0x00, 0x00, 0x00, 0x00, 0x00, 0x0A, 0x0A,

    0x0F, 0x0F, 0x0F, 0x0B, 0x0B, 0x00, 0x0A, 0x00,
    0x0F, 0x0F, 0x0F, 0x00, 0x0B, 0x00, 0x0A, 0x00,
    0x0F, 0x0F, 0x00, 0x0A, 0x00, 0x0A, 0x00, 0x00,
    0x0F, 0x00, 0x0A, 0x0A, 0x0A, 0x0A, 0x00, 0x00,
    0x0B, 0x00, 0x0A, 0x0A, 0x0A, 0x00, 0x00, 0x00,
    0x0B, 0x0B, 0x00, 0x0A, 0x0A, 0x00, 0x00, 0x00,
    0x00, 0x00, 0x0A, 0x0A, 0x00, 0x00, 0x00, 0x00,
    0x0A, 0x0A, 0x00, 0x00, 0x00, 0x00, 0x00, 0x00,

    0x00, 0x0A, 0x00, 0x0B, 0x0B, 0x0F, 0x0F, 0x0F,
    0x00, 0x0A, 0x00, 0x0B, 0x00, 0x0F, 0x0F, 0x0F,
    0x00, 0x00, 0x0A, 0x00, 0x0A, 0x00, 0x0F, 0x0F,
    0x00, 0x00, 0x0A, 0x0A, 0x0A, 0x0A, 0x00, 0x0F,
    0x00, 0x00, 0x00, 0x0A, 0x0A, 0x0A, 0x00, 0x0B,
    0x00, 0x00, 0x00, 0x0A, 0x0A, 0x00, 0x0B, 0x0B,
    0x00, 0x00, 0x00, 0x00, 0x0A, 0x0A, 0x00, 0x00,
    0x00, 0x00, 0x00, 0x00, 0x00, 0x00, 0x0A, 0x0A,

    0x0F, 0x00, 0x0F, 0x00, 0x00, 0x0A, 0x0A, 0x00,
    0x00, 0x0F, 0x0F, 0x00, 0x0B, 0x00, 0x0A, 0x00,
    0x0F, 0x0F, 0x00, 0x0B, 0x00, 0x0A, 0x00, 0x00,
    0x0F, 0x0F, 0x0B, 0x00, 0x0A, 0x0A, 0x00, 0x00,
    0x00, 0x00, 0x00, 0x0A, 0x0A, 0x00, 0x00, 0x00,
    0x00, 0x0A, 0x0A, 0x0A, 0x0A, 0x00, 0x00, 0x00,
    0x0A, 0x0A, 0x0A, 0x0A, 0x00, 0x00, 0x00, 0x00,
    0x0A, 0x0A, 0x00, 0x00, 0x00, 0x00, 0x00, 0x00,

    // Tile 564 (20,17)
    0x00, 0x06, 0x06, 0x00, 0x00, 0x0F, 0x00, 0x0F,
    0x00, 0x06, 0x00, 0x0A, 0x00, 0x0F, 0x0F, 0x00,
    0x00, 0x00, 0x06, 0x00, 0x0A, 0x00, 0x0F, 0x0F,
    0x00, 0x00, 0x06, 0x06, 0x00, 0x0A, 0x0F, 0x0F,
    0x00, 0x00, 0x00, 0x06, 0x06, 0x00, 0x00, 0x00,
    0x00, 0x00, 0x00, 0x06, 0x06, 0x06, 0x06, 0x00,
    0x00, 0x00, 0x00, 0x00, 0x06, 0x06, 0x06, 0x06,
    0x00, 0x00, 0x00, 0x00, 0x00, 0x00, 0x06, 0x06,

    0x0F, 0x0F, 0x0F, 0x0A, 0x0A, 0x00, 0x06, 0x00,
    0x0F, 0x0F, 0x0F, 0x00, 0x0A, 0x00, 0x06, 0x00,
    0x0F, 0x0F, 0x00, 0x06, 0x00, 0x06, 0x00, 0x00,
    0x0F, 0x00, 0x06, 0x06, 0x06, 0x06, 0x00, 0x00,
    0x0A, 0x00, 0x06, 0x06, 0x06, 0x00, 0x00, 0x00,
    0x0A, 0x0A, 0x00, 0x06, 0x06, 0x00, 0x00, 0x00,
    0x00, 0x00, 0x06, 0x06, 0x00, 0x00, 0x00, 0x00,
    0x06, 0x06, 0x00, 0x00, 0x00, 0x00, 0x00, 0x00,

    0x00, 0x06, 0x00, 0x0A, 0x0A, 0x0F, 0x0F, 0x0F,
    0x00, 0x06, 0x00, 0x0A, 0x00, 0x0F, 0x0F, 0x0F,
    0x00, 0x00, 0x06, 0x00, 0x06, 0x00, 0x0F, 0x0F,
    0x00, 0x00, 0x06, 0x06, 0x06, 0x06, 0x00, 0x0F,
    0x00, 0x00, 0x00, 0x06, 0x06, 0x06, 0x00, 0x0A,
    0x00, 0x00, 0x00, 0x06, 0x06, 0x00, 0x0A, 0x0A,
    0x00, 0x00, 0x00, 0x00, 0x06, 0x06, 0x00, 0x00,
    0x00, 0x00, 0x00, 0x00, 0x00, 0x00, 0x06, 0x06,

    0x0F, 0x00, 0x0F, 0x00, 0x00, 0x06, 0x06, 0x00,
    0x00, 0x0F, 0x0F, 0x00, 0x0A, 0x00, 0x06, 0x00,
    0x0F, 0x0F, 0x00, 0x0A, 0x00, 0x06, 0x00, 0x00,
    0x0F, 0x0F, 0x0A, 0x00, 0x06, 0x06, 0x00, 0x00,
    0x00, 0x00, 0x00, 0x06, 0x06, 0x00, 0x00, 0x00,
    0x00, 0x06, 0x06, 0x06, 0x06, 0x00, 0x00, 0x00,
    0x06, 0x06, 0x06, 0x06, 0x00, 0x00, 0x00, 0x00,
    0x06, 0x06, 0x00, 0x00, 0x00, 0x00, 0x00, 0x00,

    // Tile 568 (24,17)
    0x06, 0x0D, 0x06, 0x06, 0x06, 0x00, 0x00, 0x00,
    0x06, 0x0D, 0x06, 0x06, 0x06, 0x06, 0x00, 0x06,
    0x06, 0x00, 0x0D, 0x0D, 0x0D, 0x0D, 0x00, 0x0D,
    0x06, 0x00, 0x00, 0x0D, 0x0D, 0x0D, 0x0D, 0x0D,
    0x06, 0x00, 0x0D, 0x0D, 0x0D, 0x0D, 0x0D, 0x00,
    0x00, 0x00, 0x0D, 0x0D, 0x00, 0x00, 0x00, 0x0D,
    0x00, 0x00, 0x0D, 0x0D, 0x00, 0x00, 0x00, 0x00,
    0x00, 0x00, 0x00, 0x0B, 0x0B, 0x0B, 0x0B, 0x00,

    0x00, 0x00, 0x00, 0x06, 0x06, 0x06, 0x0D, 0x06,
    0x06, 0x00, 0x06, 0x06, 0x06, 0x06, 0x0D, 0x06,
    0x0D, 0x00, 0x0D, 0x0D, 0x0D, 0x0D, 0x00, 0x06,
    0x0D, 0x0D, 0x0D, 0x0D, 0x0D, 0x00, 0x00, 0x06,
    0x00, 0x0D, 0x0D, 0x0D, 0x0D, 0x0D, 0x00, 0x06,
    0x0D, 0x00, 0x00, 0x00, 0x0D, 0x0D, 0x00, 0x00,
    0x00, 0x00, 0x00, 0x00, 0x0D, 0x0D, 0x00, 0x00,
    0x00, 0x0B, 0x0B, 0x0B, 0x0B, 0x00, 0x00, 0x00,

    0x00, 0x00, 0x0D, 0x00, 0x0D, 0x06, 0x00, 0x06,
    0x0B, 0x00, 0x00, 0x0D, 0x0D, 0x00, 0x00, 0x00,
    0x0B, 0x00, 0x00, 0x0D, 0x0D, 0x06, 0x00, 0x06,
    0x0B, 0x00, 0x00, 0x0D, 0x0D, 0x06, 0x06, 0x06,
    0x0B, 0x0D, 0x0D, 0x0D, 0x0D, 0x06, 0x06, 0x06,
    0x00, 0x0D, 0x0D, 0x0D, 0x00, 0x06, 0x06, 0x06,
    0x00, 0x00, 0x00, 0x00, 0x00, 0x00, 0x06, 0x06,
    0x00, 0x00, 0x00, 0x0D, 0x0D, 0x0D, 0x0D, 0x0D,

    0x06, 0x06, 0x06, 0x06, 0x06, 0x06, 0x06, 0x06,
    0x00, 0x06, 0x06, 0x06, 0x06, 0x06, 0x06, 0x00,
    0x06, 0x06, 0x06, 0x06, 0x06, 0x06, 0x00, 0x00,
    0x06, 0x06, 0x06, 0x06, 0x06, 0x00, 0x0D, 0x00,
    0x06, 0x06, 0x06, 0x06, 0x00, 0x00, 0x00, 0x0D,
    0x06, 0x06, 0x00, 0x00, 0x00, 0x00, 0x00, 0x00,
    0x06, 0x00, 0x00, 0x00, 0x00, 0x00, 0x00, 0x00,
    0x00, 0x00, 0x00, 0x00, 0x00, 0x00, 0x00, 0x00,

    // Tile 572 (28,17)
    0x00, 0x0D, 0x06, 0x06, 0x06, 0x06, 0x00, 0x06,
    0x00, 0x00, 0x06, 0x06, 0x06, 0x06, 0x06, 0x06,
    0x00, 0x00, 0x00, 0x06, 0x06, 0x06, 0x06, 0x06,
    0x00, 0x00, 0x00, 0x06, 0x06, 0x06, 0x06, 0x06,
    0x00, 0x00, 0x00, 0x00, 0x06, 0x06, 0x06, 0x06,
    0x00, 0x00, 0x00, 0x00, 0x00, 0x06, 0x06, 0x06,
    0x00, 0x00, 0x00, 0x00, 0x0D, 0x00, 0x06, 0x06,
    0x00, 0x00, 0x00, 0x0D, 0x00, 0x00, 0x00, 0x06,

    0x06, 0x00, 0x06, 0x06, 0x06, 0x06, 0x0D, 0x00,
    0x06, 0x06, 0x06, 0x06, 0x06, 0x06, 0x00, 0x00,
    0x06, 0x06, 0x06, 0x06, 0x06, 0x00, 0x00, 0x00,
    0x06, 0x06, 0x06, 0x06, 0x06, 0x00, 0x00, 0x00,
    0x06, 0x06, 0x06, 0x06, 0x00, 0x00, 0x00, 0x00,
    0x06, 0x06, 0x06, 0x00, 0x00, 0x00, 0x00, 0x00,
    0x06, 0x06, 0x00, 0x0D, 0x00, 0x00, 0x00, 0x00,
    0x06, 0x00, 0x00, 0x00, 0x0D, 0x00, 0x00, 0x00,

    0x06, 0x06, 0x06, 0x06, 0x06, 0x06, 0x06, 0x06,
    0x00, 0x06, 0x06, 0x06, 0x06, 0x06, 0x06, 0x00,
    0x00, 0x00, 0x06, 0x06, 0x06, 0x06, 0x06, 0x06,
    0x00, 0x0D, 0x00, 0x06, 0x06, 0x06, 0x06, 0x06,
    0x0D, 0x00, 0x00, 0x00, 0x06, 0x06, 0x06, 0x06,
    0x00, 0x00, 0x00, 0x00, 0x00, 0x00, 0x06, 0x06,
    0x00, 0x00, 0x00, 0x00, 0x00, 0x00, 0x00, 0x06,
    0x00, 0x00, 0x00, 0x00, 0x00, 0x00, 0x00, 0x00,

    0x06, 0x00, 0x06, 0x0D, 0x00, 0x0D, 0x00, 0x00,
    0x00, 0x00, 0x00, 0x0D, 0x0D, 0x00, 0x00, 0x0B,
    0x06, 0x00, 0x06, 0x0D, 0x0D, 0x00, 0x00, 0x0B,
    0x06, 0x06, 0x06, 0x0D, 0x0D, 0x00, 0x00, 0x0B,
    0x06, 0x06, 0x06, 0x0D, 0x0D, 0x0D, 0x0D, 0x0B,
    0x06, 0x06, 0x06, 0x00, 0x0D, 0x0D, 0x0D, 0x00,
    0x06, 0x06, 0x00, 0x00, 0x00, 0x00, 0x00, 0x00,
    0x0D, 0x0D, 0x0D, 0x0D, 0x0D, 0x00, 0x00, 0x00,

    // Tile 576 (0,18)
    0x00, 0x00, 0x00, 0x00, 0x07, 0x07, 0x07, 0x07,
    0x00, 0x00, 0x00, 0x00, 0x00, 0x00, 0x00, 0x00,
    0x00, 0x00, 0x07, 0x07, 0x07, 0x07, 0x07, 0x07,
    0x00, 0x07, 0x07, 0x00, 0x00, 0x00, 0x00, 0x00,
    0x00, 0x07, 0x00, 0x0F, 0x00, 0x0F, 0x00, 0x0F,
    0x00, 0x07, 0x0F, 0x00, 0x00, 0x00, 0x00, 0x0F,
    0x00, 0x07, 0x0F, 0x00, 0x00, 0x0F, 0x00, 0x0F,
    0x00, 0x07, 0x0F, 0x0F, 0x0F, 0x00, 0x0F, 0x0F,

    0x07, 0x07, 0x07, 0x07, 0x00, 0x00, 0x00, 0x00,
    0x00, 0x07, 0x07, 0x07, 0x07, 0x00, 0x00, 0x00,
    0x07, 0x00, 0x07, 0x07, 0x07, 0x07, 0x00, 0x00,
    0x07, 0x07, 0x00, 0x07, 0x07, 0x07, 0x07, 0x07,
    0x00, 0x07, 0x00, 0x07, 0x07, 0x07, 0x00, 0x00,
    0x0F, 0x00, 0x07, 0x00, 0x07, 0x00, 0x00, 0x00,
    0x0F, 0x00, 0x07, 0x00, 0x07, 0x07, 0x00, 0x00,
    0x0F, 0x0A, 0x0A, 0x0A, 0x07, 0x07, 0x07, 0x00,

    0x00, 0x00, 0x00, 0x00, 0x00, 0x07, 0x07, 0x07,
    0x00, 0x00, 0x00, 0x00, 0x00, 0x00, 0x00, 0x00,
    0x00, 0x00, 0x00, 0x07, 0x07, 0x07, 0x07, 0x07,
    0x00, 0x00, 0x07, 0x07, 0x00, 0x00, 0x00, 0x00,
    0x00, 0x00, 0x07, 0x00, 0x0F, 0x00, 0x0F, 0x00,
    0x00, 0x00, 0x07, 0x0F, 0x00, 0x00, 0x00, 0x00,
    0x00, 0x00, 0x07, 0x0F, 0x00, 0x00, 0x0F, 0x00,
    0x00, 0x00, 0x07, 0x0F, 0x0F, 0x0F, 0x00, 0x0F,

    0x07, 0x07, 0x07, 0x07, 0x07, 0x00, 0x00, 0x00,
    0x00, 0x00, 0x07, 0x07, 0x07, 0x07, 0x00, 0x00,
    0x07, 0x07, 0x00, 0x07, 0x07, 0x07, 0x07, 0x00,
    0x00, 0x07, 0x07, 0x00, 0x07, 0x07, 0x07, 0x07,
    0x0F, 0x00, 0x07, 0x00, 0x07, 0x07, 0x07, 0x00,
    0x0F, 0x0F, 0x00, 0x07, 0x00, 0x07, 0x07, 0x00,
    0x0F, 0x0F, 0x00, 0x07, 0x00, 0x07, 0x00, 0x00,
    0x0F, 0x0F, 0x00, 0x00, 0x07, 0x07, 0x00, 0x00,

    // Tile 580 (4,18)
    0x00, 0x00, 0x00, 0x00, 0x06, 0x06, 0x06, 0x06,
    0x00, 0x00, 0x00, 0x06, 0x06, 0x06, 0x06, 0x06,
    0x00, 0x00, 0x06, 0x06, 0x06, 0x06, 0x06, 0x06,
    0x00, 0x06, 0x06, 0x00, 0x00, 0x00, 0x00, 0x00,
    0x00, 0x06, 0x00, 0x0F, 0x0F, 0x00, 0x0F, 0x0F,
    0x00, 0x06, 0x0F, 0x00, 0x00, 0x0F, 0x00, 0x00,
    0x00, 0x06, 0x0F, 0x0F, 0x00, 0x00, 0x00, 0x0F,
    0x00, 0x06, 0x0F, 0x0F, 0x00, 0x00, 0x00, 0x0F,

    0x06, 0x06, 0x06, 0x06, 0x00, 0x00, 0x00, 0x00,
    0x06, 0x06, 0x06, 0x06, 0x06, 0x00, 0x00, 0x00,
    0x06, 0x06, 0x06, 0x06, 0x06, 0x06, 0x00, 0x00,
    0x06, 0x06, 0x06, 0x06, 0x06, 0x06, 0x06, 0x06,
    0x00, 0x06, 0x06, 0x06, 0x06, 0x06, 0x00, 0x00,
    0x0F, 0x00, 0x06, 0x06, 0x06, 0x00, 0x00, 0x00,
    0x0F, 0x00, 0x06, 0x06, 0x06, 0x06, 0x00, 0x00,
    0x0F, 0x0A, 0x0A, 0x06, 0x06, 0x06, 0x06, 0x00,

    0x00, 0x00, 0x00, 0x00, 0x00, 0x00, 0x06, 0x06,
    0x00, 0x00, 0x00, 0x00, 0x00, 0x06, 0x06, 0x06,
    0x00, 0x00, 0x00, 0x06, 0x06, 0x06, 0x06, 0x06,
    0x00, 0x00, 0x06, 0x06, 0x00, 0x00, 0x00, 0x00,
    0x00, 0x00, 0x06, 0x00, 0x0F, 0x0F, 0x0F, 0x0F,
    0x00, 0x00, 0x06, 0x0F, 0x00, 0x00, 0x0F, 0x00,
    0x00, 0x00, 0x06, 0x0F, 0x0F, 0x00, 0x00, 0x00,
    0x00, 0x00, 0x06, 0x0F, 0x0F, 0x00, 0x00, 0x00,

    0x06, 0x06, 0x06, 0x06, 0x06, 0x00, 0x00, 0x00,
    0x06, 0x06, 0x06, 0x06, 0x06, 0x06, 0x00, 0x00,
    0x06, 0x06, 0x06, 0x06, 0x06, 0x06, 0x06, 0x00,
    0x00, 0x06, 0x06, 0x06, 0x06, 0x06, 0x06, 0x06,
    0x0F, 0x00, 0x06, 0x06, 0x06, 0x06, 0x06, 0x00,
    0x00, 0x0F, 0x00, 0x06, 0x06, 0x06, 0x06, 0x00,
    0x0F, 0x0F, 0x00, 0x06, 0x06, 0x06, 0x00, 0x00,
    0x0F, 0x0F, 0x00, 0x06, 0x06, 0x06, 0x00, 0x00,

    // Tile 584 (8,18)
    0x00, 0x00, 0x00, 0x00, 0x0B, 0x0B, 0x0B, 0x0B,
    0x00, 0x00, 0x00, 0x0B, 0x0B, 0x0B, 0x0B, 0x0B,
    0x00, 0x00, 0x0B, 0x0B, 0x0B, 0x0B, 0x0B, 0x0B,
    0x00, 0x0B, 0x0B, 0x00, 0x00, 0x00, 0x00, 0x00,
    0x00, 0x0B, 0x00, 0x0D, 0x0D, 0x00, 0x0D, 0x0D,
    0x00, 0x0B, 0x0D, 0x00, 0x00, 0x0D, 0x00, 0x00,
    0x00, 0x0B, 0x0D, 0x0D, 0x00, 0x00, 0x00, 0x0D,
    0x00, 0x0B, 0x0D, 0x0D, 0x00, 0x00, 0x00, 0x0D,

    0x0B, 0x0B, 0x0B, 0x0B, 0x00, 0x00, 0x00, 0x00,
    0x0B, 0x0B, 0x0B, 0x0B, 0x0B, 0x00, 0x00, 0x00,
    0x0B, 0x0B, 0x0B, 0x0B, 0x0B, 0x0B, 0x00, 0x00,
    0x0B, 0x0B, 0x0B, 0x0B, 0x0B, 0x0B, 0x0B, 0x0B,
    0x00, 0x0B, 0x0B, 0x0B, 0x0B, 0x0B, 0x00, 0x00,
    0x0D, 0x00, 0x0B, 0x0B, 0x0B, 0x00, 0x00, 0x00,
    0x0D, 0x00, 0x0B, 0x0B, 0x0B, 0x0B, 0x00, 0x00,
    0x0D, 0x06, 0x06, 0x0B, 0x0B, 0x0B, 0x0B, 0x00,

    0x00, 0x00, 0x00, 0x00, 0x00, 0x00, 0x06, 0x06,
    0x00, 0x00, 0x00, 0x00, 0x00, 0x06, 0x06, 0x06,
    0x00, 0x00, 0x00, 0x06, 0x06, 0x06, 0x06, 0x06,
    0x00, 0x00, 0x06, 0x06, 0x00, 0x00, 0x00, 0x00,
    0x00, 0x00, 0x06, 0x00, 0x0D, 0x0D, 0x00, 0x0D,
    0x00, 0x00, 0x06, 0x0D, 0x0D, 0x00, 0x0D, 0x00,
    0x00, 0x00, 0x06, 0x00, 0x00, 0x00, 0x00, 0x00,
    0x00, 0x00, 0x06, 0x0D, 0x0D, 0x00, 0x0D, 0x00,

    0x06, 0x06, 0x06, 0x06, 0x06, 0x00, 0x00, 0x00,
    0x06, 0x06, 0x06, 0x06, 0x06, 0x06, 0x00, 0x00,
    0x06, 0x06, 0x06, 0x06, 0x06, 0x06, 0x06, 0x00,
    0x00, 0x06, 0x06, 0x06, 0x06, 0x06, 0x06, 0x06,
    0x0D, 0x00, 0x06, 0x06, 0x06, 0x06, 0x06, 0x00,
    0x0D, 0x0D, 0x00, 0x06, 0x06, 0x06, 0x06, 0x00,
    0x00, 0x00, 0x00, 0x06, 0x06, 0x06, 0x00, 0x00,
    0x0D, 0x0D, 0x00, 0x06, 0x06, 0x06, 0x00, 0x00,

    // Tile 588 (12,18)
    0x00, 0x00, 0x00, 0x00, 0x00, 0x07, 0x07, 0x07,
    0x00, 0x00, 0x00, 0x07, 0x07, 0x00, 0x00, 0x00,
    0x00, 0x00, 0x07, 0x07, 0x00, 0x07, 0x07, 0x07,
    0x00, 0x00, 0x07, 0x00, 0x07, 0x07, 0x07, 0x07,
    0x00, 0x07, 0x00, 0x07, 0x07, 0x07, 0x07, 0x00,
    0x00, 0x07, 0x00, 0x07, 0x07, 0x07, 0x00, 0x00,
    0x07, 0x00, 0x07, 0x07, 0x07, 0x00, 0x0F, 0x00,
    0x07, 0x00, 0x07, 0x07, 0x07, 0x00, 0x0F, 0x0F,

    0x07, 0x00, 0x00, 0x00, 0x00, 0x00, 0x00, 0x00,
    0x00, 0x07, 0x07, 0x00, 0x00, 0x00, 0x00, 0x00,
    0x07, 0x00, 0x07, 0x07, 0x00, 0x00, 0x00, 0x00,
    0x0F, 0x0F, 0x00, 0x07, 0x00, 0x00, 0x00, 0x00,
    0x0F, 0x0F, 0x0F, 0x00, 0x07, 0x00, 0x00, 0x00,
    0x00, 0x0F, 0x0A, 0x0A, 0x07, 0x00, 0x00, 0x00,
    0x0F, 0x0A, 0x0A, 0x0A, 0x00, 0x07, 0x00, 0x00,
    0x0F, 0x0A, 0x00, 0x0A, 0x00, 0x07, 0x00, 0x00,

    0x00, 0x00, 0x00, 0x00, 0x00, 0x00, 0x07, 0x07,
    0x00, 0x00, 0x00, 0x00, 0x07, 0x07, 0x00, 0x00,
    0x00, 0x00, 0x00, 0x07, 0x07, 0x00, 0x07, 0x07,
    0x00, 0x00, 0x00, 0x07, 0x00, 0x0F, 0x0F, 0x07,
    0x00, 0x00, 0x07, 0x00, 0x0F, 0x0F, 0x0F, 0x00,
    0x00, 0x00, 0x07, 0x0A, 0x0A, 0x0F, 0x00, 0x00,
    0x00, 0x07, 0x00, 0x0A, 0x0A, 0x0A, 0x0F, 0x00,
    0x00, 0x07, 0x00, 0x0A, 0x00, 0x0A, 0x0F, 0x0F,

    0x07, 0x07, 0x00, 0x00, 0x00, 0x00, 0x00, 0x00,
    0x00, 0x00, 0x07, 0x07, 0x00, 0x00, 0x00, 0x00,
    0x07, 0x07, 0x00, 0x07, 0x07, 0x00, 0x00, 0x00,
    0x07, 0x07, 0x07, 0x00, 0x07, 0x00, 0x00, 0x00,
    0x07, 0x07, 0x07, 0x07, 0x00, 0x07, 0x00, 0x00,
    0x00, 0x07, 0x07, 0x07, 0x00, 0x07, 0x00, 0x00,
    0x0F, 0x00, 0x07, 0x07, 0x07, 0x00, 0x07, 0x00,
    0x0F, 0x00, 0x07, 0x07, 0x07, 0x00, 0x07, 0x00,

    // Tile 592 (16,18)
    0x00, 0x00, 0x00, 0x00, 0x00, 0x00, 0x0A, 0x0A,
    0x00, 0x00, 0x00, 0x00, 0x0A, 0x0A, 0x00, 0x00,
    0x00, 0x00, 0x00, 0x0A, 0x0A, 0x00, 0x0A, 0x0A,
    0x00, 0x00, 0x00, 0x0A, 0x00, 0x0A, 0x0A, 0x0A,
    0x00, 0x00, 0x0A, 0x00, 0x0A, 0x0A, 0x0A, 0x0A,
    0x00, 0x00, 0x0A, 0x00, 0x0A, 0x0A, 0x0A, 0x00,
    0x00, 0x0A, 0x00, 0x0A, 0x0A, 0x0A, 0x00, 0x0F,
    0x00, 0x0A, 0x00, 0x0A, 0x0A, 0x0A, 0x00, 0x0F,

    0x0A, 0x0A, 0x00, 0x00, 0x00, 0x00, 0x00, 0x00,
    0x00, 0x00, 0x0A, 0x0A, 0x00, 0x00, 0x00, 0x00,
    0x0A, 0x0A, 0x00, 0x0A, 0x0A, 0x00, 0x00, 0x00,
    0x0A, 0x0F, 0x0F, 0x00, 0x0A, 0x00, 0x00, 0x00,
    0x00, 0x0F, 0x0F, 0x0F, 0x00, 0x0A, 0x00, 0x00,
    0x00, 0x00, 0x0F, 0x0B, 0x0B, 0x0A, 0x00, 0x00,
    0x00, 0x0F, 0x0B, 0x0B, 0x0B, 0x00, 0x0A, 0x00,
    0x0F, 0x0F, 0x0B, 0x00, 0x0B, 0x00, 0x0A, 0x00,

    0x00, 0x00, 0x00, 0x00, 0x00, 0x00, 0x0A, 0x0A,
    0x00, 0x00, 0x00, 0x00, 0x0A, 0x0A, 0x00, 0x00,
    0x00, 0x00, 0x00, 0x0A, 0x0A, 0x00, 0x0A, 0x0A,
    0x00, 0x00, 0x00, 0x0A, 0x00, 0x0F, 0x0F, 0x0A,
    0x00, 0x00, 0x0A, 0x00, 0x0F, 0x0F, 0x0F, 0x00,
    0x00, 0x00, 0x0A, 0x0B, 0x0B, 0x0F, 0x00, 0x00,
    0x00, 0x0A, 0x00, 0x0B, 0x0B, 0x0B, 0x0F, 0x00,
    0x00, 0x0A, 0x00, 0x0B, 0x00, 0x0B, 0x0F, 0x0F,

    0x0A, 0x0A, 0x00, 0x00, 0x00, 0x00, 0x00, 0x00,
    0x00, 0x00, 0x0A, 0x0A, 0x00, 0x00, 0x00, 0x00,
    0x0A, 0x0A, 0x00, 0x0A, 0x0A, 0x00, 0x00, 0x00,
    0x0A, 0x0A, 0x0A, 0x00, 0x0A, 0x00, 0x00, 0x00,
    0x0A, 0x0A, 0x0A, 0x0A, 0x00, 0x0A, 0x00, 0x00,
    0x00, 0x0A, 0x0A, 0x0A, 0x00, 0x0A, 0x00, 0x00,
    0x0F, 0x00, 0x0A, 0x0A, 0x0A, 0x00, 0x0A, 0x00,
    0x0F, 0x00, 0x0A, 0x0A, 0x0A, 0x00, 0x0A, 0x00,

    // Tile 596 (20,18)
    0x00, 0x00, 0x00, 0x00, 0x00, 0x00, 0x06, 0x06,
    0x00, 0x00, 0x00, 0x00, 0x06, 0x06, 0x00, 0x00,
    0x00, 0x00, 0x00, 0x06, 0x06, 0x00, 0x06, 0x06,
    0x00, 0x00, 0x00, 0x06, 0x00, 0x06, 0x06, 0x06,
    0x00, 0x00, 0x06, 0x00, 0x06, 0x06, 0x06, 0x06,
    0x00, 0x00, 0x06, 0x00, 0x06, 0x06, 0x06, 0x00,
    0x00, 0x06, 0x00, 0x06, 0x06, 0x06, 0x00, 0x0F,
    0x00, 0x06, 0x00, 0x06, 0x06, 0x06, 0x00, 0x0F,

    0x06, 0x06, 0x00, 0x00, 0x00, 0x00, 0x00, 0x00,
    0x00, 0x00, 0x06, 0x06, 0x00, 0x00, 0x00, 0x00,
    0x06, 0x06, 0x00, 0x06, 0x06, 0x00, 0x00, 0x00,
    0x06, 0x0F, 0x0F, 0x00, 0x06, 0x00, 0x00, 0x00,
    0x00, 0x0F, 0x0F, 0x0F, 0x00, 0x06, 0x00, 0x00,
    0x00, 0x00, 0x0F, 0x0A, 0x0A, 0x06, 0x00, 0x00,
    0x00, 0x0F, 0x0A, 0x0A, 0x0A, 0x00, 0x06, 0x00,
    0x0F, 0x0F, 0x0A, 0x00, 0x0A, 0x00, 0x06, 0x00,

    0x00, 0x00, 0x00, 0x00, 0x00, 0x00, 0x06, 0x06,
    0x00, 0x00, 0x00, 0x00, 0x06, 0x06, 0x00, 0x00,
    0x00, 0x00, 0x00, 0x06, 0x06, 0x00, 0x06, 0x06,
    0x00, 0x00, 0x00, 0x06, 0x00, 0x0F, 0x0F, 0x06,
    0x00, 0x00, 0x06, 0x00, 0x0F, 0x0F, 0x0F, 0x00,
    0x00, 0x00, 0x06, 0x0A, 0x0A, 0x0F, 0x00, 0x00,
    0x00, 0x06, 0x00, 0x0A, 0x0A, 0x0A, 0x0F, 0x00,
    0x00, 0x06, 0x00, 0x0A, 0x00, 0x0A, 0x0F, 0x0F,

    0x06, 0x06, 0x00, 0x00, 0x00, 0x00, 0x00, 0x00,
    0x00, 0x00, 0x06, 0x06, 0x00, 0x00, 0x00, 0x00,
    0x06, 0x06, 0x00, 0x06, 0x06, 0x00, 0x00, 0x00,
    0x06, 0x06, 0x06, 0x00, 0x06, 0x00, 0x00, 0x00,
    0x06, 0x06, 0x06, 0x06, 0x00, 0x06, 0x00, 0x00,
    0x00, 0x06, 0x06, 0x06, 0x00, 0x06, 0x00, 0x00,
    0x0F, 0x00, 0x06, 0x06, 0x06, 0x00, 0x06, 0x00,
    0x0F, 0x00, 0x06, 0x06, 0x06, 0x00, 0x06, 0x00,

    // Tile 600 (24,18)
    0x00, 0x00, 0x00, 0x00, 0x00, 0x00, 0x06, 0x06,
    0x00, 0x00, 0x00, 0x00, 0x00, 0x06, 0x06, 0x06,
    0x00, 0x00, 0x00, 0x06, 0x06, 0x06, 0x06, 0x06,
    0x00, 0x00, 0x06, 0x06, 0x00, 0x00, 0x00, 0x00,
    0x00, 0x00, 0x06, 0x00, 0x0D, 0x0D, 0x00, 0x0D,
    0x00, 0x00, 0x06, 0x0D, 0x0D, 0x00, 0x0D, 0x00,
    0x00, 0x00, 0x06, 0x00, 0x00, 0x00, 0x00, 0x00,
    0x00, 0x00, 0x06, 0x0D, 0x0D, 0x00, 0x0D, 0x00,

    0x06, 0x06, 0x06, 0x06, 0x06, 0x00, 0x00, 0x00,
    0x06, 0x06, 0x06, 0x06, 0x06, 0x06, 0x00, 0x00,
    0x06, 0x06, 0x06, 0x06, 0x06, 0x06, 0x06, 0x00,
    0x00, 0x06, 0x06, 0x06, 0x06, 0x06, 0x06, 0x06,
    0x0D, 0x00, 0x06, 0x06, 0x06, 0x06, 0x06, 0x00,
    0x0D, 0x0D, 0x00, 0x06, 0x06, 0x06, 0x06, 0x00,
    0x00, 0x00, 0x00, 0x06, 0x06, 0x06, 0x00, 0x00,
    0x0D, 0x0D, 0x00, 0x06, 0x06, 0x06, 0x00, 0x00,

    0x00, 0x00, 0x00, 0x00, 0x00, 0x00, 0x00, 0x00,
    0x00, 0x0D, 0x00, 0x00, 0x00, 0x00, 0x00, 0x00,
    0x0D, 0x0D, 0x0D, 0x00, 0x0D, 0x0D, 0x0D, 0x00,
    0x0D, 0x0D, 0x0D, 0x00, 0x0D, 0x0D, 0x0D, 0x00,
    0x0D, 0x0D, 0x00, 0x0D, 0x0D, 0x00, 0x0D, 0x0D,
    0x0D, 0x0D, 0x00, 0x06, 0x0D, 0x0D, 0x0D, 0x00,
    0x0D, 0x00, 0x06, 0x00, 0x0D, 0x0D, 0x0D, 0x00,
    0x00, 0x06, 0x00, 0x0B, 0x00, 0x0D, 0x0D, 0x00,

    0x00, 0x00, 0x00, 0x00, 0x00, 0x00, 0x00, 0x00,
    0x00, 0x00, 0x00, 0x00, 0x00, 0x00, 0x00, 0x00,
    0x06, 0x06, 0x06, 0x06, 0x06, 0x00, 0x00, 0x00,
    0x0D, 0x00, 0x0D, 0x00, 0x06, 0x06, 0x00, 0x00,
    0x0D, 0x00, 0x0D, 0x0D, 0x00, 0x06, 0x00, 0x00,
    0x00, 0x00, 0x00, 0x0D, 0x00, 0x06, 0x06, 0x00,
    0x0D, 0x00, 0x0D, 0x00, 0x00, 0x06, 0x06, 0x06,
    0x00, 0x00, 0x00, 0x0D, 0x00, 0x06, 0x06, 0x06,

    // Tile 604 (28,18)
    0x00, 0x00, 0x0D, 0x0D, 0x00, 0x06, 0x06, 0x06,
    0x00, 0x0D, 0x0D, 0x00, 0x06, 0x06, 0x00, 0x00,
    0x00, 0x0D, 0x00, 0x06, 0x06, 0x00, 0x0B, 0x0B,
    0x00, 0x00, 0x06, 0x06, 0x06, 0x00, 0x00, 0x0B,
    0x00, 0x06, 0x06, 0x06, 0x00, 0x0B, 0x0B, 0x0B,
    0x00, 0x00, 0x06, 0x06, 0x0B, 0x00, 0x00, 0x00,
    0x00, 0x0B, 0x06, 0x06, 0x00, 0x0D, 0x0D, 0x0D,
    0x0B, 0x00, 0x06, 0x06, 0x0D, 0x0D, 0x00, 0x0D,

    0x00, 0x0D, 0x0D, 0x0D, 0x0D, 0x0D, 0x00, 0x00,
    0x06, 0x00, 0x0D, 0x0D, 0x0D, 0x0D, 0x0D, 0x00,
    0x00, 0x06, 0x00, 0x00, 0x0D, 0x0D, 0x00, 0x00,
    0x0B, 0x00, 0x06, 0x0D, 0x00, 0x00, 0x00, 0x00,
    0x00, 0x0D, 0x0D, 0x0D, 0x0D, 0x0D, 0x00, 0x00,
    0x0D, 0x0D, 0x0D, 0x00, 0x0D, 0x0D, 0x00, 0x00,
    0x0D, 0x0D, 0x0D, 0x0D, 0x0D, 0x0D, 0x00, 0x00,
    0x00, 0x00, 0x00, 0x0D, 0x00, 0x00, 0x00, 0x00,

    0x00, 0x00, 0x00, 0x06, 0x00, 0x00, 0x00, 0x00,
    0x00, 0x00, 0x06, 0x06, 0x06, 0x06, 0x00, 0x00,
    0x00, 0x06, 0x06, 0x06, 0x06, 0x06, 0x06, 0x06,
    0x06, 0x06, 0x06, 0x06, 0x06, 0x06, 0x06, 0x06,
    0x06, 0x06, 0x06, 0x06, 0x06, 0x06, 0x06, 0x06,
    0x06, 0x06, 0x06, 0x06, 0x06, 0x00, 0x00, 0x00,
    0x06, 0x06, 0x06, 0x06, 0x00, 0x0D, 0x00, 0x0D,
    0x06, 0x06, 0x06, 0x00, 0x0D, 0x0D, 0x00, 0x0D,

    0x0B, 0x00, 0x00, 0x00, 0x00, 0x00, 0x00, 0x00,
    0x00, 0x0B, 0x00, 0x06, 0x00, 0x0D, 0x0D, 0x00,
    0x06, 0x06, 0x06, 0x06, 0x06, 0x00, 0x0D, 0x0D,
    0x06, 0x06, 0x06, 0x06, 0x06, 0x06, 0x00, 0x0D,
    0x0D, 0x00, 0x0B, 0x00, 0x06, 0x06, 0x06, 0x00,
    0x0D, 0x0D, 0x00, 0x0B, 0x00, 0x00, 0x06, 0x06,
    0x00, 0x0D, 0x00, 0x0B, 0x00, 0x0B, 0x00, 0x00,
    0x0D, 0x0D, 0x00, 0x0B, 0x0B, 0x0B, 0x00, 0x00,

    // Tile 608 (0,19)
    0x00, 0x00, 0x0A, 0x0F, 0x0F, 0x00, 0x0F, 0x00,
    0x00, 0x00, 0x0A, 0x0A, 0x0A, 0x0A, 0x0A, 0x0A,
    0x00, 0x00, 0x0A, 0x00, 0x0A, 0x0A, 0x0A, 0x0A,
    0x00, 0x00, 0x0A, 0x00, 0x0A, 0x0A, 0x0A, 0x00,
    0x00, 0x00, 0x00, 0x0A, 0x0A, 0x0A, 0x0A, 0x00,
    0x00, 0x00, 0x00, 0x00, 0x00, 0x00, 0x07, 0x00,
    0x00, 0x00, 0x00, 0x0A, 0x0A, 0x0A, 0x00, 0x07,
    0x00, 0x00, 0x00, 0x00, 0x0A, 0x0A, 0x0A, 0x00,

    0x0A, 0x0A, 0x0A, 0x0A, 0x00, 0x07, 0x07, 0x0A,
    0x0A, 0x0A, 0x0A, 0x00, 0x07, 0x07, 0x0A, 0x00,
    0x00, 0x00, 0x00, 0x0A, 0x07, 0x07, 0x00, 0x00,
    0x0A, 0x0A, 0x0A, 0x00, 0x07, 0x07, 0x07, 0x00,
    0x0A, 0x00, 0x00, 0x07, 0x07, 0x07, 0x07, 0x00,
    0x0A, 0x0A, 0x07, 0x07, 0x07, 0x07, 0x00, 0x00,
    0x00, 0x00, 0x07, 0x07, 0x00, 0x00, 0x0A, 0x00,
    0x07, 0x07, 0x07, 0x00, 0x0A, 0x0A, 0x00, 0x00,

    0x00, 0x00, 0x00, 0x0A, 0x0F, 0x0F, 0x00, 0x0F,
    0x00, 0x00, 0x0A, 0x0A, 0x0A, 0x0A, 0x0A, 0x0A,
    0x00, 0x00, 0x0A, 0x0A, 0x00, 0x0A, 0x0A, 0x0A,
    0x00, 0x00, 0x00, 0x0A, 0x0A, 0x0A, 0x0A, 0x00,
    0x00, 0x00, 0x00, 0x00, 0x0A, 0x07, 0x00, 0x0A,
    0x00, 0x00, 0x0A, 0x0A, 0x00, 0x00, 0x07, 0x00,
    0x00, 0x0A, 0x0A, 0x0A, 0x0A, 0x0A, 0x00, 0x07,
    0x00, 0x00, 0x0A, 0x0A, 0x0A, 0x0A, 0x0A, 0x00,

    0x0F, 0x0A, 0x0A, 0x0A, 0x00, 0x07, 0x00, 0x0A,
    0x0A, 0x0A, 0x0A, 0x00, 0x07, 0x07, 0x0A, 0x00,
    0x00, 0x00, 0x00, 0x0A, 0x07, 0x07, 0x00, 0x00,
    0x0A, 0x0A, 0x0A, 0x00, 0x07, 0x07, 0x07, 0x00,
    0x0A, 0x00, 0x00, 0x07, 0x07, 0x07, 0x07, 0x00,
    0x0A, 0x0A, 0x07, 0x07, 0x07, 0x00, 0x00, 0x00,
    0x00, 0x00, 0x07, 0x07, 0x00, 0x0A, 0x0A, 0x00,
    0x07, 0x07, 0x07, 0x00, 0x0A, 0x0A, 0x00, 0x00,

    // Tile 612 (4,19)
    0x00, 0x00, 0x0A, 0x0F, 0x00, 0x0F, 0x00, 0x0F,
    0x00, 0x00, 0x0A, 0x0A, 0x0A, 0x0A, 0x0A, 0x0A,
    0x00, 0x00, 0x0A, 0x00, 0x00, 0x0A, 0x0A, 0x0A,
    0x00, 0x00, 0x0A, 0x00, 0x00, 0x0A, 0x0A, 0x00,
    0x00, 0x00, 0x00, 0x0A, 0x0A, 0x0A, 0x0A, 0x00,
    0x00, 0x00, 0x00, 0x00, 0x00, 0x00, 0x06, 0x00,
    0x00, 0x00, 0x00, 0x0A, 0x0A, 0x0A, 0x00, 0x06,
    0x00, 0x00, 0x00, 0x00, 0x0A, 0x0A, 0x0A, 0x00,

    0x0A, 0x0A, 0x0A, 0x0A, 0x06, 0x06, 0x06, 0x0A,
    0x0A, 0x0A, 0x0A, 0x00, 0x06, 0x06, 0x0A, 0x00,
    0x00, 0x00, 0x00, 0x0A, 0x06, 0x06, 0x00, 0x00,
    0x0A, 0x0A, 0x0A, 0x00, 0x06, 0x06, 0x06, 0x00,
    0x0A, 0x00, 0x00, 0x06, 0x06, 0x06, 0x06, 0x00,
    0x0A, 0x0A, 0x06, 0x06, 0x06, 0x06, 0x00, 0x00,
    0x00, 0x00, 0x06, 0x06, 0x00, 0x00, 0x0A, 0x00,
    0x06, 0x06, 0x06, 0x00, 0x0A, 0x0A, 0x00, 0x00,

    0x00, 0x00, 0x00, 0x0A, 0x0F, 0x00, 0x0F, 0x00,
    0x00, 0x00, 0x0A, 0x0A, 0x0A, 0x0A, 0x0A, 0x0A,
    0x00, 0x00, 0x0A, 0x0A, 0x00, 0x00, 0x0A, 0x0A,
    0x00, 0x00, 0x0A, 0x0A, 0x00, 0x00, 0x00, 0x00,
    0x00, 0x00, 0x00, 0x00, 0x0A, 0x06, 0x00, 0x0A,
    0x00, 0x00, 0x0A, 0x0A, 0x00, 0x00, 0x06, 0x00,
    0x00, 0x0A, 0x0A, 0x0A, 0x0A, 0x0A, 0x00, 0x06,
    0x00, 0x00, 0x0A, 0x0A, 0x0A, 0x0A, 0x0A, 0x00,

    0x0F, 0x0A, 0x0A, 0x06, 0x06, 0x06, 0x00, 0x0A,
    0x0A, 0x0A, 0x0A, 0x00, 0x06, 0x06, 0x0A, 0x00,
    0x00, 0x00, 0x00, 0x0A, 0x06, 0x06, 0x00, 0x00,
    0x0A, 0x0A, 0x0A, 0x00, 0x06, 0x06, 0x06, 0x00,
    0x0A, 0x00, 0x00, 0x06, 0x06, 0x06, 0x00, 0x00,
    0x0A, 0x0A, 0x06, 0x06, 0x06, 0x00, 0x0A, 0x00,
    0x00, 0x00, 0x06, 0x06, 0x00, 0x0A, 0x0A, 0x00,
    0x06, 0x06, 0x06, 0x00, 0x0A, 0x0A, 0x00, 0x00,

    // Tile 616 (8,19)
    0x00, 0x00, 0x06, 0x0D, 0x00, 0x0D, 0x00, 0x0D,
    0x00, 0x00, 0x06, 0x06, 0x06, 0x06, 0x06, 0x06,
    0x00, 0x00, 0x06, 0x00, 0x00, 0x06, 0x06, 0x06,
    0x00, 0x00, 0x06, 0x00, 0x00, 0x06, 0x06, 0x00,
    0x00, 0x00, 0x00, 0x06, 0x06, 0x06, 0x06, 0x00,
    0x00, 0x00, 0x00, 0x00, 0x00, 0x00, 0x0B, 0x00,
    0x00, 0x00, 0x00, 0x06, 0x06, 0x06, 0x00, 0x0B,
    0x00, 0x00, 0x00, 0x00, 0x06, 0x06, 0x06, 0x00,

    0x06, 0x06, 0x06, 0x06, 0x0B, 0x0B, 0x0B, 0x06,
    0x06, 0x06, 0x06, 0x00, 0x0B, 0x0B, 0x06, 0x00,
    0x00, 0x00, 0x00, 0x06, 0x0B, 0x0B, 0x00, 0x00,
    0x06, 0x06, 0x06, 0x00, 0x0B, 0x0B, 0x0B, 0x00,
    0x06, 0x00, 0x00, 0x0B, 0x0B, 0x0B, 0x0B, 0x00,
    0x06, 0x06, 0x0B, 0x0B, 0x0B, 0x0B, 0x00, 0x00,
    0x00, 0x00, 0x0B, 0x0B, 0x00, 0x00, 0x06, 0x00,
    0x0B, 0x0B, 0x0B, 0x00, 0x06, 0x06, 0x00, 0x00,

    0x00, 0x00, 0x00, 0x00, 0x0D, 0x00, 0x00, 0x00,
    0x00, 0x00, 0x0D, 0x0D, 0x0D, 0x0D, 0x0D, 0x0D,
    0x00, 0x00, 0x0D, 0x0D, 0x00, 0x0D, 0x0D, 0x0D,
    0x00, 0x00, 0x0D, 0x0D, 0x0D, 0x0D, 0x0D, 0x00,
    0x00, 0x00, 0x00, 0x00, 0x0D, 0x06, 0x00, 0x0B,
    0x00, 0x00, 0x0D, 0x0D, 0x00, 0x00, 0x06, 0x00,
    0x00, 0x0D, 0x0D, 0x0D, 0x0D, 0x0D, 0x00, 0x06,
    0x00, 0x00, 0x0D, 0x0D, 0x0D, 0x0D, 0x0D, 0x00,

    0x0D, 0x00, 0x0D, 0x0D, 0x06, 0x06, 0x00, 0x0B,
    0x0D, 0x0D, 0x0D, 0x00, 0x06, 0x06, 0x0B, 0x00,
    0x00, 0x00, 0x00, 0x0B, 0x06, 0x06, 0x00, 0x00,
    0x0B, 0x0B, 0x0B, 0x00, 0x06, 0x06, 0x06, 0x00,
    0x0B, 0x00, 0x00, 0x06, 0x06, 0x06, 0x00, 0x00,
    0x0B, 0x0B, 0x00, 0x06, 0x06, 0x00, 0x0D, 0x00,
    0x00, 0x00, 0x06, 0x06, 0x00, 0x0D, 0x0D, 0x00,
    0x06, 0x06, 0x06, 0x00, 0x0D, 0x0D, 0x00, 0x00,

    // Tile 620 (12,19)
    0x07, 0x00, 0x07, 0x07, 0x00, 0x0A, 0x0F, 0x0F,
    0x07, 0x07, 0x00, 0x07, 0x07, 0x07, 0x0A, 0x0A,
    0x00, 0x07, 0x00, 0x07, 0x07, 0x00, 0x00, 0x00,
    0x00, 0x07, 0x00, 0x07, 0x07, 0x07, 0x0A, 0x0A,
    0x00, 0x00, 0x07, 0x00, 0x07, 0x07, 0x07, 0x07,
    0x00, 0x00, 0x07, 0x07, 0x00, 0x07, 0x07, 0x07,
    0x00, 0x00, 0x00, 0x07, 0x07, 0x00, 0x00, 0x00,
    0x00, 0x00, 0x00, 0x00, 0x00, 0x07, 0x07, 0x07,

    0x0A, 0x0A, 0x0A, 0x0A, 0x00, 0x07, 0x00, 0x00,
    0x00, 0x0A, 0x0A, 0x00, 0x07, 0x07, 0x00, 0x00,
    0x0A, 0x00, 0x07, 0x00, 0x07, 0x00, 0x00, 0x00,
    0x00, 0x0F, 0x07, 0x00, 0x07, 0x00, 0x00, 0x00,
    0x0A, 0x07, 0x00, 0x07, 0x00, 0x00, 0x00, 0x00,
    0x07, 0x00, 0x07, 0x07, 0x00, 0x00, 0x00, 0x00,
    0x00, 0x07, 0x07, 0x00, 0x00, 0x00, 0x00, 0x00,
    0x07, 0x00, 0x00, 0x00, 0x00, 0x00, 0x00, 0x00,

    0x00, 0x07, 0x00, 0x0A, 0x0A, 0x0A, 0x0A, 0x0F,
    0x00, 0x07, 0x07, 0x00, 0x0A, 0x0A, 0x00, 0x0A,
    0x00, 0x00, 0x07, 0x00, 0x07, 0x00, 0x0A, 0x00,
    0x00, 0x00, 0x07, 0x00, 0x07, 0x0F, 0x00, 0x0A,
    0x00, 0x00, 0x00, 0x07, 0x00, 0x07, 0x0A, 0x07,
    0x00, 0x00, 0x00, 0x07, 0x07, 0x00, 0x07, 0x07,
    0x00, 0x00, 0x00, 0x00, 0x07, 0x07, 0x00, 0x00,
    0x00, 0x00, 0x00, 0x00, 0x00, 0x00, 0x07, 0x07,

    0x0F, 0x0A, 0x00, 0x07, 0x07, 0x00, 0x07, 0x00,
    0x0A, 0x07, 0x07, 0x07, 0x00, 0x07, 0x07, 0x00,
    0x00, 0x00, 0x07, 0x07, 0x00, 0x07, 0x00, 0x00,
    0x0A, 0x07, 0x07, 0x07, 0x00, 0x07, 0x00, 0x00,
    0x07, 0x07, 0x07, 0x00, 0x07, 0x00, 0x00, 0x00,
    0x07, 0x07, 0x00, 0x07, 0x07, 0x00, 0x00, 0x00,
    0x00, 0x00, 0x07, 0x07, 0x00, 0x00, 0x00, 0x00,
    0x07, 0x07, 0x00, 0x00, 0x00, 0x00, 0x00, 0x00,

    // Tile 624 (16,19)
    0x00, 0x0A, 0x00, 0x0A, 0x0A, 0x00, 0x0B, 0x0F,
    0x00, 0x0A, 0x0A, 0x00, 0x0A, 0x0A, 0x0A, 0x0B,
    0x00, 0x00, 0x0A, 0x00, 0x0A, 0x0A, 0x00, 0x00,
    0x00, 0x00, 0x0A, 0x00, 0x0A, 0x0A, 0x0A, 0x0B,
    0x00, 0x00, 0x00, 0x0A, 0x00, 0x0A, 0x0A, 0x0A,
    0x00, 0x00, 0x00, 0x0A, 0x0A, 0x00, 0x0A, 0x0A,
    0x00, 0x00, 0x00, 0x00, 0x0A, 0x0A, 0x00, 0x00,
    0x00, 0x00, 0x00, 0x00, 0x00, 0x00, 0x0A, 0x0A,

    0x0F, 0x0B, 0x0B, 0x0B, 0x0B, 0x00, 0x0A, 0x00,
    0x0B, 0x00, 0x0B, 0x0B, 0x00, 0x0A, 0x0A, 0x00,
    0x00, 0x0B, 0x00, 0x0A, 0x00, 0x0A, 0x00, 0x00,
    0x0B, 0x00, 0x0F, 0x0A, 0x00, 0x0A, 0x00, 0x00,
    0x0A, 0x0B, 0x0A, 0x00, 0x0A, 0x00, 0x00, 0x00,
    0x0A, 0x0A, 0x00, 0x0A, 0x0A, 0x00, 0x00, 0x00,
    0x00, 0x00, 0x0A, 0x0A, 0x00, 0x00, 0x00, 0x00,
    0x0A, 0x0A, 0x00, 0x00, 0x00, 0x00, 0x00, 0x00,

    0x00, 0x0A, 0x00, 0x0B, 0x0B, 0x0B, 0x0B, 0x0F,
    0x00, 0x0A, 0x0A, 0x00, 0x0B, 0x0B, 0x00, 0x0B,
    0x00, 0x00, 0x0A, 0x00, 0x0A, 0x00, 0x0B, 0x00,
    0x00, 0x00, 0x0A, 0x00, 0x0A, 0x0F, 0x00, 0x0B,
    0x00, 0x00, 0x00, 0x0A, 0x00, 0x0A, 0x0B, 0x0A,
    0x00, 0x00, 0x00, 0x0A, 0x0A, 0x00, 0x0A, 0x0A,
    0x00, 0x00, 0x00, 0x00, 0x0A, 0x0A, 0x00, 0x00,
    0x00, 0x00, 0x00, 0x00, 0x00, 0x00, 0x0A, 0x0A,

    0x0F, 0x0B, 0x00, 0x0A, 0x0A, 0x00, 0x0A, 0x00,
    0x0B, 0x0A, 0x0A, 0x0A, 0x00, 0x0A, 0x0A, 0x00,
    0x00, 0x00, 0x0A, 0x0A, 0x00, 0x0A, 0x00, 0x00,
    0x0B, 0x0A, 0x0A, 0x0A, 0x00, 0x0A, 0x00, 0x00,
    0x0A, 0x0A, 0x0A, 0x00, 0x0A, 0x00, 0x00, 0x00,
    0x0A, 0x0A, 0x00, 0x0A, 0x0A, 0x00, 0x00, 0x00,
    0x00, 0x00, 0x0A, 0x0A, 0x00, 0x00, 0x00, 0x00,
    0x0A, 0x0A, 0x00, 0x00, 0x00, 0x00, 0x00, 0x00,

    // Tile 628 (20,19)
    0x00, 0x06, 0x00, 0x06, 0x06, 0x00, 0x0A, 0x0F,
    0x00, 0x06, 0x06, 0x00, 0x06, 0x06, 0x06, 0x0A,
    0x00, 0x00, 0x06, 0x00, 0x06, 0x06, 0x00, 0x00,
    0x00, 0x00, 0x06, 0x00, 0x06, 0x06, 0x06, 0x0A,
    0x00, 0x00, 0x00, 0x06, 0x00, 0x06, 0x06, 0x06,
    0x00, 0x00, 0x00, 0x06, 0x06, 0x00, 0x06, 0x06,
    0x00, 0x00, 0x00, 0x00, 0x06, 0x06, 0x00, 0x00,
    0x00, 0x00, 0x00, 0x00, 0x00, 0x00, 0x06, 0x06,

    0x0F, 0x0A, 0x0A, 0x0A, 0x0A, 0x00, 0x06, 0x00,
    0x0A, 0x00, 0x0A, 0x0A, 0x00, 0x06, 0x06, 0x00,
    0x00, 0x0A, 0x00, 0x06, 0x00, 0x06, 0x00, 0x00,
    0x0A, 0x00, 0x0F, 0x06, 0x00, 0x06, 0x00, 0x00,
    0x06, 0x0A, 0x06, 0x00, 0x06, 0x00, 0x00, 0x00,
    0x06, 0x06, 0x00, 0x06, 0x06, 0x00, 0x00, 0x00,
    0x00, 0x00, 0x06, 0x06, 0x00, 0x00, 0x00, 0x00,
    0x06, 0x06, 0x00, 0x00, 0x00, 0x00, 0x00, 0x00,

    0x00, 0x06, 0x00, 0x0A, 0x0A, 0x0A, 0x0A, 0x0F,
    0x00, 0x06, 0x06, 0x00, 0x0A, 0x0A, 0x00, 0x0A,
    0x00, 0x00, 0x06, 0x00, 0x06, 0x00, 0x0A, 0x00,
    0x00, 0x00, 0x06, 0x00, 0x06, 0x0F, 0x00, 0x0A,
    0x00, 0x00, 0x00, 0x06, 0x00, 0x06, 0x0A, 0x06,
    0x00, 0x00, 0x00, 0x06, 0x06, 0x00, 0x06, 0x06,
    0x00, 0x00, 0x00, 0x00, 0x06, 0x06, 0x00, 0x00,
    0x00, 0x00, 0x00, 0x00, 0x00, 0x00, 0x06, 0x06,

    0x0F, 0x0A, 0x00, 0x06, 0x06, 0x00, 0x06, 0x00,
    0x0A, 0x06, 0x06, 0x06, 0x00, 0x06, 0x06, 0x00,
    0x00, 0x00, 0x06, 0x06, 0x00, 0x06, 0x00, 0x00,
    0x0A, 0x06, 0x06, 0x06, 0x00, 0x06, 0x00, 0x00,
    0x06, 0x06, 0x06, 0x00, 0x06, 0x00, 0x00, 0x00,
    0x06, 0x06, 0x00, 0x06, 0x06, 0x00, 0x00, 0x00,
    0x00, 0x00, 0x06, 0x06, 0x00, 0x00, 0x00, 0x00,
    0x06, 0x06, 0x00, 0x00, 0x00, 0x00, 0x00, 0x00,

    // Tile 632 (24,19)
    0x00, 0x00, 0x00, 0x00, 0x0D, 0x00, 0x00, 0x00,
    0x00, 0x00, 0x0D, 0x0D, 0x0D, 0x0D, 0x0D, 0x0D,
    0x00, 0x00, 0x0D, 0x0D, 0x00, 0x0D, 0x0D, 0x0D,
    0x00, 0x00, 0x0D, 0x0D, 0x0D, 0x0D, 0x0D, 0x00,
    0x00, 0x00, 0x00, 0x00, 0x0D, 0x06, 0x00, 0x0B,
    0x00, 0x00, 0x0D, 0x0D, 0x00, 0x00, 0x06, 0x00,
    0x00, 0x0D, 0x0D, 0x0D, 0x0D, 0x0D, 0x00, 0x06,
    0x00, 0x00, 0x0D, 0x0D, 0x0D, 0x0D, 0x0D, 0x00,

    0x0D, 0x00, 0x0D, 0x0D, 0x06, 0x06, 0x00, 0x0B,
    0x0D, 0x0D, 0x0D, 0x00, 0x06, 0x06, 0x0B, 0x00,
    0x00, 0x00, 0x00, 0x0B, 0x06, 0x06, 0x00, 0x00,
    0x0B, 0x0B, 0x0B, 0x00, 0x06, 0x06, 0x06, 0x00,
    0x0B, 0x00, 0x00, 0x06, 0x06, 0x06, 0x00, 0x00,
    0x0B, 0x0B, 0x00, 0x06, 0x06, 0x00, 0x0D, 0x00,
    0x00, 0x00, 0x06, 0x06, 0x00, 0x0D, 0x0D, 0x00,
    0x06, 0x06, 0x06, 0x00, 0x0D, 0x0D, 0x00, 0x00,

    0x00, 0x00, 0x0B, 0x0B, 0x0B, 0x00, 0x0D, 0x0D,
    0x00, 0x00, 0x0B, 0x00, 0x0B, 0x00, 0x0D, 0x00,
    0x06, 0x06, 0x00, 0x00, 0x0B, 0x00, 0x0D, 0x0D,
    0x00, 0x06, 0x06, 0x06, 0x00, 0x0B, 0x00, 0x0D,
    0x0D, 0x00, 0x06, 0x06, 0x06, 0x06, 0x06, 0x06,
    0x0D, 0x0D, 0x00, 0x06, 0x06, 0x06, 0x06, 0x06,
    0x00, 0x0D, 0x0D, 0x00, 0x06, 0x00, 0x0B, 0x00,
    0x00, 0x00, 0x00, 0x00, 0x00, 0x00, 0x00, 0x0B,

    0x0D, 0x00, 0x0D, 0x0D, 0x00, 0x06, 0x06, 0x06,
    0x0D, 0x00, 0x0D, 0x00, 0x06, 0x06, 0x06, 0x06,
    0x00, 0x00, 0x00, 0x06, 0x06, 0x06, 0x06, 0x06,
    0x06, 0x06, 0x06, 0x06, 0x06, 0x06, 0x06, 0x06,
    0x06, 0x06, 0x06, 0x06, 0x06, 0x06, 0x06, 0x06,
    0x06, 0x06, 0x06, 0x06, 0x06, 0x06, 0x06, 0x00,
    0x00, 0x00, 0x06, 0x06, 0x06, 0x06, 0x00, 0x00,
    0x00, 0x00, 0x00, 0x00, 0x06, 0x00, 0x00, 0x00,

    // Tile 636 (28,19)
    0x00, 0x00, 0x06, 0x06, 0x06, 0x00, 0x0D, 0x0D,
    0x00, 0x00, 0x06, 0x06, 0x06, 0x00, 0x00, 0x00,
    0x00, 0x06, 0x06, 0x06, 0x06, 0x00, 0x0D, 0x0D,
    0x00, 0x06, 0x06, 0x06, 0x06, 0x06, 0x00, 0x0D,
    0x06, 0x06, 0x06, 0x06, 0x06, 0x06, 0x06, 0x00,
    0x00, 0x06, 0x06, 0x06, 0x06, 0x06, 0x06, 0x06,
    0x00, 0x00, 0x06, 0x06, 0x06, 0x06, 0x06, 0x06,
    0x00, 0x00, 0x00, 0x06, 0x06, 0x06, 0x06, 0x06,

    0x00, 0x0D, 0x00, 0x0D, 0x0D, 0x06, 0x00, 0x00,
    0x00, 0x00, 0x00, 0x00, 0x00, 0x06, 0x00, 0x00,
    0x00, 0x0D, 0x00, 0x0D, 0x0D, 0x06, 0x00, 0x00,
    0x0D, 0x00, 0x0D, 0x0D, 0x00, 0x06, 0x00, 0x00,
    0x00, 0x00, 0x00, 0x00, 0x06, 0x06, 0x00, 0x00,
    0x06, 0x06, 0x06, 0x06, 0x06, 0x00, 0x00, 0x00,
    0x06, 0x06, 0x06, 0x00, 0x00, 0x00, 0x00, 0x00,
    0x06, 0x06, 0x00, 0x00, 0x00, 0x00, 0x00, 0x00,

    0x06, 0x06, 0x06, 0x00, 0x0D, 0x00, 0x00, 0x00,
    0x06, 0x06, 0x06, 0x00, 0x00, 0x0D, 0x00, 0x0D,
    0x00, 0x06, 0x06, 0x00, 0x0D, 0x00, 0x00, 0x00,
    0x00, 0x00, 0x06, 0x00, 0x0D, 0x0D, 0x00, 0x0D,
    0x00, 0x00, 0x06, 0x06, 0x00, 0x0D, 0x00, 0x0D,
    0x00, 0x00, 0x00, 0x06, 0x06, 0x06, 0x06, 0x06,
    0x00, 0x00, 0x00, 0x00, 0x00, 0x00, 0x00, 0x00,
    0x00, 0x00, 0x00, 0x00, 0x00, 0x00, 0x00, 0x00,

    0x00, 0x0D, 0x0D, 0x00, 0x0B, 0x00, 0x06, 0x00,
    0x00, 0x0D, 0x0D, 0x0D, 0x00, 0x06, 0x00, 0x0D,
    0x00, 0x0D, 0x0D, 0x0D, 0x06, 0x00, 0x0D, 0x0D,
    0x0D, 0x0D, 0x00, 0x0D, 0x0D, 0x00, 0x0D, 0x0D,
    0x00, 0x0D, 0x0D, 0x0D, 0x00, 0x0D, 0x0D, 0x0D,
    0x00, 0x0D, 0x0D, 0x0D, 0x00, 0x0D, 0x0D, 0x0D,
    0x00, 0x00, 0x00, 0x00, 0x00, 0x00, 0x0D, 0x00,
    0x00, 0x00, 0x00, 0x00, 0x00, 0x00, 0x00, 0x00,

    // Tile 640 (0,20)
    0x00, 0x00, 0x00, 0x00, 0x00, 0x00, 0x00, 0x00,
    0x00, 0x00, 0x00, 0x00, 0x00, 0x00, 0x00, 0x0D,
    0x00, 0x00, 0x00, 0x00, 0x00, 0x00, 0x00, 0x0B,
    0x00, 0x00, 0x00, 0x00, 0x00, 0x00, 0x00, 0x0B,
    0x00, 0x00, 0x00, 0x00, 0x00, 0x00, 0x00, 0x0B,
    0x00, 0x00, 0x00, 0x00, 0x00, 0x00, 0x0B, 0x0B,
    0x00, 0x00, 0x00, 0x00, 0x00, 0x0B, 0x0B, 0x0B,
    0x00, 0x00, 0x00, 0x00, 0x0B, 0x0B, 0x0B, 0x0B,

    0x00, 0x00, 0x00, 0x00, 0x00, 0x00, 0x00, 0x00,
    0x0D, 0x00, 0x00, 0x00, 0x00, 0x00, 0x00, 0x00,
    0x0B, 0x00, 0x00, 0x00, 0x00, 0x00, 0x00, 0x00,
    0x0B, 0x00, 0x00, 0x00, 0x00, 0x00, 0x00, 0x00,
    0x0B, 0x00, 0x00, 0x00, 0x00, 0x00, 0x00, 0x00,
    0x0B, 0x0B, 0x00, 0x00, 0x00, 0x00, 0x00, 0x00,
    0x0B, 0x0B, 0x0B, 0x00, 0x00, 0x00, 0x00, 0x00,
    0x0B, 0x0B, 0x0B, 0x0B, 0x00, 0x00, 0x00, 0x00,

    0x00, 0x00, 0x00, 0x00, 0x00, 0x00, 0x00, 0x00,
    0x00, 0x00, 0x00, 0x00, 0x00, 0x00, 0x00, 0x00,
    0x00, 0x00, 0x00, 0x00, 0x00, 0x00, 0x00, 0x00,
    0x00, 0x00, 0x00, 0x00, 0x00, 0x00, 0x00, 0x0B,
    0x00, 0x00, 0x00, 0x00, 0x00, 0x00, 0x0B, 0x0B,
    0x00, 0x00, 0x00, 0x00, 0x00, 0x0B, 0x0B, 0x0B,
    0x00, 0x00, 0x00, 0x00, 0x00, 0x0B, 0x0B, 0x06,
    0x00, 0x0D, 0x0B, 0x0B, 0x0B, 0x0B, 0x0B, 0x06,

    0x00, 0x00, 0x00, 0x00, 0x00, 0x00, 0x00, 0x00,
    0x00, 0x00, 0x00, 0x00, 0x00, 0x00, 0x00, 0x00,
    0x00, 0x00, 0x00, 0x00, 0x00, 0x00, 0x00, 0x00,
    0x0B, 0x0B, 0x0B, 0x0B, 0x0B, 0x00, 0x00, 0x00,
    0x0B, 0x0B, 0x0B, 0x0B, 0x0B, 0x0B, 0x00, 0x00,
    0x06, 0x06, 0x06, 0x06, 0x0B, 0x0B, 0x00, 0x00,
    0x06, 0x06, 0x06, 0x06, 0x06, 0x0B, 0x00, 0x00,
    0x06, 0x06, 0x06, 0x06, 0x06, 0x0B, 0x00, 0x00,

    // Tile 644 (4,20)
    0x00, 0x00, 0x00, 0x00, 0x00, 0x00, 0x00, 0x00,
    0x00, 0x00, 0x00, 0x00, 0x00, 0x0B, 0x0B, 0x0B,
    0x00, 0x00, 0x00, 0x00, 0x0B, 0x0B, 0x06, 0x06,
    0x00, 0x00, 0x00, 0x00, 0x0B, 0x06, 0x06, 0x06,
    0x00, 0x00, 0x00, 0x00, 0x0B, 0x06, 0x06, 0x06,
    0x00, 0x00, 0x00, 0x00, 0x0B, 0x06, 0x06, 0x06,
    0x00, 0x00, 0x00, 0x00, 0x0B, 0x06, 0x06, 0x06,
    0x00, 0x00, 0x00, 0x00, 0x0B, 0x0B, 0x06, 0x06,

    0x00, 0x00, 0x00, 0x00, 0x00, 0x00, 0x00, 0x00,
    0x0B, 0x0B, 0x0B, 0x00, 0x00, 0x00, 0x00, 0x00,
    0x06, 0x06, 0x0B, 0x0B, 0x00, 0x00, 0x00, 0x00,
    0x06, 0x06, 0x06, 0x0B, 0x00, 0x00, 0x00, 0x00,
    0x06, 0x06, 0x06, 0x0B, 0x00, 0x00, 0x00, 0x00,
    0x06, 0x06, 0x06, 0x0B, 0x00, 0x00, 0x00, 0x00,
    0x06, 0x06, 0x06, 0x0B, 0x00, 0x00, 0x00, 0x00,
    0x06, 0x06, 0x0B, 0x0B, 0x00, 0x00, 0x00, 0x00,

    0x00, 0x00, 0x00, 0x00, 0x00, 0x00, 0x00, 0x00,
    0x00, 0x00, 0x00, 0x00, 0x00, 0x00, 0x00, 0x00,
    0x00, 0x00, 0x00, 0x00, 0x00, 0x00, 0x00, 0x00,
    0x00, 0x00, 0x00, 0x0B, 0x0B, 0x0B, 0x0B, 0x0B,
    0x00, 0x00, 0x0B, 0x0B, 0x0B, 0x0B, 0x0B, 0x0B,
    0x00, 0x00, 0x0B, 0x0B, 0x06, 0x06, 0x06, 0x06,
    0x00, 0x00, 0x0B, 0x06, 0x06, 0x06, 0x06, 0x06,
    0x00, 0x00, 0x0B, 0x06, 0x06, 0x06, 0x06, 0x06,

    0x00, 0x00, 0x00, 0x00, 0x00, 0x00, 0x00, 0x00,
    0x00, 0x00, 0x00, 0x00, 0x00, 0x00, 0x00, 0x00,
    0x00, 0x00, 0x00, 0x00, 0x00, 0x00, 0x00, 0x00,
    0x0B, 0x00, 0x00, 0x00, 0x00, 0x00, 0x00, 0x00,
    0x0B, 0x0B, 0x00, 0x00, 0x00, 0x00, 0x00, 0x00,
    0x0B, 0x0B, 0x0B, 0x00, 0x00, 0x00, 0x00, 0x00,
    0x06, 0x0B, 0x0B, 0x00, 0x00, 0x00, 0x00, 0x00,
    0x06, 0x0B, 0x0B, 0x0B, 0x0B, 0x0B, 0x0D, 0x00,

    // Tile 648 (8,20)
    0x00, 0x00, 0x00, 0x00, 0x00, 0x00, 0x00, 0x00,
    0x00, 0x00, 0x00, 0x00, 0x00, 0x00, 0x00, 0x00,
    0x00, 0x00, 0x00, 0x00, 0x00, 0x00, 0x00, 0x00,
    0x00, 0x00, 0x00, 0x00, 0x00, 0x00, 0x00, 0x00,
    0x00, 0x00, 0x00, 0x00, 0x00, 0x00, 0x00, 0x00,
    0x00, 0x00, 0x00, 0x00, 0x00, 0x00, 0x00, 0x00,
    0x00, 0x00, 0x00, 0x00, 0x00, 0x00, 0x00, 0x00,
    0x00, 0x00, 0x00, 0x00, 0x00, 0x00, 0x00, 0x00,

    0x00, 0x00, 0x00, 0x00, 0x00, 0x00, 0x00, 0x00,
    0x00, 0x00, 0x00, 0x00, 0x00, 0x00, 0x00, 0x00,
    0x00, 0x00, 0x00, 0x00, 0x00, 0x00, 0x00, 0x00,
    0x00, 0x00, 0x00, 0x00, 0x00, 0x00, 0x00, 0x00,
    0x00, 0x00, 0x00, 0x00, 0x00, 0x00, 0x00, 0x00,
    0x00, 0x00, 0x00, 0x00, 0x00, 0x00, 0x00, 0x00,
    0x00, 0x00, 0x00, 0x00, 0x00, 0x00, 0x00, 0x00,
    0x00, 0x00, 0x00, 0x00, 0x00, 0x00, 0x00, 0x00,

    0x00, 0x00, 0x00, 0x00, 0x00, 0x00, 0x00, 0x00,
    0x00, 0x00, 0x00, 0x00, 0x00, 0x00, 0x00, 0x00,
    0x00, 0x00, 0x00, 0x00, 0x00, 0x00, 0x00, 0x00,
    0x00, 0x00, 0x00, 0x00, 0x00, 0x00, 0x00, 0x00,
    0x00, 0x00, 0x00, 0x00, 0x00, 0x00, 0x00, 0x00,
    0x00, 0x00, 0x00, 0x00, 0x00, 0x00, 0x00, 0x00,
    0x00, 0x00, 0x00, 0x00, 0x00, 0x00, 0x00, 0x00,
    0x00, 0x00, 0x00, 0x00, 0x00, 0x00, 0x00, 0x00,

    0x00, 0x00, 0x00, 0x00, 0x00, 0x00, 0x00, 0x00,
    0x00, 0x00, 0x00, 0x00, 0x00, 0x00, 0x00, 0x00,
    0x00, 0x00, 0x00, 0x00, 0x00, 0x00, 0x00, 0x00,
    0x00, 0x00, 0x00, 0x00, 0x00, 0x00, 0x00, 0x00,
    0x00, 0x00, 0x00, 0x00, 0x00, 0x00, 0x00, 0x00,
    0x00, 0x00, 0x00, 0x00, 0x00, 0x00, 0x00, 0x00,
    0x00, 0x00, 0x00, 0x00, 0x00, 0x00, 0x00, 0x00,
    0x00, 0x00, 0x00, 0x00, 0x00, 0x00, 0x00, 0x00,

    // Tile 652 (12,20)
    0x00, 0x00, 0x00, 0x00, 0x00, 0x00, 0x00, 0x00,
    0x00, 0x00, 0x00, 0x00, 0x00, 0x00, 0x00, 0x00,
    0x00, 0x00, 0x00, 0x00, 0x00, 0x00, 0x00, 0x00,
    0x00, 0x00, 0x00, 0x00, 0x00, 0x00, 0x00, 0x00,
    0x00, 0x00, 0x00, 0x00, 0x00, 0x00, 0x00, 0x00,
    0x00, 0x00, 0x00, 0x00, 0x00, 0x00, 0x00, 0x00,
    0x00, 0x00, 0x00, 0x00, 0x00, 0x00, 0x00, 0x00,
    0x00, 0x00, 0x00, 0x00, 0x00, 0x00, 0x00, 0x00,

    0x00, 0x00, 0x00, 0x00, 0x00, 0x00, 0x00, 0x00,
    0x00, 0x00, 0x00, 0x00, 0x00, 0x00, 0x00, 0x00,
    0x00, 0x00, 0x00, 0x00, 0x00, 0x00, 0x00, 0x00,
    0x00, 0x00, 0x00, 0x00, 0x00, 0x00, 0x00, 0x00,
    0x00, 0x00, 0x00, 0x00, 0x00, 0x00, 0x00, 0x00,
    0x00, 0x00, 0x00, 0x00, 0x00, 0x00, 0x00, 0x00,
    0x00, 0x00, 0x00, 0x00, 0x00, 0x00, 0x00, 0x00,
    0x00, 0x00, 0x00, 0x00, 0x00, 0x00, 0x00, 0x00,

    0x00, 0x00, 0x00, 0x00, 0x00, 0x00, 0x00, 0x00,
    0x00, 0x00, 0x00, 0x00, 0x00, 0x00, 0x00, 0x00,
    0x00, 0x00, 0x00, 0x00, 0x00, 0x00, 0x00, 0x00,
    0x00, 0x00, 0x00, 0x00, 0x00, 0x00, 0x00, 0x00,
    0x00, 0x00, 0x00, 0x00, 0x00, 0x00, 0x00, 0x00,
    0x00, 0x00, 0x00, 0x00, 0x00, 0x00, 0x00, 0x00,
    0x00, 0x00, 0x00, 0x00, 0x00, 0x00, 0x00, 0x00,
    0x00, 0x00, 0x00, 0x00, 0x00, 0x00, 0x00, 0x00,

    0x00, 0x00, 0x00, 0x00, 0x00, 0x00, 0x00, 0x00,
    0x00, 0x00, 0x00, 0x00, 0x00, 0x00, 0x00, 0x00,
    0x00, 0x00, 0x00, 0x00, 0x00, 0x00, 0x00, 0x00,
    0x00, 0x00, 0x00, 0x00, 0x00, 0x00, 0x00, 0x00,
    0x00, 0x00, 0x00, 0x00, 0x00, 0x00, 0x00, 0x00,
    0x00, 0x00, 0x00, 0x00, 0x00, 0x00, 0x00, 0x00,
    0x00, 0x00, 0x00, 0x00, 0x00, 0x00, 0x00, 0x00,
    0x00, 0x00, 0x00, 0x00, 0x00, 0x00, 0x00, 0x00,

    // Tile 656 (16,20)
    0x00, 0x00, 0x00, 0x00, 0x00, 0x00, 0x00, 0x00,
    0x00, 0x00, 0x00, 0x00, 0x00, 0x00, 0x00, 0x00,
    0x00, 0x00, 0x00, 0x00, 0x00, 0x00, 0x00, 0x00,
    0x00, 0x00, 0x00, 0x00, 0x00, 0x00, 0x00, 0x00,
    0x00, 0x00, 0x00, 0x00, 0x00, 0x00, 0x00, 0x00,
    0x00, 0x00, 0x00, 0x00, 0x00, 0x00, 0x00, 0x00,
    0x00, 0x00, 0x00, 0x00, 0x00, 0x00, 0x00, 0x00,
    0x00, 0x00, 0x00, 0x00, 0x00, 0x00, 0x00, 0x00,

    0x00, 0x00, 0x00, 0x00, 0x00, 0x00, 0x00, 0x00,
    0x00, 0x00, 0x00, 0x00, 0x00, 0x00, 0x00, 0x00,
    0x00, 0x00, 0x00, 0x00, 0x00, 0x00, 0x00, 0x00,
    0x00, 0x00, 0x00, 0x00, 0x00, 0x00, 0x00, 0x00,
    0x00, 0x00, 0x00, 0x00, 0x00, 0x00, 0x00, 0x00,
    0x00, 0x00, 0x00, 0x00, 0x00, 0x00, 0x00, 0x00,
    0x00, 0x00, 0x00, 0x00, 0x00, 0x00, 0x00, 0x00,
    0x00, 0x00, 0x00, 0x00, 0x00, 0x00, 0x00, 0x00,

    0x00, 0x00, 0x00, 0x00, 0x00, 0x00, 0x00, 0x00,
    0x00, 0x00, 0x00, 0x00, 0x00, 0x00, 0x00, 0x00,
    0x00, 0x00, 0x00, 0x00, 0x00, 0x00, 0x00, 0x00,
    0x00, 0x00, 0x00, 0x00, 0x00, 0x00, 0x00, 0x00,
    0x00, 0x00, 0x00, 0x00, 0x00, 0x00, 0x00, 0x00,
    0x00, 0x00, 0x00, 0x00, 0x00, 0x00, 0x00, 0x00,
    0x00, 0x00, 0x00, 0x00, 0x00, 0x00, 0x00, 0x00,
    0x00, 0x00, 0x00, 0x00, 0x00, 0x00, 0x00, 0x00,

    0x00, 0x00, 0x00, 0x00, 0x00, 0x00, 0x00, 0x00,
    0x00, 0x00, 0x00, 0x00, 0x00, 0x00, 0x00, 0x00,
    0x00, 0x00, 0x00, 0x00, 0x00, 0x00, 0x00, 0x00,
    0x00, 0x00, 0x00, 0x00, 0x00, 0x00, 0x00, 0x00,
    0x00, 0x00, 0x00, 0x00, 0x00, 0x00, 0x00, 0x00,
    0x00, 0x00, 0x00, 0x00, 0x00, 0x00, 0x00, 0x00,
    0x00, 0x00, 0x00, 0x00, 0x00, 0x00, 0x00, 0x00,
    0x00, 0x00, 0x00, 0x00, 0x00, 0x00, 0x00, 0x00,

    // Tile 660 (20,20)
    0x00, 0x00, 0x00, 0x00, 0x00, 0x00, 0x00, 0x00,
    0x00, 0x00, 0x00, 0x00, 0x00, 0x00, 0x00, 0x00,
    0x00, 0x00, 0x00, 0x00, 0x00, 0x00, 0x00, 0x00,
    0x00, 0x00, 0x00, 0x00, 0x00, 0x00, 0x00, 0x00,
    0x00, 0x00, 0x00, 0x00, 0x00, 0x00, 0x00, 0x00,
    0x00, 0x00, 0x00, 0x00, 0x00, 0x00, 0x00, 0x00,
    0x00, 0x00, 0x00, 0x00, 0x00, 0x00, 0x00, 0x00,
    0x00, 0x00, 0x00, 0x00, 0x00, 0x00, 0x00, 0x00,

    0x00, 0x00, 0x00, 0x00, 0x00, 0x00, 0x00, 0x00,
    0x00, 0x00, 0x00, 0x00, 0x00, 0x00, 0x00, 0x00,
    0x00, 0x00, 0x00, 0x00, 0x00, 0x00, 0x00, 0x00,
    0x00, 0x00, 0x00, 0x00, 0x00, 0x00, 0x00, 0x00,
    0x00, 0x00, 0x00, 0x00, 0x00, 0x00, 0x00, 0x00,
    0x00, 0x00, 0x00, 0x00, 0x00, 0x00, 0x00, 0x00,
    0x00, 0x00, 0x00, 0x00, 0x00, 0x00, 0x00, 0x00,
    0x00, 0x00, 0x00, 0x00, 0x00, 0x00, 0x00, 0x00,

    0x00, 0x00, 0x00, 0x00, 0x00, 0x00, 0x00, 0x00,
    0x00, 0x00, 0x00, 0x00, 0x00, 0x00, 0x00, 0x00,
    0x00, 0x00, 0x00, 0x00, 0x00, 0x00, 0x00, 0x00,
    0x00, 0x00, 0x00, 0x00, 0x00, 0x00, 0x00, 0x00,
    0x00, 0x00, 0x00, 0x00, 0x00, 0x00, 0x00, 0x00,
    0x00, 0x00, 0x00, 0x00, 0x00, 0x00, 0x00, 0x00,
    0x00, 0x00, 0x00, 0x00, 0x00, 0x00, 0x00, 0x00,
    0x00, 0x00, 0x00, 0x00, 0x00, 0x00, 0x00, 0x00,

    0x00, 0x00, 0x00, 0x00, 0x00, 0x00, 0x00, 0x00,
    0x00, 0x00, 0x00, 0x00, 0x00, 0x00, 0x00, 0x00,
    0x00, 0x00, 0x00, 0x00, 0x00, 0x00, 0x00, 0x00,
    0x00, 0x00, 0x00, 0x00, 0x00, 0x00, 0x00, 0x00,
    0x00, 0x00, 0x00, 0x00, 0x00, 0x00, 0x00, 0x00,
    0x00, 0x00, 0x00, 0x00, 0x00, 0x00, 0x00, 0x00,
    0x00, 0x00, 0x00, 0x00, 0x00, 0x00, 0x00, 0x00,
    0x00, 0x00, 0x00, 0x00, 0x00, 0x00, 0x00, 0x00,

    // Tile 664 (24,20)
    0x00, 0x00, 0x00, 0x00, 0x00, 0x00, 0x00, 0x00,
    0x00, 0x00, 0x00, 0x00, 0x00, 0x00, 0x00, 0x00,
    0x00, 0x00, 0x00, 0x00, 0x00, 0x00, 0x00, 0x00,
    0x00, 0x00, 0x00, 0x00, 0x00, 0x00, 0x00, 0x00,
    0x00, 0x00, 0x00, 0x00, 0x00, 0x00, 0x00, 0x00,
    0x00, 0x00, 0x00, 0x00, 0x00, 0x00, 0x00, 0x00,
    0x00, 0x00, 0x00, 0x00, 0x00, 0x00, 0x00, 0x00,
    0x00, 0x00, 0x00, 0x00, 0x00, 0x00, 0x00, 0x00,

    0x00, 0x00, 0x00, 0x00, 0x00, 0x00, 0x00, 0x00,
    0x00, 0x00, 0x00, 0x00, 0x00, 0x00, 0x00, 0x00,
    0x00, 0x00, 0x00, 0x00, 0x00, 0x00, 0x00, 0x00,
    0x00, 0x00, 0x00, 0x00, 0x00, 0x00, 0x00, 0x00,
    0x00, 0x00, 0x00, 0x00, 0x00, 0x00, 0x00, 0x00,
    0x00, 0x00, 0x00, 0x00, 0x00, 0x00, 0x00, 0x00,
    0x00, 0x00, 0x00, 0x00, 0x00, 0x00, 0x00, 0x00,
    0x00, 0x00, 0x00, 0x00, 0x00, 0x00, 0x00, 0x00,

    0x00, 0x00, 0x00, 0x00, 0x00, 0x00, 0x00, 0x00,
    0x00, 0x00, 0x00, 0x00, 0x00, 0x00, 0x00, 0x00,
    0x00, 0x00, 0x00, 0x00, 0x00, 0x00, 0x00, 0x00,
    0x00, 0x00, 0x00, 0x00, 0x00, 0x00, 0x00, 0x00,
    0x00, 0x00, 0x00, 0x00, 0x00, 0x00, 0x00, 0x00,
    0x00, 0x00, 0x00, 0x00, 0x00, 0x00, 0x00, 0x00,
    0x00, 0x00, 0x00, 0x00, 0x00, 0x00, 0x00, 0x00,
    0x00, 0x00, 0x00, 0x00, 0x00, 0x00, 0x00, 0x00,

    0x00, 0x00, 0x00, 0x00, 0x00, 0x00, 0x00, 0x00,
    0x00, 0x00, 0x00, 0x00, 0x00, 0x00, 0x00, 0x00,
    0x00, 0x00, 0x00, 0x00, 0x00, 0x00, 0x00, 0x00,
    0x00, 0x00, 0x00, 0x00, 0x00, 0x00, 0x00, 0x00,
    0x00, 0x00, 0x00, 0x00, 0x00, 0x00, 0x00, 0x00,
    0x00, 0x00, 0x00, 0x00, 0x00, 0x00, 0x00, 0x00,
    0x00, 0x00, 0x00, 0x00, 0x00, 0x00, 0x00, 0x00,
    0x00, 0x00, 0x00, 0x00, 0x00, 0x00, 0x00, 0x00,

    // Tile 668 (28,20)
    0x00, 0x00, 0x00, 0x00, 0x00, 0x00, 0x00, 0x00,
    0x00, 0x00, 0x00, 0x00, 0x00, 0x00, 0x00, 0x00,
    0x00, 0x00, 0x00, 0x00, 0x00, 0x00, 0x00, 0x00,
    0x00, 0x00, 0x00, 0x00, 0x00, 0x00, 0x00, 0x00,
    0x00, 0x00, 0x00, 0x00, 0x00, 0x00, 0x00, 0x00,
    0x00, 0x00, 0x00, 0x00, 0x00, 0x00, 0x00, 0x00,
    0x00, 0x00, 0x00, 0x00, 0x00, 0x00, 0x00, 0x00,
    0x00, 0x00, 0x00, 0x00, 0x00, 0x00, 0x00, 0x00,

    0x00, 0x00, 0x00, 0x00, 0x00, 0x00, 0x00, 0x00,
    0x00, 0x00, 0x00, 0x00, 0x00, 0x00, 0x00, 0x00,
    0x00, 0x00, 0x00, 0x00, 0x00, 0x00, 0x00, 0x00,
    0x00, 0x00, 0x00, 0x00, 0x00, 0x00, 0x00, 0x00,
    0x00, 0x00, 0x00, 0x00, 0x00, 0x00, 0x00, 0x00,
    0x00, 0x00, 0x00, 0x00, 0x00, 0x00, 0x00, 0x00,
    0x00, 0x00, 0x00, 0x00, 0x00, 0x00, 0x00, 0x00,
    0x00, 0x00, 0x00, 0x00, 0x00, 0x00, 0x00, 0x00,

    0x00, 0x00, 0x00, 0x00, 0x00, 0x00, 0x00, 0x00,
    0x00, 0x00, 0x00, 0x00, 0x00, 0x00, 0x00, 0x00,
    0x00, 0x00, 0x00, 0x00, 0x00, 0x00, 0x00, 0x00,
    0x00, 0x00, 0x00, 0x00, 0x00, 0x00, 0x00, 0x00,
    0x00, 0x00, 0x00, 0x00, 0x00, 0x00, 0x00, 0x00,
    0x00, 0x00, 0x00, 0x00, 0x00, 0x00, 0x00, 0x00,
    0x00, 0x00, 0x00, 0x00, 0x00, 0x00, 0x00, 0x00,
    0x00, 0x00, 0x00, 0x00, 0x00, 0x00, 0x00, 0x00,

    0x00, 0x00, 0x00, 0x00, 0x00, 0x00, 0x00, 0x00,
    0x00, 0x00, 0x00, 0x00, 0x00, 0x00, 0x00, 0x00,
    0x00, 0x00, 0x00, 0x00, 0x00, 0x00, 0x00, 0x00,
    0x00, 0x00, 0x00, 0x00, 0x00, 0x00, 0x00, 0x00,
    0x00, 0x00, 0x00, 0x00, 0x00, 0x00, 0x00, 0x00,
    0x00, 0x00, 0x00, 0x00, 0x00, 0x00, 0x00, 0x00,
    0x00, 0x00, 0x00, 0x00, 0x00, 0x00, 0x00, 0x00,
    0x00, 0x00, 0x00, 0x00, 0x00, 0x00, 0x00, 0x00,

    // Tile 672 (0,21)
    0x00, 0x00, 0x00, 0x00, 0x0B, 0x0B, 0x06, 0x06,
    0x00, 0x00, 0x00, 0x00, 0x0B, 0x06, 0x06, 0x06,
    0x00, 0x00, 0x00, 0x00, 0x0B, 0x06, 0x06, 0x06,
    0x00, 0x00, 0x00, 0x00, 0x0B, 0x06, 0x06, 0x06,
    0x00, 0x00, 0x00, 0x00, 0x0B, 0x06, 0x06, 0x06,
    0x00, 0x00, 0x00, 0x00, 0x0B, 0x0B, 0x06, 0x06,
    0x00, 0x00, 0x00, 0x00, 0x00, 0x0B, 0x0B, 0x0B,
    0x00, 0x00, 0x00, 0x00, 0x00, 0x00, 0x00, 0x00,

    0x06, 0x06, 0x0B, 0x0B, 0x00, 0x00, 0x00, 0x00,
    0x06, 0x06, 0x06, 0x0B, 0x00, 0x00, 0x00, 0x00,
    0x06, 0x06, 0x06, 0x0B, 0x00, 0x00, 0x00, 0x00,
    0x06, 0x06, 0x06, 0x0B, 0x00, 0x00, 0x00, 0x00,
    0x06, 0x06, 0x06, 0x0B, 0x00, 0x00, 0x00, 0x00,
    0x06, 0x06, 0x0B, 0x0B, 0x00, 0x00, 0x00, 0x00,
    0x0B, 0x0B, 0x0B, 0x00, 0x00, 0x00, 0x00, 0x00,
    0x00, 0x00, 0x00, 0x00, 0x00, 0x00, 0x00, 0x00,

    0x00, 0x0D, 0x0B, 0x0B, 0x0B, 0x0B, 0x0B, 0x06,
    0x00, 0x0D, 0x0B, 0x0B, 0x0B, 0x0B, 0x0B, 0x06,
    0x00, 0x00, 0x00, 0x00, 0x00, 0x0B, 0x0B, 0x06,
    0x00, 0x00, 0x00, 0x00, 0x00, 0x0B, 0x0B, 0x0B,
    0x00, 0x00, 0x00, 0x00, 0x00, 0x00, 0x0B, 0x0B,
    0x00, 0x00, 0x00, 0x00, 0x00, 0x00, 0x00, 0x0B,
    0x00, 0x00, 0x00, 0x00, 0x00, 0x00, 0x00, 0x00,
    0x00, 0x00, 0x00, 0x00, 0x00, 0x00, 0x00, 0x00,

    0x06, 0x06, 0x06, 0x06, 0x06, 0x0B, 0x00, 0x00,
    0x06, 0x06, 0x06, 0x06, 0x06, 0x0B, 0x00, 0x00,
    0x06, 0x06, 0x06, 0x06, 0x06, 0x0B, 0x00, 0x00,
    0x06, 0x06, 0x06, 0x06, 0x0B, 0x0B, 0x00, 0x00,
    0x0B, 0x0B, 0x0B, 0x0B, 0x0B, 0x0B, 0x00, 0x00,
    0x0B, 0x0B, 0x0B, 0x0B, 0x0B, 0x00, 0x00, 0x00,
    0x00, 0x00, 0x00, 0x00, 0x00, 0x00, 0x00, 0x00,
    0x00, 0x00, 0x00, 0x00, 0x00, 0x00, 0x00, 0x00,

    // Tile 676 (4,21)
    0x00, 0x00, 0x00, 0x00, 0x0B, 0x0B, 0x0B, 0x0B,
    0x00, 0x00, 0x00, 0x00, 0x00, 0x0B, 0x0B, 0x0B,
    0x00, 0x00, 0x00, 0x00, 0x00, 0x00, 0x0B, 0x0B,
    0x00, 0x00, 0x00, 0x00, 0x00, 0x00, 0x00, 0x0B,
    0x00, 0x00, 0x00, 0x00, 0x00, 0x00, 0x00, 0x0B,
    0x00, 0x00, 0x00, 0x00, 0x00, 0x00, 0x00, 0x0B,
    0x00, 0x00, 0x00, 0x00, 0x00, 0x00, 0x00, 0x0D,
    0x00, 0x00, 0x00, 0x00, 0x00, 0x00, 0x00, 0x00,

    0x0B, 0x0B, 0x0B, 0x0B, 0x00, 0x00, 0x00, 0x00,
    0x0B, 0x0B, 0x0B, 0x00, 0x00, 0x00, 0x00, 0x00,
    0x0B, 0x0B, 0x00, 0x00, 0x00, 0x00, 0x00, 0x00,
    0x0B, 0x00, 0x00, 0x00, 0x00, 0x00, 0x00, 0x00,
    0x0B, 0x00, 0x00, 0x00, 0x00, 0x00, 0x00, 0x00,
    0x0B, 0x00, 0x00, 0x00, 0x00, 0x00, 0x00, 0x00,
    0x0D, 0x00, 0x00, 0x00, 0x00, 0x00, 0x00, 0x00,
    0x00, 0x00, 0x00, 0x00, 0x00, 0x00, 0x00, 0x00,

    0x00, 0x00, 0x0B, 0x06, 0x06, 0x06, 0x06, 0x06,
    0x00, 0x00, 0x0B, 0x06, 0x06, 0x06, 0x06, 0x06,
    0x00, 0x00, 0x0B, 0x06, 0x06, 0x06, 0x06, 0x06,
    0x00, 0x00, 0x0B, 0x0B, 0x06, 0x06, 0x06, 0x06,
    0x00, 0x00, 0x0B, 0x0B, 0x0B, 0x0B, 0x0B, 0x0B,
    0x00, 0x00, 0x00, 0x0B, 0x0B, 0x0B, 0x0B, 0x0B,
    0x00, 0x00, 0x00, 0x00, 0x00, 0x00, 0x00, 0x00,
    0x00, 0x00, 0x00, 0x00, 0x00, 0x00, 0x00, 0x00,

    0x06, 0x0B, 0x0B, 0x0B, 0x0B, 0x0B, 0x0D, 0x00,
    0x06, 0x0B, 0x0B, 0x0B, 0x0B, 0x0B, 0x0D, 0x00,
    0x06, 0x0B, 0x0B, 0x00, 0x00, 0x00, 0x00, 0x00,
    0x0B, 0x0B, 0x0B, 0x00, 0x00, 0x00, 0x00, 0x00,
    0x0B, 0x0B, 0x00, 0x00, 0x00, 0x00, 0x00, 0x00,
    0x0B, 0x00, 0x00, 0x00, 0x00, 0x00, 0x00, 0x00,
    0x00, 0x00, 0x00, 0x00, 0x00, 0x00, 0x00, 0x00,
    0x00, 0x00, 0x00, 0x00, 0x00, 0x00, 0x00, 0x00,

    // Tile 680 (8,21)
    0x00, 0x00, 0x00, 0x00, 0x00, 0x00, 0x00, 0x00,
    0x00, 0x00, 0x00, 0x00, 0x00, 0x00, 0x00, 0x00,
    0x00, 0x00, 0x00, 0x00, 0x00, 0x00, 0x00, 0x00,
    0x00, 0x00, 0x00, 0x00, 0x00, 0x00, 0x00, 0x00,
    0x00, 0x00, 0x00, 0x00, 0x00, 0x00, 0x00, 0x00,
    0x00, 0x00, 0x00, 0x00, 0x00, 0x00, 0x00, 0x00,
    0x00, 0x00, 0x00, 0x00, 0x00, 0x00, 0x00, 0x00,
    0x00, 0x00, 0x00, 0x00, 0x00, 0x00, 0x00, 0x00,

    0x00, 0x00, 0x00, 0x00, 0x00, 0x00, 0x00, 0x00,
    0x00, 0x00, 0x00, 0x00, 0x00, 0x00, 0x00, 0x00,
    0x00, 0x00, 0x00, 0x00, 0x00, 0x00, 0x00, 0x00,
    0x00, 0x00, 0x00, 0x00, 0x00, 0x00, 0x00, 0x00,
    0x00, 0x00, 0x00, 0x00, 0x00, 0x00, 0x00, 0x00,
    0x00, 0x00, 0x00, 0x00, 0x00, 0x00, 0x00, 0x00,
    0x00, 0x00, 0x00, 0x00, 0x00, 0x00, 0x00, 0x00,
    0x00, 0x00, 0x00, 0x00, 0x00, 0x00, 0x00, 0x00,

    0x00, 0x00, 0x00, 0x00, 0x00, 0x00, 0x00, 0x00,
    0x00, 0x00, 0x00, 0x00, 0x00, 0x00, 0x00, 0x00,
    0x00, 0x00, 0x00, 0x00, 0x00, 0x00, 0x00, 0x00,
    0x00, 0x00, 0x00, 0x00, 0x00, 0x00, 0x00, 0x00,
    0x00, 0x00, 0x00, 0x00, 0x00, 0x00, 0x00, 0x00,
    0x00, 0x00, 0x00, 0x00, 0x00, 0x00, 0x00, 0x00,
    0x00, 0x00, 0x00, 0x00, 0x00, 0x00, 0x00, 0x00,
    0x00, 0x00, 0x00, 0x00, 0x00, 0x00, 0x00, 0x00,

    0x00, 0x00, 0x00, 0x00, 0x00, 0x00, 0x00, 0x00,
    0x00, 0x00, 0x00, 0x00, 0x00, 0x00, 0x00, 0x00,
    0x00, 0x00, 0x00, 0x00, 0x00, 0x00, 0x00, 0x00,
    0x00, 0x00, 0x00, 0x00, 0x00, 0x00, 0x00, 0x00,
    0x00, 0x00, 0x00, 0x00, 0x00, 0x00, 0x00, 0x00,
    0x00, 0x00, 0x00, 0x00, 0x00, 0x00, 0x00, 0x00,
    0x00, 0x00, 0x00, 0x00, 0x00, 0x00, 0x00, 0x00,
    0x00, 0x00, 0x00, 0x00, 0x00, 0x00, 0x00, 0x00,

    // Tile 684 (12,21)
    0x00, 0x00, 0x00, 0x00, 0x00, 0x00, 0x00, 0x00,
    0x00, 0x00, 0x00, 0x00, 0x00, 0x00, 0x00, 0x00,
    0x00, 0x00, 0x00, 0x00, 0x00, 0x00, 0x00, 0x00,
    0x00, 0x00, 0x00, 0x00, 0x00, 0x00, 0x00, 0x00,
    0x00, 0x00, 0x00, 0x00, 0x00, 0x00, 0x00, 0x00,
    0x00, 0x00, 0x00, 0x00, 0x00, 0x00, 0x00, 0x00,
    0x00, 0x00, 0x00, 0x00, 0x00, 0x00, 0x00, 0x00,
    0x00, 0x00, 0x00, 0x00, 0x00, 0x00, 0x00, 0x00,

    0x00, 0x00, 0x00, 0x00, 0x00, 0x00, 0x00, 0x00,
    0x00, 0x00, 0x00, 0x00, 0x00, 0x00, 0x00, 0x00,
    0x00, 0x00, 0x00, 0x00, 0x00, 0x00, 0x00, 0x00,
    0x00, 0x00, 0x00, 0x00, 0x00, 0x00, 0x00, 0x00,
    0x00, 0x00, 0x00, 0x00, 0x00, 0x00, 0x00, 0x00,
    0x00, 0x00, 0x00, 0x00, 0x00, 0x00, 0x00, 0x00,
    0x00, 0x00, 0x00, 0x00, 0x00, 0x00, 0x00, 0x00,
    0x00, 0x00, 0x00, 0x00, 0x00, 0x00, 0x00, 0x00,

    0x00, 0x00, 0x00, 0x00, 0x00, 0x00, 0x00, 0x00,
    0x00, 0x00, 0x00, 0x00, 0x00, 0x00, 0x00, 0x00,
    0x00, 0x00, 0x00, 0x00, 0x00, 0x00, 0x00, 0x00,
    0x00, 0x00, 0x00, 0x00, 0x00, 0x00, 0x00, 0x00,
    0x00, 0x00, 0x00, 0x00, 0x00, 0x00, 0x00, 0x00,
    0x00, 0x00, 0x00, 0x00, 0x00, 0x00, 0x00, 0x00,
    0x00, 0x00, 0x00, 0x00, 0x00, 0x00, 0x00, 0x00,
    0x00, 0x00, 0x00, 0x00, 0x00, 0x00, 0x00, 0x00,

    0x00, 0x00, 0x00, 0x00, 0x00, 0x00, 0x00, 0x00,
    0x00, 0x00, 0x00, 0x00, 0x00, 0x00, 0x00, 0x00,
    0x00, 0x00, 0x00, 0x00, 0x00, 0x00, 0x00, 0x00,
    0x00, 0x00, 0x00, 0x00, 0x00, 0x00, 0x00, 0x00,
    0x00, 0x00, 0x00, 0x00, 0x00, 0x00, 0x00, 0x00,
    0x00, 0x00, 0x00, 0x00, 0x00, 0x00, 0x00, 0x00,
    0x00, 0x00, 0x00, 0x00, 0x00, 0x00, 0x00, 0x00,
    0x00, 0x00, 0x00, 0x00, 0x00, 0x00, 0x00, 0x00,

    // Tile 688 (16,21)
    0x00, 0x00, 0x00, 0x00, 0x00, 0x00, 0x00, 0x00,
    0x00, 0x00, 0x00, 0x00, 0x00, 0x00, 0x00, 0x00,
    0x00, 0x00, 0x00, 0x00, 0x00, 0x00, 0x00, 0x00,
    0x00, 0x00, 0x00, 0x00, 0x00, 0x00, 0x00, 0x00,
    0x00, 0x00, 0x00, 0x00, 0x00, 0x00, 0x00, 0x00,
    0x00, 0x00, 0x00, 0x00, 0x00, 0x00, 0x00, 0x00,
    0x00, 0x00, 0x00, 0x00, 0x00, 0x00, 0x00, 0x00,
    0x00, 0x00, 0x00, 0x00, 0x00, 0x00, 0x00, 0x00,

    0x00, 0x00, 0x00, 0x00, 0x00, 0x00, 0x00, 0x00,
    0x00, 0x00, 0x00, 0x00, 0x00, 0x00, 0x00, 0x00,
    0x00, 0x00, 0x00, 0x00, 0x00, 0x00, 0x00, 0x00,
    0x00, 0x00, 0x00, 0x00, 0x00, 0x00, 0x00, 0x00,
    0x00, 0x00, 0x00, 0x00, 0x00, 0x00, 0x00, 0x00,
    0x00, 0x00, 0x00, 0x00, 0x00, 0x00, 0x00, 0x00,
    0x00, 0x00, 0x00, 0x00, 0x00, 0x00, 0x00, 0x00,
    0x00, 0x00, 0x00, 0x00, 0x00, 0x00, 0x00, 0x00,

    0x00, 0x00, 0x00, 0x00, 0x00, 0x00, 0x00, 0x00,
    0x00, 0x00, 0x00, 0x00, 0x00, 0x00, 0x00, 0x00,
    0x00, 0x00, 0x00, 0x00, 0x00, 0x00, 0x00, 0x00,
    0x00, 0x00, 0x00, 0x00, 0x00, 0x00, 0x00, 0x00,
    0x00, 0x00, 0x00, 0x00, 0x00, 0x00, 0x00, 0x00,
    0x00, 0x00, 0x00, 0x00, 0x00, 0x00, 0x00, 0x00,
    0x00, 0x00, 0x00, 0x00, 0x00, 0x00, 0x00, 0x00,
    0x00, 0x00, 0x00, 0x00, 0x00, 0x00, 0x00, 0x00,

    0x00, 0x00, 0x00, 0x00, 0x00, 0x00, 0x00, 0x00,
    0x00, 0x00, 0x00, 0x00, 0x00, 0x00, 0x00, 0x00,
    0x00, 0x00, 0x00, 0x00, 0x00, 0x00, 0x00, 0x00,
    0x00, 0x00, 0x00, 0x00, 0x00, 0x00, 0x00, 0x00,
    0x00, 0x00, 0x00, 0x00, 0x00, 0x00, 0x00, 0x00,
    0x00, 0x00, 0x00, 0x00, 0x00, 0x00, 0x00, 0x00,
    0x00, 0x00, 0x00, 0x00, 0x00, 0x00, 0x00, 0x00,
    0x00, 0x00, 0x00, 0x00, 0x00, 0x00, 0x00, 0x00,

    // Tile 692 (20,21)
    0x00, 0x00, 0x00, 0x00, 0x00, 0x00, 0x00, 0x00,
    0x00, 0x00, 0x00, 0x00, 0x00, 0x00, 0x00, 0x00,
    0x00, 0x00, 0x00, 0x00, 0x00, 0x00, 0x00, 0x00,
    0x00, 0x00, 0x00, 0x00, 0x00, 0x00, 0x00, 0x00,
    0x00, 0x00, 0x00, 0x00, 0x00, 0x00, 0x00, 0x00,
    0x00, 0x00, 0x00, 0x00, 0x00, 0x00, 0x00, 0x00,
    0x00, 0x00, 0x00, 0x00, 0x00, 0x00, 0x00, 0x00,
    0x00, 0x00, 0x00, 0x00, 0x00, 0x00, 0x00, 0x00,

    0x00, 0x00, 0x00, 0x00, 0x00, 0x00, 0x00, 0x00,
    0x00, 0x00, 0x00, 0x00, 0x00, 0x00, 0x00, 0x00,
    0x00, 0x00, 0x00, 0x00, 0x00, 0x00, 0x00, 0x00,
    0x00, 0x00, 0x00, 0x00, 0x00, 0x00, 0x00, 0x00,
    0x00, 0x00, 0x00, 0x00, 0x00, 0x00, 0x00, 0x00,
    0x00, 0x00, 0x00, 0x00, 0x00, 0x00, 0x00, 0x00,
    0x00, 0x00, 0x00, 0x00, 0x00, 0x00, 0x00, 0x00,
    0x00, 0x00, 0x00, 0x00, 0x00, 0x00, 0x00, 0x00,

    0x00, 0x00, 0x00, 0x00, 0x00, 0x00, 0x00, 0x00,
    0x00, 0x00, 0x00, 0x00, 0x00, 0x00, 0x00, 0x00,
    0x00, 0x00, 0x00, 0x00, 0x00, 0x00, 0x00, 0x00,
    0x00, 0x00, 0x00, 0x00, 0x00, 0x00, 0x00, 0x00,
    0x00, 0x00, 0x00, 0x00, 0x00, 0x00, 0x00, 0x00,
    0x00, 0x00, 0x00, 0x00, 0x00, 0x00, 0x00, 0x00,
    0x00, 0x00, 0x00, 0x00, 0x00, 0x00, 0x00, 0x00,
    0x00, 0x00, 0x00, 0x00, 0x00, 0x00, 0x00, 0x00,

    0x00, 0x00, 0x00, 0x00, 0x00, 0x00, 0x00, 0x00,
    0x00, 0x00, 0x00, 0x00, 0x00, 0x00, 0x00, 0x00,
    0x00, 0x00, 0x00, 0x00, 0x00, 0x00, 0x00, 0x00,
    0x00, 0x00, 0x00, 0x00, 0x00, 0x00, 0x00, 0x00,
    0x00, 0x00, 0x00, 0x00, 0x00, 0x00, 0x00, 0x00,
    0x00, 0x00, 0x00, 0x00, 0x00, 0x00, 0x00, 0x00,
    0x00, 0x00, 0x00, 0x00, 0x00, 0x00, 0x00, 0x00,
    0x00, 0x00, 0x00, 0x00, 0x00, 0x00, 0x00, 0x00,

    // Tile 696 (24,21)
    0x00, 0x00, 0x00, 0x00, 0x00, 0x00, 0x00, 0x00,
    0x00, 0x00, 0x00, 0x00, 0x00, 0x00, 0x00, 0x00,
    0x00, 0x00, 0x00, 0x00, 0x00, 0x00, 0x00, 0x00,
    0x00, 0x00, 0x00, 0x00, 0x00, 0x00, 0x00, 0x00,
    0x00, 0x00, 0x00, 0x00, 0x00, 0x00, 0x00, 0x00,
    0x00, 0x00, 0x00, 0x00, 0x00, 0x00, 0x00, 0x00,
    0x00, 0x00, 0x00, 0x00, 0x00, 0x00, 0x00, 0x00,
    0x00, 0x00, 0x00, 0x00, 0x00, 0x00, 0x00, 0x00,

    0x00, 0x00, 0x00, 0x00, 0x00, 0x00, 0x00, 0x00,
    0x00, 0x00, 0x00, 0x00, 0x00, 0x00, 0x00, 0x00,
    0x00, 0x00, 0x00, 0x00, 0x00, 0x00, 0x00, 0x00,
    0x00, 0x00, 0x00, 0x00, 0x00, 0x00, 0x00, 0x00,
    0x00, 0x00, 0x00, 0x00, 0x00, 0x00, 0x00, 0x00,
    0x00, 0x00, 0x00, 0x00, 0x00, 0x00, 0x00, 0x00,
    0x00, 0x00, 0x00, 0x00, 0x00, 0x00, 0x00, 0x00,
    0x00, 0x00, 0x00, 0x00, 0x00, 0x00, 0x00, 0x00,

    0x00, 0x00, 0x00, 0x00, 0x00, 0x00, 0x00, 0x00,
    0x00, 0x00, 0x00, 0x00, 0x00, 0x00, 0x00, 0x00,
    0x00, 0x00, 0x00, 0x00, 0x00, 0x00, 0x00, 0x00,
    0x00, 0x00, 0x00, 0x00, 0x00, 0x00, 0x00, 0x00,
    0x00, 0x00, 0x00, 0x00, 0x00, 0x00, 0x00, 0x00,
    0x00, 0x00, 0x00, 0x00, 0x00, 0x00, 0x00, 0x00,
    0x00, 0x00, 0x00, 0x00, 0x00, 0x00, 0x00, 0x00,
    0x00, 0x00, 0x00, 0x00, 0x00, 0x00, 0x00, 0x00,

    0x00, 0x00, 0x00, 0x00, 0x00, 0x00, 0x00, 0x00,
    0x00, 0x00, 0x00, 0x00, 0x00, 0x00, 0x00, 0x00,
    0x00, 0x00, 0x00, 0x00, 0x00, 0x00, 0x00, 0x00,
    0x00, 0x00, 0x00, 0x00, 0x00, 0x00, 0x00, 0x00,
    0x00, 0x00, 0x00, 0x00, 0x00, 0x00, 0x00, 0x00,
    0x00, 0x00, 0x00, 0x00, 0x00, 0x00, 0x00, 0x00,
    0x00, 0x00, 0x00, 0x00, 0x00, 0x00, 0x00, 0x00,
    0x00, 0x00, 0x00, 0x00, 0x00, 0x00, 0x00, 0x00,

    // Tile 700 (28,21)
    0x00, 0x00, 0x00, 0x00, 0x00, 0x00, 0x00, 0x00,
    0x00, 0x00, 0x00, 0x00, 0x00, 0x00, 0x00, 0x00,
    0x00, 0x00, 0x00, 0x00, 0x00, 0x00, 0x00, 0x00,
    0x00, 0x00, 0x00, 0x00, 0x00, 0x00, 0x00, 0x00,
    0x00, 0x00, 0x00, 0x00, 0x00, 0x00, 0x00, 0x00,
    0x00, 0x00, 0x00, 0x00, 0x00, 0x00, 0x00, 0x00,
    0x00, 0x00, 0x00, 0x00, 0x00, 0x00, 0x00, 0x00,
    0x00, 0x00, 0x00, 0x00, 0x00, 0x00, 0x00, 0x00,

    0x00, 0x00, 0x00, 0x00, 0x00, 0x00, 0x00, 0x00,
    0x00, 0x00, 0x00, 0x00, 0x00, 0x00, 0x00, 0x00,
    0x00, 0x00, 0x00, 0x00, 0x00, 0x00, 0x00, 0x00,
    0x00, 0x00, 0x00, 0x00, 0x00, 0x00, 0x00, 0x00,
    0x00, 0x00, 0x00, 0x00, 0x00, 0x00, 0x00, 0x00,
    0x00, 0x00, 0x00, 0x00, 0x00, 0x00, 0x00, 0x00,
    0x00, 0x00, 0x00, 0x00, 0x00, 0x00, 0x00, 0x00,
    0x00, 0x00, 0x00, 0x00, 0x00, 0x00, 0x00, 0x00,

    0x00, 0x00, 0x00, 0x00, 0x00, 0x00, 0x00, 0x00,
    0x00, 0x00, 0x00, 0x00, 0x00, 0x00, 0x00, 0x00,
    0x00, 0x00, 0x00, 0x00, 0x00, 0x00, 0x00, 0x00,
    0x00, 0x00, 0x00, 0x00, 0x00, 0x00, 0x00, 0x00,
    0x00, 0x00, 0x00, 0x00, 0x00, 0x00, 0x00, 0x00,
    0x00, 0x00, 0x00, 0x00, 0x00, 0x00, 0x00, 0x00,
    0x00, 0x00, 0x00, 0x00, 0x00, 0x00, 0x00, 0x00,
    0x00, 0x00, 0x00, 0x00, 0x00, 0x00, 0x00, 0x00,

    0x00, 0x00, 0x00, 0x00, 0x00, 0x00, 0x00, 0x00,
    0x00, 0x00, 0x00, 0x00, 0x00, 0x00, 0x00, 0x00,
    0x00, 0x00, 0x00, 0x00, 0x00, 0x00, 0x00, 0x00,
    0x00, 0x00, 0x00, 0x00, 0x00, 0x00, 0x00, 0x00,
    0x00, 0x00, 0x00, 0x00, 0x00, 0x00, 0x00, 0x00,
    0x00, 0x00, 0x00, 0x00, 0x00, 0x00, 0x00, 0x00,
    0x00, 0x00, 0x00, 0x00, 0x00, 0x00, 0x00, 0x00,
    0x00, 0x00, 0x00, 0x00, 0x00, 0x00, 0x00, 0x00,

    // Tile 704 (0,22)
    0x00, 0x00, 0x00, 0x00, 0x00, 0x00, 0x00, 0x00,
    0x00, 0x00, 0x00, 0x00, 0x0F, 0x0F, 0x0F, 0x0F,
    0x00, 0x00, 0x0F, 0x0F, 0x0F, 0x0F, 0x0F, 0x0F,
    0x00, 0x0F, 0x0F, 0x0F, 0x0F, 0x0F, 0x0F, 0x06,
    0x00, 0x0F, 0x0F, 0x0F, 0x0F, 0x0F, 0x06, 0x06,
    0x0F, 0x0F, 0x0F, 0x0F, 0x0F, 0x0F, 0x06, 0x0A,
    0x0F, 0x0F, 0x0F, 0x0F, 0x0F, 0x0F, 0x06, 0x0A,
    0x0F, 0x0F, 0x0F, 0x0F, 0x0F, 0x0F, 0x0F, 0x06,

    0x00, 0x00, 0x00, 0x00, 0x00, 0x00, 0x00, 0x00,
    0x00, 0x00, 0x00, 0x00, 0x00, 0x00, 0x00, 0x00,
    0x0F, 0x0F, 0x00, 0x00, 0x00, 0x00, 0x00, 0x00,
    0x06, 0x06, 0x0F, 0x00, 0x00, 0x00, 0x00, 0x00,
    0x0A, 0x06, 0x06, 0x0F, 0x00, 0x00, 0x00, 0x00,
    0x0F, 0x0A, 0x06, 0x06, 0x0F, 0x00, 0x00, 0x00,
    0x0F, 0x0A, 0x06, 0x06, 0x0F, 0x00, 0x00, 0x00,
    0x0A, 0x06, 0x06, 0x06, 0x0F, 0x00, 0x00, 0x00,

    0x00, 0x00, 0x00, 0x00, 0x00, 0x00, 0x00, 0x00,
    0x00, 0x00, 0x00, 0x00, 0x0F, 0x0F, 0x0F, 0x0F,
    0x00, 0x00, 0x0F, 0x0F, 0x0F, 0x0F, 0x0F, 0x0F,
    0x00, 0x0F, 0x0F, 0x0F, 0x0F, 0x0F, 0x0F, 0x06,
    0x00, 0x0F, 0x0F, 0x0F, 0x0F, 0x0F, 0x06, 0x06,
    0x0F, 0x0F, 0x0F, 0x0F, 0x0F, 0x0F, 0x06, 0x0A,
    0x0F, 0x0F, 0x0F, 0x0F, 0x0F, 0x0F, 0x06, 0x0A,
    0x0F, 0x0F, 0x0F, 0x0F, 0x0F, 0x0F, 0x0F, 0x06,

    0x00, 0x00, 0x00, 0x00, 0x00, 0x00, 0x00, 0x00,
    0x00, 0x00, 0x00, 0x00, 0x00, 0x00, 0x00, 0x00,
    0x0F, 0x0F, 0x00, 0x00, 0x00, 0x00, 0x00, 0x00,
    0x06, 0x06, 0x0F, 0x00, 0x00, 0x00, 0x00, 0x00,
    0x0A, 0x06, 0x06, 0x0F, 0x00, 0x00, 0x00, 0x00,
    0x0F, 0x0A, 0x06, 0x06, 0x0F, 0x00, 0x00, 0x00,
    0x0F, 0x0A, 0x06, 0x06, 0x0F, 0x00, 0x00, 0x00,
    0x0A, 0x06, 0x06, 0x06, 0x0F, 0x00, 0x00, 0x00,

    // Tile 708 (4,22)
    0x00, 0x00, 0x00, 0x00, 0x00, 0x00, 0x00, 0x00,
    0x00, 0x00, 0x00, 0x00, 0x00, 0x00, 0x0F, 0x0F,
    0x00, 0x00, 0x0F, 0x0F, 0x00, 0x0F, 0x0F, 0x0F,
    0x00, 0x0F, 0x0F, 0x0F, 0x0F, 0x0F, 0x0F, 0x0F,
    0x00, 0x0F, 0x0F, 0x0F, 0x0F, 0x00, 0x00, 0x0F,
    0x0F, 0x0F, 0x0F, 0x0F, 0x00, 0x0F, 0x0F, 0x0F,
    0x0F, 0x0F, 0x0F, 0x0F, 0x00, 0x0F, 0x0F, 0x0F,
    0x0F, 0x0F, 0x0F, 0x0F, 0x0F, 0x0F, 0x0F, 0x0F,

    0x00, 0x00, 0x00, 0x00, 0x00, 0x00, 0x00, 0x00,
    0x00, 0x00, 0x0F, 0x0F, 0x0F, 0x00, 0x00, 0x00,
    0x0F, 0x0F, 0x0F, 0x0F, 0x0F, 0x0F, 0x00, 0x00,
    0x0F, 0x0F, 0x0F, 0x0F, 0x0F, 0x0F, 0x0F, 0x00,
    0x0F, 0x0F, 0x0F, 0x0F, 0x0F, 0x0F, 0x0F, 0x00,
    0x0F, 0x0F, 0x0F, 0x00, 0x0F, 0x0F, 0x00, 0x00,
    0x0F, 0x0F, 0x0F, 0x0F, 0x00, 0x00, 0x00, 0x00,
    0x0F, 0x0F, 0x0F, 0x0F, 0x0F, 0x0F, 0x0F, 0x00,

    0x00, 0x00, 0x00, 0x00, 0x00, 0x00, 0x00, 0x00,
    0x00, 0x00, 0x00, 0x00, 0x00, 0x00, 0x00, 0x00,
    0x00, 0x00, 0x00, 0x00, 0x00, 0x00, 0x00, 0x00,
    0x00, 0x00, 0x00, 0x00, 0x00, 0x00, 0x00, 0x0F,
    0x00, 0x00, 0x00, 0x00, 0x00, 0x00, 0x0F, 0x0F,
    0x00, 0x00, 0x00, 0x00, 0x0F, 0x0F, 0x00, 0x0F,
    0x00, 0x00, 0x00, 0x0F, 0x0F, 0x0F, 0x00, 0x0F,
    0x00, 0x00, 0x00, 0x0F, 0x0F, 0x00, 0x0F, 0x0F,

    0x00, 0x00, 0x00, 0x00, 0x00, 0x00, 0x00, 0x00,
    0x00, 0x00, 0x00, 0x00, 0x00, 0x00, 0x00, 0x00,
    0x00, 0x00, 0x00, 0x00, 0x00, 0x00, 0x00, 0x00,
    0x0F, 0x0F, 0x00, 0x00, 0x00, 0x00, 0x00, 0x00,
    0x0F, 0x0F, 0x0F, 0x00, 0x00, 0x00, 0x00, 0x00,
    0x0F, 0x0F, 0x0F, 0x00, 0x00, 0x00, 0x00, 0x00,
    0x0F, 0x0F, 0x0F, 0x0F, 0x00, 0x00, 0x00, 0x00,
    0x0F, 0x0F, 0x0F, 0x0F, 0x0F, 0x00, 0x00, 0x00,

    // Tile 712 (8,22)
    0x00, 0x00, 0x00, 0x00, 0x00, 0x00, 0x00, 0x00,
    0x00, 0x00, 0x00, 0x00, 0x00, 0x00, 0x00, 0x00,
    0x00, 0x00, 0x00, 0x00, 0x00, 0x00, 0x00, 0x00,
    0x00, 0x00, 0x00, 0x00, 0x00, 0x00, 0x00, 0x00,
    0x00, 0x00, 0x00, 0x00, 0x00, 0x00, 0x00, 0x00,
    0x00, 0x00, 0x00, 0x00, 0x00, 0x00, 0x00, 0x00,
    0x00, 0x00, 0x00, 0x00, 0x00, 0x00, 0x00, 0x00,
    0x00, 0x00, 0x00, 0x00, 0x00, 0x00, 0x00, 0x00,

    0x00, 0x00, 0x00, 0x00, 0x00, 0x00, 0x00, 0x00,
    0x00, 0x00, 0x00, 0x00, 0x00, 0x00, 0x00, 0x00,
    0x00, 0x00, 0x00, 0x00, 0x00, 0x00, 0x00, 0x00,
    0x00, 0x00, 0x00, 0x00, 0x00, 0x00, 0x00, 0x00,
    0x00, 0x00, 0x00, 0x00, 0x00, 0x00, 0x00, 0x00,
    0x00, 0x00, 0x00, 0x00, 0x00, 0x00, 0x00, 0x00,
    0x00, 0x00, 0x00, 0x00, 0x00, 0x00, 0x00, 0x00,
    0x00, 0x00, 0x00, 0x00, 0x00, 0x00, 0x00, 0x00,

    0x00, 0x00, 0x00, 0x00, 0x00, 0x00, 0x00, 0x00,
    0x00, 0x00, 0x00, 0x00, 0x00, 0x00, 0x00, 0x00,
    0x00, 0x00, 0x00, 0x00, 0x00, 0x00, 0x00, 0x00,
    0x00, 0x00, 0x00, 0x00, 0x00, 0x00, 0x00, 0x00,
    0x00, 0x00, 0x00, 0x00, 0x00, 0x00, 0x00, 0x00,
    0x00, 0x00, 0x00, 0x00, 0x00, 0x00, 0x00, 0x00,
    0x00, 0x00, 0x00, 0x00, 0x00, 0x00, 0x00, 0x00,
    0x00, 0x00, 0x00, 0x00, 0x00, 0x00, 0x00, 0x00,

    0x00, 0x00, 0x00, 0x00, 0x00, 0x00, 0x00, 0x00,
    0x00, 0x00, 0x00, 0x00, 0x00, 0x00, 0x00, 0x00,
    0x00, 0x00, 0x00, 0x00, 0x00, 0x00, 0x00, 0x00,
    0x00, 0x00, 0x00, 0x00, 0x00, 0x00, 0x00, 0x00,
    0x00, 0x00, 0x00, 0x00, 0x00, 0x00, 0x00, 0x00,
    0x00, 0x00, 0x00, 0x00, 0x00, 0x00, 0x00, 0x00,
    0x00, 0x00, 0x00, 0x00, 0x00, 0x00, 0x00, 0x00,
    0x00, 0x00, 0x00, 0x00, 0x00, 0x00, 0x00, 0x00,

    // Tile 716 (12,22)
    0x00, 0x00, 0x00, 0x00, 0x00, 0x00, 0x00, 0x00,
    0x00, 0x00, 0x00, 0x00, 0x00, 0x00, 0x00, 0x00,
    0x00, 0x00, 0x00, 0x00, 0x00, 0x00, 0x00, 0x00,
    0x00, 0x00, 0x00, 0x00, 0x00, 0x00, 0x00, 0x00,
    0x00, 0x00, 0x00, 0x00, 0x00, 0x00, 0x00, 0x00,
    0x00, 0x00, 0x00, 0x00, 0x00, 0x00, 0x00, 0x00,
    0x00, 0x00, 0x00, 0x00, 0x00, 0x00, 0x00, 0x00,
    0x00, 0x00, 0x00, 0x00, 0x00, 0x00, 0x00, 0x00,

    0x00, 0x00, 0x00, 0x00, 0x00, 0x00, 0x00, 0x00,
    0x00, 0x00, 0x00, 0x00, 0x00, 0x00, 0x00, 0x00,
    0x00, 0x00, 0x00, 0x00, 0x00, 0x00, 0x00, 0x00,
    0x00, 0x00, 0x00, 0x00, 0x00, 0x00, 0x00, 0x00,
    0x00, 0x00, 0x00, 0x00, 0x00, 0x00, 0x00, 0x00,
    0x00, 0x00, 0x00, 0x00, 0x00, 0x00, 0x00, 0x00,
    0x00, 0x00, 0x00, 0x00, 0x00, 0x00, 0x00, 0x00,
    0x00, 0x00, 0x00, 0x00, 0x00, 0x00, 0x00, 0x00,

    0x00, 0x00, 0x00, 0x00, 0x00, 0x00, 0x00, 0x00,
    0x00, 0x00, 0x00, 0x00, 0x00, 0x00, 0x00, 0x00,
    0x00, 0x00, 0x00, 0x00, 0x00, 0x00, 0x00, 0x00,
    0x00, 0x00, 0x00, 0x00, 0x00, 0x00, 0x00, 0x00,
    0x00, 0x00, 0x00, 0x00, 0x00, 0x00, 0x00, 0x00,
    0x00, 0x00, 0x00, 0x00, 0x00, 0x00, 0x00, 0x00,
    0x00, 0x00, 0x00, 0x00, 0x00, 0x00, 0x00, 0x00,
    0x00, 0x00, 0x00, 0x00, 0x00, 0x00, 0x00, 0x00,

    0x00, 0x00, 0x00, 0x00, 0x00, 0x00, 0x00, 0x00,
    0x00, 0x00, 0x00, 0x00, 0x00, 0x00, 0x00, 0x00,
    0x00, 0x00, 0x00, 0x00, 0x00, 0x00, 0x00, 0x00,
    0x00, 0x00, 0x00, 0x00, 0x00, 0x00, 0x00, 0x00,
    0x00, 0x00, 0x00, 0x00, 0x00, 0x00, 0x00, 0x00,
    0x00, 0x00, 0x00, 0x00, 0x00, 0x00, 0x00, 0x00,
    0x00, 0x00, 0x00, 0x00, 0x00, 0x00, 0x00, 0x00,
    0x00, 0x00, 0x00, 0x00, 0x00, 0x00, 0x00, 0x00,

    // Tile 720 (16,22)
    0x00, 0x00, 0x00, 0x00, 0x00, 0x00, 0x00, 0x00,
    0x00, 0x00, 0x00, 0x00, 0x00, 0x00, 0x00, 0x00,
    0x00, 0x00, 0x00, 0x00, 0x00, 0x00, 0x00, 0x00,
    0x00, 0x00, 0x00, 0x00, 0x00, 0x00, 0x00, 0x00,
    0x00, 0x00, 0x00, 0x00, 0x00, 0x00, 0x00, 0x00,
    0x00, 0x00, 0x00, 0x00, 0x00, 0x00, 0x00, 0x00,
    0x00, 0x00, 0x00, 0x00, 0x00, 0x00, 0x00, 0x00,
    0x00, 0x00, 0x00, 0x00, 0x00, 0x00, 0x00, 0x00,

    0x00, 0x00, 0x00, 0x00, 0x00, 0x00, 0x00, 0x00,
    0x00, 0x00, 0x00, 0x00, 0x00, 0x00, 0x00, 0x00,
    0x00, 0x00, 0x00, 0x00, 0x00, 0x00, 0x00, 0x00,
    0x00, 0x00, 0x00, 0x00, 0x00, 0x00, 0x00, 0x00,
    0x00, 0x00, 0x00, 0x00, 0x00, 0x00, 0x00, 0x00,
    0x00, 0x00, 0x00, 0x00, 0x00, 0x00, 0x00, 0x00,
    0x00, 0x00, 0x00, 0x00, 0x00, 0x00, 0x00, 0x00,
    0x00, 0x00, 0x00, 0x00, 0x00, 0x00, 0x00, 0x00,

    0x00, 0x00, 0x00, 0x00, 0x00, 0x00, 0x00, 0x00,
    0x00, 0x00, 0x00, 0x00, 0x00, 0x00, 0x00, 0x00,
    0x00, 0x00, 0x00, 0x00, 0x00, 0x00, 0x00, 0x00,
    0x00, 0x00, 0x00, 0x00, 0x00, 0x00, 0x00, 0x00,
    0x00, 0x00, 0x00, 0x00, 0x00, 0x00, 0x00, 0x00,
    0x00, 0x00, 0x00, 0x00, 0x00, 0x00, 0x00, 0x00,
    0x00, 0x00, 0x00, 0x00, 0x00, 0x00, 0x00, 0x00,
    0x00, 0x00, 0x00, 0x00, 0x00, 0x00, 0x00, 0x00,

    0x00, 0x00, 0x00, 0x00, 0x00, 0x00, 0x00, 0x00,
    0x00, 0x00, 0x00, 0x00, 0x00, 0x00, 0x00, 0x00,
    0x00, 0x00, 0x00, 0x00, 0x00, 0x00, 0x00, 0x00,
    0x00, 0x00, 0x00, 0x00, 0x00, 0x00, 0x00, 0x00,
    0x00, 0x00, 0x00, 0x00, 0x00, 0x00, 0x00, 0x00,
    0x00, 0x00, 0x00, 0x00, 0x00, 0x00, 0x00, 0x00,
    0x00, 0x00, 0x00, 0x00, 0x00, 0x00, 0x00, 0x00,
    0x00, 0x00, 0x00, 0x00, 0x00, 0x00, 0x00, 0x00,

    // Tile 724 (20,22)
    0x00, 0x00, 0x00, 0x00, 0x00, 0x00, 0x00, 0x00,
    0x00, 0x00, 0x00, 0x00, 0x00, 0x00, 0x00, 0x00,
    0x00, 0x00, 0x00, 0x00, 0x00, 0x00, 0x00, 0x00,
    0x00, 0x00, 0x00, 0x00, 0x00, 0x00, 0x00, 0x00,
    0x00, 0x00, 0x00, 0x00, 0x00, 0x00, 0x00, 0x00,
    0x00, 0x00, 0x00, 0x00, 0x00, 0x00, 0x00, 0x00,
    0x00, 0x00, 0x00, 0x00, 0x00, 0x00, 0x00, 0x00,
    0x00, 0x00, 0x00, 0x00, 0x00, 0x00, 0x00, 0x00,

    0x00, 0x00, 0x00, 0x00, 0x00, 0x00, 0x00, 0x00,
    0x00, 0x00, 0x00, 0x00, 0x00, 0x00, 0x00, 0x00,
    0x00, 0x00, 0x00, 0x00, 0x00, 0x00, 0x00, 0x00,
    0x00, 0x00, 0x00, 0x00, 0x00, 0x00, 0x00, 0x00,
    0x00, 0x00, 0x00, 0x00, 0x00, 0x00, 0x00, 0x00,
    0x00, 0x00, 0x00, 0x00, 0x00, 0x00, 0x00, 0x00,
    0x00, 0x00, 0x00, 0x00, 0x00, 0x00, 0x00, 0x00,
    0x00, 0x00, 0x00, 0x00, 0x00, 0x00, 0x00, 0x00,

    0x00, 0x00, 0x00, 0x00, 0x00, 0x00, 0x00, 0x00,
    0x00, 0x00, 0x00, 0x00, 0x00, 0x00, 0x00, 0x00,
    0x00, 0x00, 0x00, 0x00, 0x00, 0x00, 0x00, 0x00,
    0x00, 0x00, 0x00, 0x00, 0x00, 0x00, 0x00, 0x00,
    0x00, 0x00, 0x00, 0x00, 0x00, 0x00, 0x00, 0x00,
    0x00, 0x00, 0x00, 0x00, 0x00, 0x00, 0x00, 0x00,
    0x00, 0x00, 0x00, 0x00, 0x00, 0x00, 0x00, 0x00,
    0x00, 0x00, 0x00, 0x00, 0x00, 0x00, 0x00, 0x00,

    0x00, 0x00, 0x00, 0x00, 0x00, 0x00, 0x00, 0x00,
    0x00, 0x00, 0x00, 0x00, 0x00, 0x00, 0x00, 0x00,
    0x00, 0x00, 0x00, 0x00, 0x00, 0x00, 0x00, 0x00,
    0x00, 0x00, 0x00, 0x00, 0x00, 0x00, 0x00, 0x00,
    0x00, 0x00, 0x00, 0x00, 0x00, 0x00, 0x00, 0x00,
    0x00, 0x00, 0x00, 0x00, 0x00, 0x00, 0x00, 0x00,
    0x00, 0x00, 0x00, 0x00, 0x00, 0x00, 0x00, 0x00,
    0x00, 0x00, 0x00, 0x00, 0x00, 0x00, 0x00, 0x00,

    // Tile 728 (24,22)
    0x00, 0x00, 0x00, 0x00, 0x00, 0x00, 0x00, 0x00,
    0x00, 0x00, 0x00, 0x00, 0x00, 0x00, 0x00, 0x00,
    0x00, 0x00, 0x00, 0x00, 0x00, 0x00, 0x00, 0x00,
    0x00, 0x00, 0x00, 0x00, 0x00, 0x00, 0x00, 0x00,
    0x00, 0x00, 0x00, 0x00, 0x00, 0x00, 0x00, 0x00,
    0x00, 0x00, 0x00, 0x00, 0x00, 0x00, 0x00, 0x00,
    0x00, 0x00, 0x00, 0x00, 0x00, 0x00, 0x00, 0x00,
    0x00, 0x00, 0x00, 0x00, 0x00, 0x00, 0x00, 0x00,

    0x00, 0x00, 0x00, 0x00, 0x00, 0x00, 0x00, 0x00,
    0x00, 0x00, 0x00, 0x00, 0x00, 0x00, 0x00, 0x00,
    0x00, 0x00, 0x00, 0x00, 0x00, 0x00, 0x00, 0x00,
    0x00, 0x00, 0x00, 0x00, 0x00, 0x00, 0x00, 0x00,
    0x00, 0x00, 0x00, 0x00, 0x00, 0x00, 0x00, 0x00,
    0x00, 0x00, 0x00, 0x00, 0x00, 0x00, 0x00, 0x00,
    0x00, 0x00, 0x00, 0x00, 0x00, 0x00, 0x00, 0x00,
    0x00, 0x00, 0x00, 0x00, 0x00, 0x00, 0x00, 0x00,

    0x00, 0x00, 0x00, 0x00, 0x00, 0x00, 0x00, 0x00,
    0x00, 0x00, 0x00, 0x00, 0x00, 0x00, 0x00, 0x00,
    0x00, 0x00, 0x00, 0x00, 0x00, 0x00, 0x00, 0x00,
    0x00, 0x00, 0x00, 0x00, 0x00, 0x00, 0x00, 0x00,
    0x00, 0x00, 0x00, 0x00, 0x00, 0x00, 0x00, 0x00,
    0x00, 0x00, 0x00, 0x00, 0x00, 0x00, 0x00, 0x00,
    0x00, 0x00, 0x00, 0x00, 0x00, 0x00, 0x00, 0x00,
    0x00, 0x00, 0x00, 0x00, 0x00, 0x00, 0x00, 0x00,

    0x00, 0x00, 0x00, 0x00, 0x00, 0x00, 0x00, 0x00,
    0x00, 0x00, 0x00, 0x00, 0x00, 0x00, 0x00, 0x00,
    0x00, 0x00, 0x00, 0x00, 0x00, 0x00, 0x00, 0x00,
    0x00, 0x00, 0x00, 0x00, 0x00, 0x00, 0x00, 0x00,
    0x00, 0x00, 0x00, 0x00, 0x00, 0x00, 0x00, 0x00,
    0x00, 0x00, 0x00, 0x00, 0x00, 0x00, 0x00, 0x00,
    0x00, 0x00, 0x00, 0x00, 0x00, 0x00, 0x00, 0x00,
    0x00, 0x00, 0x00, 0x00, 0x00, 0x00, 0x00, 0x00,

    // Tile 732 (28,22)
    0x00, 0x00, 0x00, 0x00, 0x00, 0x00, 0x00, 0x00,
    0x00, 0x00, 0x00, 0x00, 0x00, 0x00, 0x00, 0x00,
    0x00, 0x00, 0x00, 0x00, 0x00, 0x00, 0x00, 0x00,
    0x00, 0x00, 0x00, 0x00, 0x00, 0x00, 0x00, 0x00,
    0x00, 0x00, 0x00, 0x00, 0x00, 0x00, 0x00, 0x00,
    0x00, 0x00, 0x00, 0x00, 0x00, 0x00, 0x00, 0x00,
    0x00, 0x00, 0x00, 0x00, 0x00, 0x00, 0x00, 0x00,
    0x00, 0x00, 0x00, 0x00, 0x00, 0x00, 0x00, 0x00,

    0x00, 0x00, 0x00, 0x00, 0x00, 0x00, 0x00, 0x00,
    0x00, 0x00, 0x00, 0x00, 0x00, 0x00, 0x00, 0x00,
    0x00, 0x00, 0x00, 0x00, 0x00, 0x00, 0x00, 0x00,
    0x00, 0x00, 0x00, 0x00, 0x00, 0x00, 0x00, 0x00,
    0x00, 0x00, 0x00, 0x00, 0x00, 0x00, 0x00, 0x00,
    0x00, 0x00, 0x00, 0x00, 0x00, 0x00, 0x00, 0x00,
    0x00, 0x00, 0x00, 0x00, 0x00, 0x00, 0x00, 0x00,
    0x00, 0x00, 0x00, 0x00, 0x00, 0x00, 0x00, 0x00,

    0x00, 0x00, 0x00, 0x00, 0x00, 0x00, 0x00, 0x00,
    0x00, 0x00, 0x00, 0x00, 0x00, 0x00, 0x00, 0x00,
    0x00, 0x00, 0x00, 0x00, 0x00, 0x00, 0x00, 0x00,
    0x00, 0x00, 0x00, 0x00, 0x00, 0x00, 0x00, 0x00,
    0x00, 0x00, 0x00, 0x00, 0x00, 0x00, 0x00, 0x00,
    0x00, 0x00, 0x00, 0x00, 0x00, 0x00, 0x00, 0x00,
    0x00, 0x00, 0x00, 0x00, 0x00, 0x00, 0x00, 0x00,
    0x00, 0x00, 0x00, 0x00, 0x00, 0x00, 0x00, 0x00,

    0x00, 0x00, 0x00, 0x00, 0x00, 0x00, 0x00, 0x00,
    0x00, 0x00, 0x00, 0x00, 0x00, 0x00, 0x00, 0x00,
    0x00, 0x00, 0x00, 0x00, 0x00, 0x00, 0x00, 0x00,
    0x00, 0x00, 0x00, 0x00, 0x00, 0x00, 0x00, 0x00,
    0x00, 0x00, 0x00, 0x00, 0x00, 0x00, 0x00, 0x00,
    0x00, 0x00, 0x00, 0x00, 0x00, 0x00, 0x00, 0x00,
    0x00, 0x00, 0x00, 0x00, 0x00, 0x00, 0x00, 0x00,
    0x00, 0x00, 0x00, 0x00, 0x00, 0x00, 0x00, 0x00,

    // Tile 736 (0,23)
    0x0F, 0x0F, 0x00, 0x0F, 0x0F, 0x00, 0x0F, 0x0F,
    0x0F, 0x00, 0x00, 0x00, 0x00, 0x00, 0x0F, 0x0F,
    0x00, 0x00, 0x00, 0x00, 0x00, 0x00, 0x00, 0x0F,
    0x00, 0x0F, 0x00, 0x0F, 0x0F, 0x00, 0x00, 0x00,
    0x00, 0x0F, 0x0F, 0x0F, 0x0F, 0x00, 0x0F, 0x0F,
    0x00, 0x00, 0x0F, 0x0F, 0x0F, 0x0F, 0x0F, 0x0F,
    0x00, 0x00, 0x00, 0x0F, 0x0F, 0x0F, 0x0F, 0x0F,
    0x00, 0x00, 0x00, 0x00, 0x0F, 0x0F, 0x00, 0x00,

    0x06, 0x06, 0x06, 0x0F, 0x0F, 0x0F, 0x00, 0x00,
    0x0F, 0x0F, 0x0F, 0x0F, 0x0F, 0x0F, 0x00, 0x00,
    0x00, 0x0F, 0x0F, 0x00, 0x0F, 0x0F, 0x00, 0x0F,
    0x00, 0x0F, 0x0F, 0x00, 0x0F, 0x0F, 0x0F, 0x0F,
    0x00, 0x00, 0x00, 0x0F, 0x0F, 0x0F, 0x0F, 0x00,
    0x00, 0x0F, 0x0F, 0x0F, 0x0F, 0x0F, 0x0F, 0x00,
    0x0F, 0x0F, 0x0F, 0x0F, 0x0F, 0x00, 0x00, 0x00,
    0x00, 0x00, 0x0F, 0x0F, 0x00, 0x00, 0x00, 0x00,

    0x0F, 0x0F, 0x00, 0x0F, 0x0F, 0x00, 0x0F, 0x0F,
    0x0F, 0x00, 0x00, 0x00, 0x00, 0x00, 0x0F, 0x0F,
    0x00, 0x00, 0x00, 0x00, 0x00, 0x00, 0x00, 0x0F,
    0x00, 0x00, 0x00, 0x00, 0x00, 0x00, 0x00, 0x00,
    0x00, 0x0F, 0x00, 0x0F, 0x00, 0x00, 0x00, 0x00,
    0x00, 0x00, 0x0F, 0x0F, 0x0F, 0x00, 0x0F, 0x0F,
    0x00, 0x00, 0x0F, 0x0F, 0x0F, 0x0F, 0x0F, 0x0F,
    0x00, 0x0F, 0x0F, 0x0F, 0x0F, 0x00, 0x00, 0x0F,

    0x06, 0x06, 0x06, 0x0F, 0x0F, 0x0F, 0x00, 0x00,
    0x0F, 0x0F, 0x0F, 0x0F, 0x0F, 0x0F, 0x00, 0x00,
    0x00, 0x0F, 0x0F, 0x00, 0x0F, 0x0F, 0x00, 0x00,
    0x00, 0x0F, 0x0F, 0x00, 0x0F, 0x0F, 0x00, 0x00,
    0x00, 0x00, 0x00, 0x0F, 0x0F, 0x0F, 0x0F, 0x00,
    0x00, 0x0F, 0x0F, 0x0F, 0x0F, 0x0F, 0x0F, 0x0F,
    0x0F, 0x0F, 0x0F, 0x0F, 0x0F, 0x0F, 0x0F, 0x0F,
    0x0F, 0x0F, 0x0F, 0x00, 0x00, 0x00, 0x00, 0x00,

    // Tile 740 (4,23)
    0x00, 0x0F, 0x0F, 0x0F, 0x0F, 0x0F, 0x0F, 0x0F,
    0x00, 0x00, 0x00, 0x00, 0x0F, 0x0F, 0x0F, 0x0F,
    0x00, 0x00, 0x0F, 0x0F, 0x00, 0x0F, 0x0F, 0x0F,
    0x00, 0x0F, 0x0F, 0x0F, 0x0F, 0x0F, 0x0F, 0x0F,
    0x00, 0x0F, 0x0F, 0x0F, 0x0F, 0x0F, 0x0F, 0x0F,
    0x00, 0x00, 0x0F, 0x0F, 0x0F, 0x0F, 0x0F, 0x0F,
    0x00, 0x00, 0x00, 0x0F, 0x0F, 0x0F, 0x00, 0x00,
    0x00, 0x00, 0x00, 0x00, 0x00, 0x00, 0x00, 0x00,

    0x0F, 0x0F, 0x0F, 0x0F, 0x0F, 0x0F, 0x0F, 0x0F,
    0x0F, 0x0F, 0x0F, 0x00, 0x0F, 0x0F, 0x0F, 0x0F,
    0x0F, 0x0F, 0x0F, 0x00, 0x0F, 0x0F, 0x0F, 0x0F,
    0x0F, 0x00, 0x00, 0x0F, 0x0F, 0x0F, 0x0F, 0x00,
    0x0F, 0x0F, 0x0F, 0x0F, 0x0F, 0x0F, 0x0F, 0x00,
    0x0F, 0x0F, 0x0F, 0x00, 0x0F, 0x0F, 0x00, 0x00,
    0x0F, 0x0F, 0x00, 0x00, 0x00, 0x00, 0x00, 0x00,
    0x00, 0x00, 0x00, 0x00, 0x00, 0x00, 0x00, 0x00,

    0x00, 0x00, 0x00, 0x0F, 0x0F, 0x0F, 0x0F, 0x0F,
    0x00, 0x00, 0x00, 0x00, 0x0F, 0x0F, 0x0F, 0x0F,
    0x00, 0x00, 0x00, 0x00, 0x00, 0x0F, 0x0F, 0x0F,
    0x00, 0x00, 0x00, 0x00, 0x00, 0x0F, 0x0F, 0x0F,
    0x00, 0x00, 0x00, 0x00, 0x00, 0x00, 0x0F, 0x0F,
    0x00, 0x00, 0x00, 0x00, 0x00, 0x00, 0x00, 0x00,
    0x00, 0x00, 0x00, 0x00, 0x00, 0x00, 0x00, 0x00,
    0x00, 0x00, 0x00, 0x00, 0x00, 0x00, 0x00, 0x00,

    0x0F, 0x0F, 0x00, 0x0F, 0x0F, 0x00, 0x00, 0x00,
    0x0F, 0x00, 0x0F, 0x0F, 0x0F, 0x00, 0x00, 0x00,
    0x0F, 0x00, 0x0F, 0x0F, 0x00, 0x00, 0x00, 0x00,
    0x0F, 0x0F, 0x00, 0x00, 0x00, 0x00, 0x00, 0x00,
    0x0F, 0x00, 0x00, 0x00, 0x00, 0x00, 0x00, 0x00,
    0x00, 0x00, 0x00, 0x00, 0x00, 0x00, 0x00, 0x00,
    0x00, 0x00, 0x00, 0x00, 0x00, 0x00, 0x00, 0x00,
    0x00, 0x00, 0x00, 0x00, 0x00, 0x00, 0x00, 0x00,

    // Tile 744 (8,23)
    0x00, 0x00, 0x00, 0x00, 0x00, 0x00, 0x00, 0x00,
    0x00, 0x00, 0x00, 0x00, 0x00, 0x00, 0x00, 0x00,
    0x00, 0x00, 0x00, 0x00, 0x00, 0x00, 0x00, 0x00,
    0x00, 0x00, 0x00, 0x00, 0x00, 0x00, 0x00, 0x00,
    0x00, 0x00, 0x00, 0x00, 0x00, 0x00, 0x00, 0x00,
    0x00, 0x00, 0x00, 0x00, 0x00, 0x00, 0x00, 0x00,
    0x00, 0x00, 0x00, 0x00, 0x00, 0x00, 0x00, 0x00,
    0x00, 0x00, 0x00, 0x00, 0x00, 0x00, 0x00, 0x00,

    0x00, 0x00, 0x00, 0x00, 0x00, 0x00, 0x00, 0x00,
    0x00, 0x00, 0x00, 0x00, 0x00, 0x00, 0x00, 0x00,
    0x00, 0x00, 0x00, 0x00, 0x00, 0x00, 0x00, 0x00,
    0x00, 0x00, 0x00, 0x00, 0x00, 0x00, 0x00, 0x00,
    0x00, 0x00, 0x00, 0x00, 0x00, 0x00, 0x00, 0x00,
    0x00, 0x00, 0x00, 0x00, 0x00, 0x00, 0x00, 0x00,
    0x00, 0x00, 0x00, 0x00, 0x00, 0x00, 0x00, 0x00,
    0x00, 0x00, 0x00, 0x00, 0x00, 0x00, 0x00, 0x00,

    0x00, 0x00, 0x00, 0x00, 0x00, 0x00, 0x00, 0x00,
    0x00, 0x00, 0x00, 0x00, 0x00, 0x00, 0x00, 0x00,
    0x00, 0x00, 0x00, 0x00, 0x00, 0x00, 0x00, 0x00,
    0x00, 0x00, 0x00, 0x00, 0x00, 0x00, 0x00, 0x00,
    0x00, 0x00, 0x00, 0x00, 0x00, 0x00, 0x00, 0x00,
    0x00, 0x00, 0x00, 0x00, 0x00, 0x00, 0x00, 0x00,
    0x00, 0x00, 0x00, 0x00, 0x00, 0x00, 0x00, 0x00,
    0x00, 0x00, 0x00, 0x00, 0x00, 0x00, 0x00, 0x00,

    0x00, 0x00, 0x00, 0x00, 0x00, 0x00, 0x00, 0x00,
    0x00, 0x00, 0x00, 0x00, 0x00, 0x00, 0x00, 0x00,
    0x00, 0x00, 0x00, 0x00, 0x00, 0x00, 0x00, 0x00,
    0x00, 0x00, 0x00, 0x00, 0x00, 0x00, 0x00, 0x00,
    0x00, 0x00, 0x00, 0x00, 0x00, 0x00, 0x00, 0x00,
    0x00, 0x00, 0x00, 0x00, 0x00, 0x00, 0x00, 0x00,
    0x00, 0x00, 0x00, 0x00, 0x00, 0x00, 0x00, 0x00,
    0x00, 0x00, 0x00, 0x00, 0x00, 0x00, 0x00, 0x00,

    // Tile 748 (12,23)
    0x00, 0x00, 0x00, 0x00, 0x00, 0x00, 0x00, 0x00,
    0x00, 0x00, 0x00, 0x00, 0x00, 0x00, 0x00, 0x00,
    0x00, 0x00, 0x00, 0x00, 0x00, 0x00, 0x00, 0x00,
    0x00, 0x00, 0x00, 0x00, 0x00, 0x00, 0x00, 0x00,
    0x00, 0x00, 0x00, 0x00, 0x00, 0x00, 0x00, 0x00,
    0x00, 0x00, 0x00, 0x00, 0x00, 0x00, 0x00, 0x00,
    0x00, 0x00, 0x00, 0x00, 0x00, 0x00, 0x00, 0x00,
    0x00, 0x00, 0x00, 0x00, 0x00, 0x00, 0x00, 0x00,

    0x00, 0x00, 0x00, 0x00, 0x00, 0x00, 0x00, 0x00,
    0x00, 0x00, 0x00, 0x00, 0x00, 0x00, 0x00, 0x00,
    0x00, 0x00, 0x00, 0x00, 0x00, 0x00, 0x00, 0x00,
    0x00, 0x00, 0x00, 0x00, 0x00, 0x00, 0x00, 0x00,
    0x00, 0x00, 0x00, 0x00, 0x00, 0x00, 0x00, 0x00,
    0x00, 0x00, 0x00, 0x00, 0x00, 0x00, 0x00, 0x00,
    0x00, 0x00, 0x00, 0x00, 0x00, 0x00, 0x00, 0x00,
    0x00, 0x00, 0x00, 0x00, 0x00, 0x00, 0x00, 0x00,

    0x00, 0x00, 0x00, 0x00, 0x00, 0x00, 0x00, 0x00,
    0x00, 0x00, 0x00, 0x00, 0x00, 0x00, 0x00, 0x00,
    0x00, 0x00, 0x00, 0x00, 0x00, 0x00, 0x00, 0x00,
    0x00, 0x00, 0x00, 0x00, 0x00, 0x00, 0x00, 0x00,
    0x00, 0x00, 0x00, 0x00, 0x00, 0x00, 0x00, 0x00,
    0x00, 0x00, 0x00, 0x00, 0x00, 0x00, 0x00, 0x00,
    0x00, 0x00, 0x00, 0x00, 0x00, 0x00, 0x00, 0x00,
    0x00, 0x00, 0x00, 0x00, 0x00, 0x00, 0x00, 0x00,

    0x00, 0x00, 0x00, 0x00, 0x00, 0x00, 0x00, 0x00,
    0x00, 0x00, 0x00, 0x00, 0x00, 0x00, 0x00, 0x00,
    0x00, 0x00, 0x00, 0x00, 0x00, 0x00, 0x00, 0x00,
    0x00, 0x00, 0x00, 0x00, 0x00, 0x00, 0x00, 0x00,
    0x00, 0x00, 0x00, 0x00, 0x00, 0x00, 0x00, 0x00,
    0x00, 0x00, 0x00, 0x00, 0x00, 0x00, 0x00, 0x00,
    0x00, 0x00, 0x00, 0x00, 0x00, 0x00, 0x00, 0x00,
    0x00, 0x00, 0x00, 0x00, 0x00, 0x00, 0x00, 0x00,

    // Tile 752 (16,23)
    0x00, 0x00, 0x00, 0x00, 0x00, 0x00, 0x00, 0x00,
    0x00, 0x00, 0x00, 0x00, 0x00, 0x00, 0x00, 0x00,
    0x00, 0x00, 0x00, 0x00, 0x00, 0x00, 0x00, 0x00,
    0x00, 0x00, 0x00, 0x00, 0x00, 0x00, 0x00, 0x00,
    0x00, 0x00, 0x00, 0x00, 0x00, 0x00, 0x00, 0x00,
    0x00, 0x00, 0x00, 0x00, 0x00, 0x00, 0x00, 0x00,
    0x00, 0x00, 0x00, 0x00, 0x00, 0x00, 0x00, 0x00,
    0x00, 0x00, 0x00, 0x00, 0x00, 0x00, 0x00, 0x00,

    0x00, 0x00, 0x00, 0x00, 0x00, 0x00, 0x00, 0x00,
    0x00, 0x00, 0x00, 0x00, 0x00, 0x00, 0x00, 0x00,
    0x00, 0x00, 0x00, 0x00, 0x00, 0x00, 0x00, 0x00,
    0x00, 0x00, 0x00, 0x00, 0x00, 0x00, 0x00, 0x00,
    0x00, 0x00, 0x00, 0x00, 0x00, 0x00, 0x00, 0x00,
    0x00, 0x00, 0x00, 0x00, 0x00, 0x00, 0x00, 0x00,
    0x00, 0x00, 0x00, 0x00, 0x00, 0x00, 0x00, 0x00,
    0x00, 0x00, 0x00, 0x00, 0x00, 0x00, 0x00, 0x00,

    0x00, 0x00, 0x00, 0x00, 0x00, 0x00, 0x00, 0x00,
    0x00, 0x00, 0x00, 0x00, 0x00, 0x00, 0x00, 0x00,
    0x00, 0x00, 0x00, 0x00, 0x00, 0x00, 0x00, 0x00,
    0x00, 0x00, 0x00, 0x00, 0x00, 0x00, 0x00, 0x00,
    0x00, 0x00, 0x00, 0x00, 0x00, 0x00, 0x00, 0x00,
    0x00, 0x00, 0x00, 0x00, 0x00, 0x00, 0x00, 0x00,
    0x00, 0x00, 0x00, 0x00, 0x00, 0x00, 0x00, 0x00,
    0x00, 0x00, 0x00, 0x00, 0x00, 0x00, 0x00, 0x00,

    0x00, 0x00, 0x00, 0x00, 0x00, 0x00, 0x00, 0x00,
    0x00, 0x00, 0x00, 0x00, 0x00, 0x00, 0x00, 0x00,
    0x00, 0x00, 0x00, 0x00, 0x00, 0x00, 0x00, 0x00,
    0x00, 0x00, 0x00, 0x00, 0x00, 0x00, 0x00, 0x00,
    0x00, 0x00, 0x00, 0x00, 0x00, 0x00, 0x00, 0x00,
    0x00, 0x00, 0x00, 0x00, 0x00, 0x00, 0x00, 0x00,
    0x00, 0x00, 0x00, 0x00, 0x00, 0x00, 0x00, 0x00,
    0x00, 0x00, 0x00, 0x00, 0x00, 0x00, 0x00, 0x00,

    // Tile 756 (20,23)
    0x00, 0x00, 0x00, 0x00, 0x00, 0x00, 0x00, 0x00,
    0x00, 0x00, 0x00, 0x00, 0x00, 0x00, 0x00, 0x00,
    0x00, 0x00, 0x00, 0x00, 0x00, 0x00, 0x00, 0x00,
    0x00, 0x00, 0x00, 0x00, 0x00, 0x00, 0x00, 0x00,
    0x00, 0x00, 0x00, 0x00, 0x00, 0x00, 0x00, 0x00,
    0x00, 0x00, 0x00, 0x00, 0x00, 0x00, 0x00, 0x00,
    0x00, 0x00, 0x00, 0x00, 0x00, 0x00, 0x00, 0x00,
    0x00, 0x00, 0x00, 0x00, 0x00, 0x00, 0x00, 0x00,

    0x00, 0x00, 0x00, 0x00, 0x00, 0x00, 0x00, 0x00,
    0x00, 0x00, 0x00, 0x00, 0x00, 0x00, 0x00, 0x00,
    0x00, 0x00, 0x00, 0x00, 0x00, 0x00, 0x00, 0x00,
    0x00, 0x00, 0x00, 0x00, 0x00, 0x00, 0x00, 0x00,
    0x00, 0x00, 0x00, 0x00, 0x00, 0x00, 0x00, 0x00,
    0x00, 0x00, 0x00, 0x00, 0x00, 0x00, 0x00, 0x00,
    0x00, 0x00, 0x00, 0x00, 0x00, 0x00, 0x00, 0x00,
    0x00, 0x00, 0x00, 0x00, 0x00, 0x00, 0x00, 0x00,

    0x00, 0x00, 0x00, 0x00, 0x00, 0x00, 0x00, 0x00,
    0x00, 0x00, 0x00, 0x00, 0x00, 0x00, 0x00, 0x00,
    0x00, 0x00, 0x00, 0x00, 0x00, 0x00, 0x00, 0x00,
    0x00, 0x00, 0x00, 0x00, 0x00, 0x00, 0x00, 0x00,
    0x00, 0x00, 0x00, 0x00, 0x00, 0x00, 0x00, 0x00,
    0x00, 0x00, 0x00, 0x00, 0x00, 0x00, 0x00, 0x00,
    0x00, 0x00, 0x00, 0x00, 0x00, 0x00, 0x00, 0x00,
    0x00, 0x00, 0x00, 0x00, 0x00, 0x00, 0x00, 0x00,

    0x00, 0x00, 0x00, 0x00, 0x00, 0x00, 0x00, 0x00,
    0x00, 0x00, 0x00, 0x00, 0x00, 0x00, 0x00, 0x00,
    0x00, 0x00, 0x00, 0x00, 0x00, 0x00, 0x00, 0x00,
    0x00, 0x00, 0x00, 0x00, 0x00, 0x00, 0x00, 0x00,
    0x00, 0x00, 0x00, 0x00, 0x00, 0x00, 0x00, 0x00,
    0x00, 0x00, 0x00, 0x00, 0x00, 0x00, 0x00, 0x00,
    0x00, 0x00, 0x00, 0x00, 0x00, 0x00, 0x00, 0x00,
    0x00, 0x00, 0x00, 0x00, 0x00, 0x00, 0x00, 0x00,

    // Tile 760 (24,23)
    0x00, 0x00, 0x00, 0x00, 0x00, 0x00, 0x00, 0x00,
    0x00, 0x00, 0x00, 0x00, 0x00, 0x00, 0x00, 0x00,
    0x00, 0x00, 0x00, 0x00, 0x00, 0x00, 0x00, 0x00,
    0x00, 0x00, 0x00, 0x00, 0x00, 0x00, 0x00, 0x00,
    0x00, 0x00, 0x00, 0x00, 0x00, 0x00, 0x00, 0x00,
    0x00, 0x00, 0x00, 0x00, 0x00, 0x00, 0x00, 0x00,
    0x00, 0x00, 0x00, 0x00, 0x00, 0x00, 0x00, 0x00,
    0x00, 0x00, 0x00, 0x00, 0x00, 0x00, 0x00, 0x00,

    0x00, 0x00, 0x00, 0x00, 0x00, 0x00, 0x00, 0x00,
    0x00, 0x00, 0x00, 0x00, 0x00, 0x00, 0x00, 0x00,
    0x00, 0x00, 0x00, 0x00, 0x00, 0x00, 0x00, 0x00,
    0x00, 0x00, 0x00, 0x00, 0x00, 0x00, 0x00, 0x00,
    0x00, 0x00, 0x00, 0x00, 0x00, 0x00, 0x00, 0x00,
    0x00, 0x00, 0x00, 0x00, 0x00, 0x00, 0x00, 0x00,
    0x00, 0x00, 0x00, 0x00, 0x00, 0x00, 0x00, 0x00,
    0x00, 0x00, 0x00, 0x00, 0x00, 0x00, 0x00, 0x00,

    0x00, 0x00, 0x00, 0x00, 0x00, 0x00, 0x00, 0x00,
    0x00, 0x00, 0x00, 0x00, 0x00, 0x00, 0x00, 0x00,
    0x00, 0x00, 0x00, 0x00, 0x00, 0x00, 0x00, 0x00,
    0x00, 0x00, 0x00, 0x00, 0x00, 0x00, 0x00, 0x00,
    0x00, 0x00, 0x00, 0x00, 0x00, 0x00, 0x00, 0x00,
    0x00, 0x00, 0x00, 0x00, 0x00, 0x00, 0x00, 0x00,
    0x00, 0x00, 0x00, 0x00, 0x00, 0x00, 0x00, 0x00,
    0x00, 0x00, 0x00, 0x00, 0x00, 0x00, 0x00, 0x00,

    0x00, 0x00, 0x00, 0x00, 0x00, 0x00, 0x00, 0x00,
    0x00, 0x00, 0x00, 0x00, 0x00, 0x00, 0x00, 0x00,
    0x00, 0x00, 0x00, 0x00, 0x00, 0x00, 0x00, 0x00,
    0x00, 0x00, 0x00, 0x00, 0x00, 0x00, 0x00, 0x00,
    0x00, 0x00, 0x00, 0x00, 0x00, 0x00, 0x00, 0x00,
    0x00, 0x00, 0x00, 0x00, 0x00, 0x00, 0x00, 0x00,
    0x00, 0x00, 0x00, 0x00, 0x00, 0x00, 0x00, 0x00,
    0x00, 0x00, 0x00, 0x00, 0x00, 0x00, 0x00, 0x00,

    // Tile 764 (28,23)
    0x00, 0x00, 0x00, 0x00, 0x00, 0x00, 0x00, 0x00,
    0x00, 0x00, 0x00, 0x00, 0x00, 0x00, 0x00, 0x00,
    0x00, 0x00, 0x00, 0x00, 0x00, 0x00, 0x00, 0x00,
    0x00, 0x00, 0x00, 0x00, 0x00, 0x00, 0x00, 0x00,
    0x00, 0x00, 0x00, 0x00, 0x00, 0x00, 0x00, 0x00,
    0x00, 0x00, 0x00, 0x00, 0x00, 0x00, 0x00, 0x00,
    0x00, 0x00, 0x00, 0x00, 0x00, 0x00, 0x00, 0x00,
    0x00, 0x00, 0x00, 0x00, 0x00, 0x00, 0x00, 0x00,

    0x00, 0x00, 0x00, 0x00, 0x00, 0x00, 0x00, 0x00,
    0x00, 0x00, 0x00, 0x00, 0x00, 0x00, 0x00, 0x00,
    0x00, 0x00, 0x00, 0x00, 0x00, 0x00, 0x00, 0x00,
    0x00, 0x00, 0x00, 0x00, 0x00, 0x00, 0x00, 0x00,
    0x00, 0x00, 0x00, 0x00, 0x00, 0x00, 0x00, 0x00,
    0x00, 0x00, 0x00, 0x00, 0x00, 0x00, 0x00, 0x00,
    0x00, 0x00, 0x00, 0x00, 0x00, 0x00, 0x00, 0x00,
    0x00, 0x00, 0x00, 0x00, 0x00, 0x00, 0x00, 0x00,

    0x00, 0x00, 0x00, 0x00, 0x00, 0x00, 0x00, 0x00,
    0x00, 0x00, 0x00, 0x00, 0x00, 0x00, 0x00, 0x00,
    0x00, 0x00, 0x00, 0x00, 0x00, 0x00, 0x00, 0x00,
    0x00, 0x00, 0x00, 0x00, 0x00, 0x00, 0x00, 0x00,
    0x00, 0x00, 0x00, 0x00, 0x00, 0x00, 0x00, 0x00,
    0x00, 0x00, 0x00, 0x00, 0x00, 0x00, 0x00, 0x00,
    0x00, 0x00, 0x00, 0x00, 0x00, 0x00, 0x00, 0x00,
    0x00, 0x00, 0x00, 0x00, 0x00, 0x00, 0x00, 0x00,

    0x00, 0x00, 0x00, 0x00, 0x00, 0x00, 0x00, 0x00,
    0x00, 0x00, 0x00, 0x00, 0x00, 0x00, 0x00, 0x00,
    0x00, 0x00, 0x00, 0x00, 0x00, 0x00, 0x00, 0x00,
    0x00, 0x00, 0x00, 0x00, 0x00, 0x00, 0x00, 0x00,
    0x00, 0x00, 0x00, 0x00, 0x00, 0x00, 0x00, 0x00,
    0x00, 0x00, 0x00, 0x00, 0x00, 0x00, 0x00, 0x00,
    0x00, 0x00, 0x00, 0x00, 0x00, 0x00, 0x00, 0x00,
    0x00, 0x00, 0x00, 0x00, 0x00, 0x00, 0x00, 0x00,
};

// 49152 bytes total