/*
 * Auto-generated sprite data from Items.png
 * Generated by convert_sprites.py
 */

// Items
// 72 x 8 tiles (576 total)
// Each tile is 8x8 pixels

// Total: 576 tiles

// Unique colors used: 15
// Color indices: ['0x0', '0x1', '0x2', '0x3', '0x4', '0x5', '0x6', '0x7', '0x8', '0x9', '0xa', '0xb', '0xc', '0xe', '0xf']

const char Items[] PROGMEM = {
    // Tile 0 (0,0)
    0x00, 0x00, 0x00, 0x00, 0x00, 0x00, 0x00, 0x00,
    0x00, 0x00, 0x00, 0x05, 0x05, 0x05, 0x00, 0x03,
    0x00, 0x00, 0x05, 0x05, 0x05, 0x05, 0x05, 0x05,
    0x00, 0x05, 0x05, 0x0F, 0x0F, 0x05, 0x05, 0x05,
    0x00, 0x05, 0x03, 0x0F, 0x0F, 0x05, 0x05, 0x03,
    0x00, 0x05, 0x03, 0x03, 0x03, 0x05, 0x03, 0x0F,
    0x00, 0x05, 0x03, 0x03, 0x03, 0x05, 0x03, 0x03,
    0x00, 0x00, 0x05, 0x03, 0x03, 0x05, 0x03, 0x03,

    0x03, 0x03, 0x00, 0x00, 0x00, 0x00, 0x00, 0x00,
    0x03, 0x00, 0x00, 0x05, 0x05, 0x00, 0x00, 0x00,
    0x05, 0x05, 0x05, 0x05, 0x05, 0x05, 0x00, 0x00,
    0x05, 0x05, 0x03, 0x03, 0x03, 0x03, 0x05, 0x00,
    0x03, 0x03, 0x05, 0x03, 0x03, 0x03, 0x03, 0x00,
    0x03, 0x03, 0x03, 0x03, 0x03, 0x03, 0x03, 0x00,
    0x03, 0x03, 0x03, 0x03, 0x03, 0x03, 0x03, 0x00,
    0x03, 0x03, 0x03, 0x03, 0x03, 0x03, 0x00, 0x00,

    0x00, 0x00, 0x00, 0x00, 0x00, 0x00, 0x00, 0x00,
    0x00, 0x00, 0x00, 0x00, 0x00, 0x00, 0x00, 0x00,
    0x00, 0x00, 0x00, 0x00, 0x00, 0x00, 0x00, 0x00,
    0x00, 0x00, 0x00, 0x00, 0x00, 0x00, 0x00, 0x00,
    0x00, 0x00, 0x00, 0x00, 0x00, 0x00, 0x00, 0x00,
    0x00, 0x00, 0x00, 0x00, 0x00, 0x00, 0x06, 0x06,
    0x00, 0x00, 0x06, 0x06, 0x06, 0x06, 0x06, 0x06,
    0x00, 0x06, 0x06, 0x0F, 0x0F, 0x06, 0x06, 0x06,

    0x00, 0x00, 0x00, 0x00, 0x00, 0x00, 0x00, 0x00,
    0x00, 0x00, 0x00, 0x05, 0x05, 0x05, 0x03, 0x00,
    0x00, 0x00, 0x05, 0x06, 0x05, 0x05, 0x03, 0x03,
    0x00, 0x00, 0x06, 0x05, 0x03, 0x05, 0x05, 0x03,
    0x06, 0x06, 0x06, 0x05, 0x06, 0x03, 0x03, 0x03,
    0x06, 0x06, 0x06, 0x06, 0x03, 0x03, 0x03, 0x03,
    0x06, 0x06, 0x06, 0x06, 0x06, 0x06, 0x03, 0x00,
    0x06, 0x06, 0x06, 0x06, 0x06, 0x06, 0x00, 0x00,

    // Tile 4 (4,0)
    0x00, 0x00, 0x00, 0x00, 0x00, 0x00, 0x00, 0x00,
    0x00, 0x00, 0x00, 0x00, 0x00, 0x00, 0x00, 0x00,
    0x00, 0x00, 0x00, 0x00, 0x00, 0x00, 0x00, 0x00,
    0x00, 0x00, 0x00, 0x00, 0x00, 0x00, 0x00, 0x00,
    0x00, 0x00, 0x00, 0x00, 0x00, 0x00, 0x00, 0x08,
    0x00, 0x00, 0x00, 0x00, 0x00, 0x00, 0x08, 0x09,
    0x00, 0x00, 0x00, 0x00, 0x00, 0x08, 0x08, 0x08,
    0x00, 0x00, 0x00, 0x00, 0x08, 0x09, 0x08, 0x08,

    0x00, 0x00, 0x00, 0x00, 0x00, 0x00, 0x00, 0x00,
    0x00, 0x00, 0x05, 0x03, 0x00, 0x05, 0x05, 0x00,
    0x00, 0x00, 0x03, 0x00, 0x05, 0x05, 0x03, 0x00,
    0x08, 0x09, 0x08, 0x03, 0x05, 0x03, 0x00, 0x00,
    0x09, 0x09, 0x09, 0x08, 0x03, 0x00, 0x05, 0x00,
    0x09, 0x09, 0x08, 0x09, 0x08, 0x03, 0x03, 0x03,
    0x09, 0x08, 0x08, 0x09, 0x08, 0x00, 0x00, 0x00,
    0x08, 0x09, 0x08, 0x08, 0x07, 0x00, 0x00, 0x00,

    0x00, 0x00, 0x00, 0x00, 0x00, 0x00, 0x00, 0x00,
    0x00, 0x00, 0x00, 0x00, 0x00, 0x00, 0x00, 0x08,
    0x00, 0x00, 0x00, 0x00, 0x00, 0x00, 0x08, 0x09,
    0x00, 0x00, 0x00, 0x00, 0x00, 0x08, 0x09, 0x08,
    0x00, 0x00, 0x00, 0x00, 0x08, 0x09, 0x08, 0x09,
    0x00, 0x00, 0x00, 0x08, 0x09, 0x0F, 0x0F, 0x09,
    0x00, 0x00, 0x08, 0x09, 0x09, 0x0F, 0x0F, 0x09,
    0x00, 0x00, 0x08, 0x09, 0x08, 0x09, 0x09, 0x08,

    0x00, 0x00, 0x00, 0x00, 0x00, 0x00, 0x00, 0x00,
    0x09, 0x08, 0x00, 0x09, 0x00, 0x00, 0x00, 0x00,
    0x08, 0x08, 0x00, 0x00, 0x00, 0x00, 0x00, 0x00,
    0x08, 0x09, 0x08, 0x00, 0x00, 0x00, 0x00, 0x00,
    0x09, 0x08, 0x09, 0x08, 0x00, 0x00, 0x00, 0x00,
    0x09, 0x08, 0x09, 0x09, 0x08, 0x00, 0x00, 0x00,
    0x09, 0x09, 0x08, 0x09, 0x09, 0x08, 0x00, 0x00,
    0x08, 0x09, 0x09, 0x08, 0x09, 0x08, 0x00, 0x00,

    // Tile 8 (8,0)
    0x00, 0x00, 0x00, 0x00, 0x00, 0x00, 0x00, 0x00,
    0x00, 0x00, 0x00, 0x00, 0x00, 0x00, 0x00, 0x00,
    0x00, 0x00, 0x00, 0x00, 0x00, 0x00, 0x00, 0x00,
    0x00, 0x00, 0x00, 0x00, 0x00, 0x07, 0x07, 0x07,
    0x00, 0x00, 0x00, 0x00, 0x07, 0x07, 0x0A, 0x0A,
    0x00, 0x00, 0x00, 0x07, 0x07, 0x0F, 0x0F, 0x0A,
    0x00, 0x00, 0x00, 0x07, 0x0A, 0x0F, 0x0A, 0x07,
    0x00, 0x00, 0x07, 0x07, 0x0A, 0x0A, 0x07, 0x07,

    0x00, 0x00, 0x00, 0x00, 0x00, 0x00, 0x00, 0x00,
    0x00, 0x05, 0x03, 0x00, 0x00, 0x05, 0x03, 0x00,
    0x00, 0x05, 0x03, 0x00, 0x05, 0x03, 0x03, 0x00,
    0x07, 0x05, 0x03, 0x05, 0x03, 0x03, 0x00, 0x00,
    0x07, 0x07, 0x05, 0x03, 0x03, 0x00, 0x00, 0x00,
    0x07, 0x07, 0x07, 0x05, 0x03, 0x05, 0x05, 0x00,
    0x07, 0x07, 0x07, 0x07, 0x05, 0x03, 0x03, 0x05,
    0x07, 0x07, 0x07, 0x07, 0x05, 0x00, 0x00, 0x00,

    0x00, 0x00, 0x00, 0x00, 0x00, 0x00, 0x00, 0x00,
    0x00, 0x00, 0x00, 0x00, 0x00, 0x00, 0x00, 0x00,
    0x00, 0x00, 0x00, 0x00, 0x00, 0x00, 0x00, 0x00,
    0x00, 0x00, 0x00, 0x00, 0x00, 0x0F, 0x0F, 0x0F,
    0x00, 0x00, 0x00, 0x00, 0x0F, 0x0F, 0x0F, 0x0F,
    0x00, 0x00, 0x00, 0x0F, 0x0F, 0x0F, 0x0F, 0x0F,
    0x00, 0x00, 0x00, 0x0F, 0x0F, 0x0F, 0x0F, 0x0F,
    0x00, 0x00, 0x0F, 0x0F, 0x0F, 0x0F, 0x0F, 0x0F,

    0x00, 0x00, 0x00, 0x00, 0x00, 0x00, 0x00, 0x00,
    0x00, 0x05, 0x03, 0x00, 0x00, 0x05, 0x03, 0x00,
    0x00, 0x05, 0x03, 0x00, 0x05, 0x03, 0x03, 0x00,
    0x0F, 0x0F, 0x03, 0x05, 0x03, 0x03, 0x00, 0x00,
    0x0F, 0x0F, 0x0A, 0x03, 0x03, 0x00, 0x00, 0x00,
    0x0F, 0x0F, 0x0F, 0x0A, 0x03, 0x05, 0x05, 0x00,
    0x0F, 0x0F, 0x0F, 0x0F, 0x0A, 0x03, 0x03, 0x05,
    0x0F, 0x0F, 0x0F, 0x0F, 0x0A, 0x00, 0x00, 0x00,

    // Tile 12 (12,0)
    0x00, 0x00, 0x00, 0x00, 0x00, 0x00, 0x00, 0x00,
    0x00, 0x00, 0x00, 0x00, 0x00, 0x00, 0x00, 0x00,
    0x00, 0x00, 0x00, 0x00, 0x00, 0x00, 0x00, 0x00,
    0x00, 0x00, 0x00, 0x00, 0x00, 0x00, 0x00, 0x00,
    0x00, 0x00, 0x00, 0x00, 0x00, 0x00, 0x0F, 0x0F,
    0x00, 0x00, 0x00, 0x00, 0x00, 0x0F, 0x0F, 0x0F,
    0x00, 0x00, 0x00, 0x00, 0x0F, 0x0A, 0x0F, 0x0F,
    0x00, 0x00, 0x00, 0x00, 0x0F, 0x0F, 0x0A, 0x0F,

    0x00, 0x00, 0x00, 0x00, 0x00, 0x00, 0x00, 0x00,
    0x00, 0x00, 0x05, 0x03, 0x00, 0x05, 0x05, 0x00,
    0x00, 0x00, 0x03, 0x00, 0x05, 0x05, 0x03, 0x00,
    0x0F, 0x0F, 0x0A, 0x03, 0x05, 0x03, 0x00, 0x00,
    0x0F, 0x0F, 0x0F, 0x0A, 0x03, 0x00, 0x05, 0x00,
    0x0F, 0x0A, 0x0F, 0x0F, 0x0A, 0x03, 0x03, 0x03,
    0x0F, 0x0F, 0x0A, 0x0F, 0x0A, 0x00, 0x00, 0x00,
    0x0F, 0x0F, 0x0F, 0x0F, 0x0A, 0x00, 0x00, 0x00,

    0x00, 0x00, 0x00, 0x00, 0x00, 0x00, 0x00, 0x00,
    0x00, 0x00, 0x00, 0x00, 0x00, 0x00, 0x00, 0x00,
    0x00, 0x00, 0x00, 0x00, 0x00, 0x00, 0x00, 0x00,
    0x00, 0x00, 0x00, 0x00, 0x00, 0x00, 0x00, 0x00,
    0x00, 0x00, 0x00, 0x00, 0x00, 0x00, 0x00, 0x00,
    0x00, 0x00, 0x00, 0x00, 0x00, 0x00, 0x00, 0x00,
    0x00, 0x00, 0x00, 0x00, 0x00, 0x00, 0x00, 0x00,
    0x00, 0x00, 0x00, 0x00, 0x00, 0x00, 0x00, 0x00,

    0x00, 0x00, 0x00, 0x00, 0x00, 0x00, 0x00, 0x00,
    0x00, 0x00, 0x00, 0x00, 0x00, 0x05, 0x05, 0x00,
    0x00, 0x00, 0x00, 0x00, 0x03, 0x05, 0x03, 0x03,
    0x00, 0x00, 0x00, 0x00, 0x05, 0x05, 0x05, 0x03,
    0x00, 0x00, 0x00, 0x00, 0x05, 0x05, 0x03, 0x03,
    0x00, 0x00, 0x00, 0x00, 0x05, 0x05, 0x03, 0x03,
    0x00, 0x00, 0x00, 0x03, 0x05, 0x05, 0x03, 0x03,
    0x00, 0x00, 0x00, 0x05, 0x05, 0x05, 0x03, 0x03,

    // Tile 16 (16,0)
    0x00, 0x00, 0x00, 0x00, 0x00, 0x00, 0x00, 0x00,
    0x00, 0x00, 0x00, 0x00, 0x00, 0x00, 0x00, 0x00,
    0x00, 0x00, 0x00, 0x00, 0x00, 0x00, 0x00, 0x00,
    0x00, 0x00, 0x00, 0x00, 0x00, 0x00, 0x00, 0x00,
    0x00, 0x00, 0x00, 0x00, 0x00, 0x00, 0x00, 0x00,
    0x00, 0x00, 0x00, 0x00, 0x00, 0x00, 0x00, 0x05,
    0x00, 0x00, 0x00, 0x00, 0x00, 0x00, 0x05, 0x03,
    0x00, 0x00, 0x00, 0x00, 0x00, 0x05, 0x03, 0x03,

    0x00, 0x00, 0x00, 0x00, 0x00, 0x00, 0x00, 0x00,
    0x00, 0x00, 0x00, 0x00, 0x05, 0x05, 0x03, 0x00,
    0x00, 0x00, 0x05, 0x05, 0x03, 0x03, 0x03, 0x00,
    0x00, 0x05, 0x03, 0x03, 0x03, 0x09, 0x00, 0x00,
    0x05, 0x03, 0x03, 0x03, 0x03, 0x05, 0x00, 0x00,
    0x03, 0x03, 0x03, 0x03, 0x03, 0x03, 0x00, 0x00,
    0x03, 0x03, 0x09, 0x05, 0x03, 0x00, 0x00, 0x00,
    0x03, 0x03, 0x05, 0x05, 0x00, 0x00, 0x00, 0x00,

    0x00, 0x00, 0x00, 0x00, 0x00, 0x00, 0x00, 0x00,
    0x00, 0x00, 0x00, 0x08, 0x08, 0x08, 0x08, 0x08,
    0x00, 0x00, 0x08, 0x09, 0x09, 0x08, 0x08, 0x08,
    0x00, 0x08, 0x09, 0x09, 0x09, 0x08, 0x08, 0x08,
    0x00, 0x08, 0x09, 0x09, 0x08, 0x08, 0x08, 0x08,
    0x00, 0x08, 0x08, 0x08, 0x08, 0x08, 0x08, 0x08,
    0x00, 0x08, 0x08, 0x08, 0x08, 0x08, 0x08, 0x08,
    0x00, 0x00, 0x08, 0x08, 0x08, 0x08, 0x08, 0x08,

    0x00, 0x00, 0x00, 0x00, 0x00, 0x00, 0x00, 0x00,
    0x08, 0x08, 0x08, 0x00, 0x00, 0x00, 0x00, 0x00,
    0x08, 0x08, 0x08, 0x08, 0x00, 0x00, 0x00, 0x00,
    0x08, 0x08, 0x08, 0x08, 0x08, 0x00, 0x00, 0x00,
    0x08, 0x08, 0x08, 0x08, 0x08, 0x00, 0x00, 0x00,
    0x08, 0x08, 0x08, 0x08, 0x08, 0x00, 0x00, 0x00,
    0x08, 0x08, 0x08, 0x08, 0x08, 0x00, 0x00, 0x00,
    0x08, 0x08, 0x08, 0x08, 0x00, 0x00, 0x00, 0x00,

    // Tile 20 (20,0)
    0x00, 0x00, 0x00, 0x00, 0x00, 0x00, 0x00, 0x00,
    0x00, 0x00, 0x00, 0x00, 0x00, 0x05, 0x03, 0x03,
    0x00, 0x00, 0x00, 0x00, 0x05, 0x03, 0x03, 0x09,
    0x00, 0x00, 0x00, 0x05, 0x05, 0x03, 0x09, 0x09,
    0x00, 0x00, 0x00, 0x05, 0x03, 0x09, 0x0F, 0x09,
    0x00, 0x00, 0x05, 0x03, 0x09, 0x09, 0x09, 0x09,
    0x00, 0x05, 0x03, 0x09, 0x0F, 0x09, 0x0F, 0x09,
    0x00, 0x05, 0x03, 0x09, 0x09, 0x09, 0x09, 0x09,

    0x00, 0x00, 0x00, 0x00, 0x00, 0x00, 0x00, 0x00,
    0x09, 0x09, 0x09, 0x09, 0x09, 0x09, 0x09, 0x08,
    0x0F, 0x09, 0x0F, 0x09, 0x09, 0x09, 0x09, 0x09,
    0x09, 0x09, 0x09, 0x09, 0x09, 0x08, 0x09, 0x08,
    0x0F, 0x09, 0x09, 0x09, 0x09, 0x09, 0x08, 0x00,
    0x09, 0x09, 0x09, 0x08, 0x09, 0x08, 0x09, 0x00,
    0x09, 0x09, 0x09, 0x09, 0x08, 0x09, 0x00, 0x00,
    0x09, 0x08, 0x09, 0x08, 0x09, 0x00, 0x00, 0x00,

    0x00, 0x00, 0x00, 0x00, 0x00, 0x00, 0x00, 0x00,
    0x00, 0x00, 0x00, 0x0F, 0x0F, 0x0F, 0x0F, 0x0F,
    0x00, 0x00, 0x0F, 0x0F, 0x0F, 0x0F, 0x08, 0x08,
    0x00, 0x0F, 0x0F, 0x0F, 0x0F, 0x08, 0x09, 0x09,
    0x00, 0x0F, 0x0F, 0x0F, 0x08, 0x09, 0x0F, 0x0F,
    0x0A, 0x0F, 0x0F, 0x0F, 0x08, 0x09, 0x0F, 0x0F,
    0x0A, 0x0F, 0x0F, 0x0F, 0x08, 0x09, 0x09, 0x09,
    0x0A, 0x0F, 0x0F, 0x0F, 0x08, 0x08, 0x09, 0x09,

    0x00, 0x00, 0x00, 0x00, 0x00, 0x00, 0x00, 0x00,
    0x0F, 0x0F, 0x0F, 0x0F, 0x0F, 0x00, 0x00, 0x00,
    0x08, 0x08, 0x08, 0x0F, 0x0F, 0x0F, 0x00, 0x00,
    0x09, 0x09, 0x09, 0x08, 0x0F, 0x0F, 0x0F, 0x00,
    0x0F, 0x09, 0x09, 0x09, 0x08, 0x0F, 0x0F, 0x00,
    0x09, 0x09, 0x09, 0x09, 0x08, 0x0F, 0x0F, 0x0F,
    0x09, 0x09, 0x09, 0x09, 0x08, 0x0F, 0x0F, 0x0F,
    0x09, 0x09, 0x09, 0x08, 0x08, 0x0F, 0x0F, 0x0F,

    // Tile 24 (24,0)
    0x00, 0x00, 0x00, 0x00, 0x00, 0x00, 0x00, 0x00,
    0x00, 0x00, 0x00, 0x00, 0x00, 0x00, 0x00, 0x03,
    0x00, 0x00, 0x00, 0x00, 0x00, 0x00, 0x03, 0x03,
    0x00, 0x00, 0x00, 0x00, 0x00, 0x03, 0x03, 0x03,
    0x00, 0x00, 0x00, 0x00, 0x03, 0x08, 0x08, 0x03,
    0x00, 0x00, 0x00, 0x03, 0x08, 0x0F, 0x08, 0x03,
    0x00, 0x00, 0x03, 0x08, 0x0F, 0x08, 0x03, 0x03,
    0x00, 0x00, 0x03, 0x08, 0x08, 0x03, 0x03, 0x03,

    0x00, 0x00, 0x00, 0x00, 0x00, 0x00, 0x00, 0x00,
    0x02, 0x00, 0x00, 0x00, 0x00, 0x00, 0x00, 0x00,
    0x03, 0x02, 0x00, 0x00, 0x00, 0x00, 0x00, 0x00,
    0x03, 0x03, 0x02, 0x00, 0x00, 0x00, 0x00, 0x00,
    0x03, 0x03, 0x03, 0x02, 0x00, 0x00, 0x00, 0x00,
    0x03, 0x03, 0x03, 0x03, 0x02, 0x00, 0x00, 0x00,
    0x03, 0x03, 0x03, 0x03, 0x03, 0x02, 0x00, 0x00,
    0x03, 0x03, 0x03, 0x03, 0x03, 0x02, 0x00, 0x00,

    0x00, 0x00, 0x00, 0x00, 0x00, 0x00, 0x00, 0x00,
    0x00, 0x00, 0x00, 0x00, 0x00, 0x00, 0x00, 0x00,
    0x00, 0x00, 0x00, 0x00, 0x00, 0x00, 0x00, 0x00,
    0x00, 0x00, 0x00, 0x00, 0x00, 0x08, 0x03, 0x08,
    0x00, 0x00, 0x00, 0x08, 0x08, 0x03, 0x03, 0x03,
    0x00, 0x00, 0x08, 0x08, 0x05, 0x03, 0x03, 0x03,
    0x00, 0x00, 0x08, 0x08, 0x08, 0x03, 0x03, 0x03,
    0x00, 0x08, 0x09, 0x0F, 0x08, 0x05, 0x05, 0x03,

    0x00, 0x00, 0x00, 0x00, 0x00, 0x00, 0x00, 0x00,
    0x03, 0x03, 0x03, 0x03, 0x03, 0x03, 0x00, 0x00,
    0x00, 0x03, 0x03, 0x00, 0x00, 0x00, 0x00, 0x00,
    0x03, 0x03, 0x00, 0x00, 0x00, 0x00, 0x00, 0x00,
    0x03, 0x03, 0x03, 0x08, 0x00, 0x00, 0x00, 0x00,
    0x03, 0x03, 0x03, 0x08, 0x08, 0x00, 0x00, 0x00,
    0x03, 0x03, 0x03, 0x03, 0x08, 0x00, 0x00, 0x00,
    0x03, 0x05, 0x03, 0x08, 0x08, 0x08, 0x00, 0x00,

    // Tile 28 (28,0)
    0x00, 0x00, 0x00, 0x00, 0x00, 0x00, 0x00, 0x00,
    0x00, 0x00, 0x00, 0x00, 0x00, 0x00, 0x00, 0x00,
    0x00, 0x00, 0x00, 0x00, 0x00, 0x00, 0x00, 0x00,
    0x00, 0x00, 0x00, 0x00, 0x00, 0x00, 0x08, 0x09,
    0x00, 0x00, 0x00, 0x00, 0x08, 0x09, 0x09, 0x09,
    0x00, 0x00, 0x00, 0x08, 0x09, 0x09, 0x09, 0x0F,
    0x00, 0x00, 0x00, 0x09, 0x09, 0x09, 0x09, 0x0F,
    0x00, 0x00, 0x08, 0x09, 0x09, 0x0F, 0x09, 0x09,

    0x00, 0x00, 0x00, 0x00, 0x00, 0x00, 0x00, 0x00,
    0x00, 0x00, 0x00, 0x00, 0x00, 0x00, 0x00, 0x00,
    0x00, 0x00, 0x00, 0x09, 0x09, 0x00, 0x00, 0x00,
    0x09, 0x09, 0x09, 0x09, 0x03, 0x09, 0x00, 0x00,
    0x09, 0x09, 0x09, 0x09, 0x09, 0x09, 0x00, 0x00,
    0x0F, 0x09, 0x09, 0x09, 0x09, 0x09, 0x00, 0x00,
    0x0F, 0x09, 0x09, 0x09, 0x09, 0x09, 0x00, 0x00,
    0x09, 0x09, 0x09, 0x09, 0x09, 0x09, 0x00, 0x00,

    0x00, 0x00, 0x00, 0x00, 0x00, 0x00, 0x00, 0x00,
    0x00, 0x00, 0x00, 0x00, 0x00, 0x00, 0x00, 0x00,
    0x00, 0x00, 0x00, 0x00, 0x00, 0x00, 0x00, 0x00,
    0x00, 0x00, 0x00, 0x00, 0x00, 0x08, 0x08, 0x00,
    0x00, 0x00, 0x00, 0x09, 0x09, 0x09, 0x08, 0x03,
    0x00, 0x00, 0x09, 0x09, 0x09, 0x08, 0x03, 0x05,
    0x00, 0x00, 0x09, 0x09, 0x09, 0x08, 0x08, 0x08,
    0x00, 0x09, 0x09, 0x0F, 0x0F, 0x09, 0x09, 0x09,

    0x00, 0x00, 0x00, 0x00, 0x00, 0x00, 0x00, 0x00,
    0x00, 0x05, 0x05, 0x05, 0x05, 0x00, 0x00, 0x00,
    0x05, 0x05, 0x05, 0x03, 0x00, 0x00, 0x00, 0x00,
    0x05, 0x08, 0x00, 0x00, 0x00, 0x00, 0x00, 0x00,
    0x08, 0x08, 0x08, 0x08, 0x00, 0x00, 0x00, 0x00,
    0x03, 0x08, 0x08, 0x08, 0x08, 0x00, 0x00, 0x00,
    0x08, 0x08, 0x09, 0x09, 0x08, 0x00, 0x00, 0x00,
    0x09, 0x09, 0x09, 0x09, 0x08, 0x08, 0x00, 0x00,

    // Tile 32 (32,0)
    0x00, 0x00, 0x00, 0x00, 0x00, 0x00, 0x00, 0x00,
    0x00, 0x00, 0x00, 0x00, 0x00, 0x00, 0x09, 0x09,
    0x00, 0x00, 0x00, 0x00, 0x09, 0x09, 0x09, 0x09,
    0x00, 0x00, 0x00, 0x09, 0x09, 0x09, 0x09, 0x09,
    0x00, 0x00, 0x09, 0x09, 0x09, 0x09, 0x09, 0x09,
    0x00, 0x00, 0x09, 0x09, 0x09, 0x09, 0x09, 0x09,
    0x00, 0x09, 0x09, 0x09, 0x09, 0x09, 0x09, 0x09,
    0x00, 0x09, 0x09, 0x09, 0x09, 0x09, 0x09, 0x09,

    0x00, 0x00, 0x00, 0x00, 0x00, 0x00, 0x00, 0x00,
    0x09, 0x00, 0x00, 0x00, 0x00, 0x00, 0x00, 0x00,
    0x09, 0x09, 0x09, 0x00, 0x00, 0x00, 0x00, 0x00,
    0x09, 0x09, 0x09, 0x09, 0x09, 0x00, 0x00, 0x00,
    0x09, 0x09, 0x09, 0x09, 0x09, 0x09, 0x00, 0x00,
    0x09, 0x09, 0x09, 0x09, 0x09, 0x09, 0x00, 0x00,
    0x09, 0x09, 0x09, 0x09, 0x09, 0x09, 0x09, 0x00,
    0x09, 0x09, 0x09, 0x09, 0x09, 0x09, 0x09, 0x00,

    0x00, 0x00, 0x00, 0x00, 0x00, 0x00, 0x00, 0x00,
    0x00, 0x00, 0x00, 0x00, 0x00, 0x00, 0x00, 0x00,
    0x00, 0x00, 0x00, 0x00, 0x00, 0x00, 0x00, 0x00,
    0x00, 0x00, 0x00, 0x00, 0x00, 0x00, 0x00, 0x00,
    0x00, 0x00, 0x00, 0x00, 0x00, 0x00, 0x00, 0x05,
    0x05, 0x05, 0x05, 0x05, 0x05, 0x05, 0x05, 0x09,
    0x05, 0x09, 0x09, 0x09, 0x09, 0x09, 0x09, 0x09,
    0x00, 0x09, 0x09, 0x09, 0x09, 0x09, 0x09, 0x09,

    0x00, 0x00, 0x00, 0x00, 0x00, 0x00, 0x00, 0x00,
    0x00, 0x00, 0x08, 0x09, 0x09, 0x09, 0x00, 0x00,
    0x00, 0x00, 0x00, 0x08, 0x08, 0x08, 0x09, 0x00,
    0x00, 0x05, 0x09, 0x08, 0x08, 0x08, 0x08, 0x08,
    0x05, 0x09, 0x09, 0x09, 0x08, 0x08, 0x00, 0x00,
    0x09, 0x09, 0x09, 0x09, 0x08, 0x08, 0x08, 0x00,
    0x09, 0x09, 0x09, 0x08, 0x09, 0x08, 0x08, 0x00,
    0x09, 0x09, 0x08, 0x09, 0x09, 0x09, 0x08, 0x00,

    // Tile 36 (36,0)
    0x00, 0x00, 0x00, 0x00, 0x00, 0x00, 0x00, 0x00,
    0x00, 0x00, 0x00, 0x00, 0x00, 0x00, 0x00, 0x00,
    0x00, 0x00, 0x00, 0x00, 0x00, 0x00, 0x00, 0x00,
    0x00, 0x00, 0x00, 0x00, 0x00, 0x00, 0x00, 0x00,
    0x00, 0x00, 0x00, 0x00, 0x00, 0x00, 0x00, 0x03,
    0x00, 0x00, 0x00, 0x00, 0x03, 0x03, 0x03, 0x03,
    0x00, 0x00, 0x00, 0x03, 0x03, 0x03, 0x05, 0x05,
    0x00, 0x00, 0x03, 0x03, 0x03, 0x03, 0x0F, 0x0F,

    0x00, 0x00, 0x00, 0x00, 0x00, 0x00, 0x00, 0x00,
    0x00, 0x00, 0x00, 0x05, 0x05, 0x05, 0x00, 0x03,
    0x00, 0x00, 0x05, 0x05, 0x05, 0x03, 0x03, 0x00,
    0x00, 0x03, 0x05, 0x0F, 0x05, 0x05, 0x03, 0x03,
    0x03, 0x03, 0x05, 0x05, 0x05, 0x05, 0x03, 0x03,
    0x03, 0x05, 0x05, 0x05, 0x05, 0x05, 0x03, 0x03,
    0x05, 0x05, 0x05, 0x05, 0x05, 0x05, 0x03, 0x03,
    0x03, 0x05, 0x05, 0x05, 0x05, 0x03, 0x03, 0x03,

    0x00, 0x00, 0x00, 0x00, 0x00, 0x00, 0x00, 0x00,
    0x00, 0x00, 0x00, 0x00, 0x00, 0x00, 0x00, 0x00,
    0x00, 0x00, 0x00, 0x00, 0x00, 0x00, 0x00, 0x00,
    0x0F, 0x0A, 0x0A, 0x0A, 0x0A, 0x0A, 0x0A, 0x0A,
    0x05, 0x05, 0x05, 0x05, 0x05, 0x00, 0x05, 0x05,
    0x05, 0x05, 0x05, 0x05, 0x05, 0x05, 0x05, 0x05,
    0x05, 0x05, 0x05, 0x00, 0x05, 0x05, 0x05, 0x05,
    0x03, 0x05, 0x05, 0x05, 0x05, 0x05, 0x05, 0x05,

    0x00, 0x00, 0x00, 0x00, 0x00, 0x00, 0x00, 0x00,
    0x00, 0x00, 0x00, 0x00, 0x00, 0x00, 0x00, 0x00,
    0x00, 0x00, 0x00, 0x00, 0x00, 0x00, 0x00, 0x00,
    0x0A, 0x0A, 0x0A, 0x0A, 0x0A, 0x0A, 0x0A, 0x0F,
    0x05, 0x05, 0x00, 0x05, 0x05, 0x05, 0x05, 0x05,
    0x05, 0x05, 0x05, 0x05, 0x05, 0x05, 0x05, 0x05,
    0x05, 0x05, 0x05, 0x05, 0x00, 0x05, 0x05, 0x05,
    0x05, 0x05, 0x05, 0x05, 0x05, 0x05, 0x05, 0x05,

    // Tile 40 (40,0)
    0x00, 0x00, 0x00, 0x00, 0x00, 0x00, 0x00, 0x00,
    0x00, 0x00, 0x00, 0x00, 0x00, 0x00, 0x00, 0x07,
    0x00, 0x00, 0x00, 0x00, 0x00, 0x00, 0x00, 0x07,
    0x0F, 0x0F, 0x00, 0x00, 0x00, 0x00, 0x07, 0x0F,
    0x00, 0x00, 0x0F, 0x00, 0x00, 0x00, 0x0F, 0x07,
    0x00, 0x00, 0x00, 0x0F, 0x00, 0x07, 0x0F, 0x0F,
    0x00, 0x00, 0x00, 0x00, 0x0F, 0x0F, 0x0F, 0x0F,
    0x00, 0x00, 0x00, 0x00, 0x0F, 0x0F, 0x0F, 0x0F,

    0x00, 0x00, 0x00, 0x00, 0x00, 0x00, 0x00, 0x00,
    0x07, 0x07, 0x07, 0x00, 0x00, 0x00, 0x00, 0x00,
    0x0F, 0x07, 0x0F, 0x07, 0x00, 0x00, 0x00, 0x00,
    0x07, 0x0F, 0x07, 0x0F, 0x07, 0x00, 0x00, 0x00,
    0x0F, 0x0F, 0x0F, 0x07, 0x0F, 0x00, 0x00, 0x00,
    0x0F, 0x07, 0x0F, 0x0F, 0x0F, 0x07, 0x00, 0x00,
    0x0F, 0x0F, 0x0F, 0x0F, 0x0F, 0x0F, 0x00, 0x00,
    0x0F, 0x0F, 0x0F, 0x0F, 0x0F, 0x0F, 0x00, 0x00,

    0x00, 0x00, 0x00, 0x00, 0x00, 0x00, 0x00, 0x00,
    0x00, 0x00, 0x00, 0x00, 0x00, 0x00, 0x00, 0x09,
    0x00, 0x00, 0x00, 0x00, 0x00, 0x00, 0x00, 0x09,
    0x0F, 0x0F, 0x00, 0x00, 0x00, 0x00, 0x09, 0x0F,
    0x00, 0x00, 0x0F, 0x00, 0x00, 0x00, 0x0F, 0x09,
    0x00, 0x00, 0x00, 0x0F, 0x00, 0x09, 0x0F, 0x0F,
    0x00, 0x00, 0x00, 0x00, 0x0F, 0x0F, 0x0F, 0x0F,
    0x00, 0x00, 0x00, 0x00, 0x0F, 0x0F, 0x0F, 0x0F,

    0x00, 0x00, 0x00, 0x00, 0x00, 0x00, 0x00, 0x00,
    0x09, 0x09, 0x09, 0x00, 0x00, 0x00, 0x00, 0x00,
    0x0F, 0x09, 0x0F, 0x09, 0x00, 0x00, 0x00, 0x00,
    0x09, 0x0F, 0x09, 0x0F, 0x09, 0x00, 0x00, 0x00,
    0x0F, 0x0F, 0x0F, 0x09, 0x0F, 0x00, 0x00, 0x00,
    0x0F, 0x09, 0x0F, 0x0F, 0x0F, 0x09, 0x00, 0x00,
    0x0F, 0x0F, 0x0F, 0x0F, 0x0F, 0x0F, 0x00, 0x00,
    0x0F, 0x0F, 0x0F, 0x0F, 0x0F, 0x0F, 0x00, 0x00,

    // Tile 44 (44,0)
    0x00, 0x00, 0x00, 0x00, 0x00, 0x00, 0x00, 0x00,
    0x00, 0x00, 0x00, 0x00, 0x00, 0x00, 0x00, 0x05,
    0x00, 0x00, 0x00, 0x00, 0x00, 0x00, 0x00, 0x05,
    0x0F, 0x0F, 0x00, 0x00, 0x00, 0x00, 0x05, 0x0F,
    0x00, 0x00, 0x0F, 0x00, 0x00, 0x00, 0x0F, 0x05,
    0x00, 0x00, 0x00, 0x0F, 0x00, 0x05, 0x0F, 0x0F,
    0x00, 0x00, 0x00, 0x00, 0x0F, 0x0F, 0x0F, 0x0F,
    0x00, 0x00, 0x00, 0x00, 0x0F, 0x0F, 0x0F, 0x0F,

    0x00, 0x00, 0x00, 0x00, 0x00, 0x00, 0x00, 0x00,
    0x05, 0x05, 0x05, 0x00, 0x00, 0x00, 0x00, 0x00,
    0x0F, 0x05, 0x0F, 0x05, 0x00, 0x00, 0x00, 0x00,
    0x05, 0x0F, 0x05, 0x0F, 0x05, 0x00, 0x00, 0x00,
    0x0F, 0x0F, 0x0F, 0x05, 0x0F, 0x00, 0x00, 0x00,
    0x0F, 0x05, 0x0F, 0x0F, 0x0F, 0x05, 0x00, 0x00,
    0x0F, 0x0F, 0x0F, 0x0F, 0x0F, 0x0F, 0x00, 0x00,
    0x0F, 0x0F, 0x0F, 0x0F, 0x0F, 0x0F, 0x00, 0x00,

    0x00, 0x00, 0x00, 0x00, 0x00, 0x00, 0x00, 0x00,
    0x00, 0x00, 0x00, 0x00, 0x00, 0x00, 0x00, 0x03,
    0x00, 0x00, 0x00, 0x00, 0x00, 0x00, 0x00, 0x03,
    0x0F, 0x0F, 0x00, 0x00, 0x00, 0x00, 0x03, 0x0F,
    0x00, 0x00, 0x0F, 0x00, 0x00, 0x00, 0x0F, 0x03,
    0x00, 0x00, 0x00, 0x0F, 0x00, 0x03, 0x0F, 0x0F,
    0x00, 0x00, 0x00, 0x00, 0x0F, 0x0F, 0x02, 0x0F,
    0x00, 0x00, 0x00, 0x00, 0x0F, 0x0F, 0x02, 0x0F,

    0x00, 0x00, 0x00, 0x00, 0x00, 0x00, 0x00, 0x00,
    0x03, 0x03, 0x03, 0x00, 0x00, 0x00, 0x00, 0x00,
    0x02, 0x03, 0x03, 0x03, 0x00, 0x00, 0x00, 0x00,
    0x03, 0x0F, 0x02, 0x0F, 0x03, 0x00, 0x00, 0x00,
    0x0F, 0x0F, 0x0F, 0x03, 0x0F, 0x00, 0x00, 0x00,
    0x02, 0x05, 0x0F, 0x0F, 0x02, 0x03, 0x00, 0x00,
    0x02, 0x0F, 0x02, 0x0F, 0x0F, 0x0F, 0x00, 0x00,
    0x0F, 0x0F, 0x02, 0x0F, 0x0F, 0x0F, 0x00, 0x00,

    // Tile 48 (48,0)
    0x00, 0x00, 0x00, 0x00, 0x00, 0x00, 0x00, 0x00,
    0x00, 0x00, 0x00, 0x00, 0x00, 0x00, 0x00, 0x00,
    0x00, 0x00, 0x00, 0x00, 0x00, 0x00, 0x00, 0x08,
    0x00, 0x00, 0x00, 0x00, 0x00, 0x00, 0x08, 0x09,
    0x00, 0x00, 0x00, 0x00, 0x00, 0x0F, 0x09, 0x0F,
    0x00, 0x00, 0x00, 0x00, 0x08, 0x09, 0x09, 0x09,
    0x00, 0x00, 0x00, 0x00, 0x08, 0x09, 0x0F, 0x08,
    0x00, 0x00, 0x00, 0x08, 0x0F, 0x09, 0x08, 0x00,

    0x00, 0x00, 0x00, 0x00, 0x00, 0x00, 0x00, 0x00,
    0x00, 0x00, 0x00, 0x00, 0x00, 0x00, 0x00, 0x00,
    0x0F, 0x08, 0x00, 0x00, 0x00, 0x00, 0x00, 0x00,
    0x09, 0x0F, 0x08, 0x00, 0x00, 0x00, 0x00, 0x00,
    0x09, 0x09, 0x09, 0x0F, 0x00, 0x00, 0x00, 0x00,
    0x08, 0x09, 0x0F, 0x09, 0x08, 0x00, 0x00, 0x00,
    0x00, 0x08, 0x09, 0x09, 0x0F, 0x00, 0x00, 0x00,
    0x00, 0x00, 0x0F, 0x09, 0x09, 0x08, 0x00, 0x00,

    0x00, 0x00, 0x00, 0x00, 0x00, 0x00, 0x00, 0x00,
    0x00, 0x00, 0x00, 0x00, 0x09, 0x00, 0x09, 0x09,
    0x00, 0x00, 0x08, 0x00, 0x09, 0x00, 0x09, 0x00,
    0x00, 0x00, 0x00, 0x09, 0x00, 0x09, 0x08, 0x08,
    0x00, 0x00, 0x09, 0x09, 0x00, 0x09, 0x08, 0x09,
    0x00, 0x00, 0x00, 0x09, 0x09, 0x08, 0x08, 0x09,
    0x00, 0x00, 0x00, 0x08, 0x09, 0x05, 0x05, 0x05,
    0x00, 0x00, 0x03, 0x05, 0x05, 0x05, 0x05, 0x05,

    0x00, 0x00, 0x00, 0x00, 0x00, 0x00, 0x00, 0x00,
    0x00, 0x09, 0x00, 0x09, 0x00, 0x00, 0x00, 0x00,
    0x09, 0x00, 0x09, 0x00, 0x09, 0x00, 0x00, 0x00,
    0x09, 0x00, 0x09, 0x09, 0x00, 0x00, 0x00, 0x00,
    0x00, 0x09, 0x00, 0x09, 0x00, 0x09, 0x00, 0x00,
    0x08, 0x09, 0x09, 0x00, 0x00, 0x09, 0x00, 0x00,
    0x05, 0x05, 0x09, 0x08, 0x09, 0x00, 0x00, 0x00,
    0x05, 0x05, 0x05, 0x05, 0x03, 0x00, 0x00, 0x00,

    // Tile 52 (52,0)
    0x00, 0x00, 0x00, 0x00, 0x00, 0x00, 0x00, 0x00,
    0x00, 0x00, 0x00, 0x00, 0x00, 0x00, 0x00, 0x00,
    0x00, 0x00, 0x00, 0x00, 0x00, 0x00, 0x00, 0x00,
    0x00, 0x00, 0x00, 0x00, 0x00, 0x00, 0x03, 0x03,
    0x00, 0x00, 0x00, 0x00, 0x03, 0x03, 0x03, 0x03,
    0x00, 0x00, 0x00, 0x03, 0x03, 0x03, 0x03, 0x03,
    0x00, 0x00, 0x00, 0x08, 0x03, 0x03, 0x03, 0x03,
    0x00, 0x00, 0x00, 0x08, 0x08, 0x08, 0x03, 0x03,

    0x00, 0x00, 0x00, 0x00, 0x00, 0x00, 0x00, 0x00,
    0x00, 0x00, 0x00, 0x00, 0x00, 0x00, 0x00, 0x00,
    0x00, 0x00, 0x00, 0x00, 0x00, 0x00, 0x00, 0x00,
    0x03, 0x03, 0x00, 0x00, 0x00, 0x00, 0x00, 0x00,
    0x03, 0x03, 0x03, 0x03, 0x00, 0x00, 0x00, 0x00,
    0x03, 0x03, 0x03, 0x03, 0x03, 0x00, 0x00, 0x00,
    0x03, 0x03, 0x03, 0x03, 0x08, 0x00, 0x00, 0x00,
    0x03, 0x03, 0x08, 0x08, 0x08, 0x00, 0x00, 0x00,

    0x00, 0x00, 0x00, 0x00, 0x00, 0x00, 0x00, 0x00,
    0x00, 0x00, 0x00, 0x00, 0x00, 0x00, 0x00, 0x00,
    0x00, 0x00, 0x00, 0x00, 0x00, 0x00, 0x00, 0x00,
    0x00, 0x00, 0x00, 0x00, 0x00, 0x00, 0x00, 0x09,
    0x00, 0x00, 0x00, 0x00, 0x00, 0x09, 0x09, 0x09,
    0x00, 0x00, 0x00, 0x00, 0x09, 0x09, 0x0F, 0x0F,
    0x00, 0x00, 0x00, 0x00, 0x09, 0x0F, 0x09, 0x09,
    0x00, 0x00, 0x00, 0x08, 0x09, 0x09, 0x09, 0x09,

    0x00, 0x00, 0x00, 0x00, 0x00, 0x00, 0x00, 0x00,
    0x00, 0x00, 0x00, 0x00, 0x00, 0x00, 0x00, 0x00,
    0x00, 0x00, 0x00, 0x00, 0x00, 0x00, 0x00, 0x00,
    0x09, 0x09, 0x00, 0x00, 0x00, 0x00, 0x00, 0x00,
    0x09, 0x09, 0x09, 0x09, 0x00, 0x00, 0x00, 0x00,
    0x09, 0x09, 0x09, 0x09, 0x09, 0x00, 0x00, 0x00,
    0x09, 0x09, 0x09, 0x09, 0x09, 0x00, 0x00, 0x00,
    0x09, 0x09, 0x09, 0x09, 0x09, 0x08, 0x00, 0x00,

    // Tile 56 (56,0)
    0x00, 0x00, 0x00, 0x00, 0x00, 0x00, 0x00, 0x00,
    0x00, 0x00, 0x00, 0x00, 0x00, 0x00, 0x00, 0x00,
    0x00, 0x00, 0x00, 0x00, 0x00, 0x00, 0x00, 0x00,
    0x00, 0x00, 0x00, 0x00, 0x00, 0x00, 0x00, 0x00,
    0x00, 0x00, 0x00, 0x00, 0x00, 0x00, 0x00, 0x00,
    0x00, 0x00, 0x00, 0x00, 0x00, 0x00, 0x0F, 0x0F,
    0x00, 0x00, 0x00, 0x00, 0x0F, 0x0F, 0x0F, 0x0F,
    0x00, 0x00, 0x0F, 0x0F, 0x0F, 0x0F, 0x0F, 0x0F,

    0x00, 0x00, 0x00, 0x00, 0x00, 0x00, 0x00, 0x00,
    0x00, 0x00, 0x00, 0x00, 0x05, 0x00, 0x00, 0x00,
    0x00, 0x07, 0x07, 0x07, 0x05, 0x05, 0x00, 0x00,
    0x07, 0x09, 0x07, 0x09, 0x07, 0x00, 0x00, 0x00,
    0x07, 0x07, 0x07, 0x07, 0x07, 0x00, 0x00, 0x00,
    0x07, 0x07, 0x09, 0x07, 0x07, 0x00, 0x00, 0x00,
    0x07, 0x07, 0x07, 0x07, 0x0F, 0x0F, 0x00, 0x00,
    0x0F, 0x0F, 0x0F, 0x0F, 0x0F, 0x0F, 0x00, 0x00,

    0x00, 0x00, 0x00, 0x00, 0x00, 0x00, 0x00, 0x00,
    0x00, 0x00, 0x00, 0x00, 0x00, 0x00, 0x00, 0x00,
    0x00, 0x00, 0x00, 0x00, 0x00, 0x00, 0x00, 0x05,
    0x00, 0x00, 0x00, 0x00, 0x00, 0x00, 0x05, 0x0F,
    0x00, 0x00, 0x00, 0x00, 0x03, 0x03, 0x05, 0x05,
    0x00, 0x00, 0x00, 0x03, 0x03, 0x03, 0x05, 0x05,
    0x00, 0x00, 0x03, 0x03, 0x03, 0x03, 0x03, 0x05,
    0x00, 0x00, 0x03, 0x03, 0x03, 0x03, 0x03, 0x03,

    0x00, 0x00, 0x00, 0x00, 0x00, 0x00, 0x00, 0x00,
    0x00, 0x00, 0x00, 0x00, 0x00, 0x00, 0x00, 0x00,
    0x05, 0x05, 0x00, 0x00, 0x00, 0x00, 0x00, 0x00,
    0x05, 0x05, 0x05, 0x00, 0x00, 0x00, 0x00, 0x00,
    0x05, 0x05, 0x05, 0x03, 0x03, 0x00, 0x00, 0x00,
    0x05, 0x05, 0x05, 0x03, 0x03, 0x03, 0x00, 0x00,
    0x05, 0x05, 0x03, 0x03, 0x03, 0x03, 0x03, 0x00,
    0x03, 0x03, 0x03, 0x03, 0x03, 0x03, 0x03, 0x00,

    // Tile 60 (60,0)
    0x00, 0x00, 0x00, 0x00, 0x00, 0x00, 0x00, 0x00,
    0x00, 0x00, 0x00, 0x00, 0x00, 0x00, 0x00, 0x00,
    0x00, 0x00, 0x00, 0x00, 0x00, 0x00, 0x00, 0x00,
    0x00, 0x00, 0x00, 0x00, 0x00, 0x00, 0x00, 0x00,
    0x00, 0x00, 0x00, 0x00, 0x00, 0x00, 0x00, 0x09,
    0x00, 0x00, 0x00, 0x00, 0x00, 0x00, 0x00, 0x09,
    0x00, 0x00, 0x00, 0x00, 0x00, 0x00, 0x00, 0x09,
    0x00, 0x00, 0x00, 0x00, 0x00, 0x00, 0x00, 0x09,

    0x00, 0x00, 0x00, 0x00, 0x00, 0x00, 0x00, 0x00,
    0x00, 0x00, 0x00, 0x00, 0x00, 0x00, 0x00, 0x00,
    0x00, 0x09, 0x09, 0x09, 0x00, 0x00, 0x00, 0x00,
    0x09, 0x09, 0x09, 0x09, 0x09, 0x00, 0x00, 0x00,
    0x08, 0x09, 0x08, 0x09, 0x08, 0x08, 0x00, 0x00,
    0x09, 0x08, 0x09, 0x09, 0x09, 0x08, 0x00, 0x00,
    0x09, 0x09, 0x09, 0x09, 0x08, 0x08, 0x00, 0x00,
    0x09, 0x09, 0x09, 0x09, 0x09, 0x08, 0x00, 0x00,

    0x00, 0x00, 0x00, 0x00, 0x00, 0x00, 0x00, 0x00,
    0x00, 0x00, 0x00, 0x00, 0x00, 0x00, 0x00, 0x00,
    0x00, 0x00, 0x00, 0x00, 0x00, 0x00, 0x00, 0x00,
    0x00, 0x00, 0x00, 0x00, 0x00, 0x00, 0x00, 0x00,
    0x00, 0x00, 0x00, 0x00, 0x00, 0x00, 0x00, 0x00,
    0x00, 0x00, 0x00, 0x00, 0x00, 0x00, 0x00, 0x00,
    0x00, 0x00, 0x00, 0x00, 0x00, 0x00, 0x00, 0x09,
    0x00, 0x00, 0x00, 0x00, 0x00, 0x00, 0x00, 0x00,

    0x00, 0x00, 0x00, 0x00, 0x00, 0x00, 0x00, 0x00,
    0x00, 0x00, 0x00, 0x00, 0x00, 0x00, 0x00, 0x00,
    0x00, 0x00, 0x00, 0x00, 0x00, 0x00, 0x00, 0x00,
    0x00, 0x00, 0x00, 0x00, 0x00, 0x00, 0x00, 0x00,
    0x00, 0x00, 0x00, 0x00, 0x00, 0x00, 0x00, 0x00,
    0x09, 0x09, 0x09, 0x00, 0x00, 0x00, 0x00, 0x00,
    0x09, 0x09, 0x09, 0x09, 0x00, 0x00, 0x00, 0x00,
    0x09, 0x09, 0x09, 0x09, 0x09, 0x09, 0x00, 0x00,

    // Tile 64 (64,0)
    0x00, 0x00, 0x00, 0x00, 0x00, 0x00, 0x00, 0x00,
    0x00, 0x00, 0x00, 0x00, 0x00, 0x00, 0x00, 0x00,
    0x00, 0x00, 0x00, 0x00, 0x00, 0x00, 0x00, 0x00,
    0x00, 0x00, 0x00, 0x00, 0x00, 0x00, 0x00, 0x00,
    0x00, 0x00, 0x00, 0x00, 0x00, 0x00, 0x00, 0x00,
    0x00, 0x00, 0x00, 0x00, 0x00, 0x00, 0x00, 0x00,
    0x00, 0x00, 0x00, 0x00, 0x00, 0x0A, 0x0A, 0x0A,
    0x00, 0x00, 0x00, 0x0A, 0x0A, 0x0A, 0x0F, 0x0A,

    0x00, 0x00, 0x00, 0x00, 0x00, 0x00, 0x00, 0x00,
    0x00, 0x00, 0x00, 0x00, 0x00, 0x00, 0x00, 0x00,
    0x00, 0x00, 0x00, 0x00, 0x00, 0x00, 0x00, 0x00,
    0x00, 0x00, 0x00, 0x0A, 0x00, 0x00, 0x00, 0x00,
    0x00, 0x00, 0x00, 0x0A, 0x0A, 0x00, 0x00, 0x00,
    0x00, 0x00, 0x00, 0x0A, 0x0A, 0x0A, 0x00, 0x00,
    0x0F, 0x0A, 0x0A, 0x0A, 0x0A, 0x0A, 0x0A, 0x00,
    0x0A, 0x0F, 0x0A, 0x0A, 0x00, 0x00, 0x00, 0x00,

    0x00, 0x00, 0x00, 0x00, 0x00, 0x00, 0x00, 0x00,
    0x00, 0x00, 0x00, 0x00, 0x00, 0x00, 0x00, 0x00,
    0x00, 0x00, 0x00, 0x00, 0x00, 0x00, 0x00, 0x00,
    0x00, 0x00, 0x00, 0x00, 0x00, 0x00, 0x00, 0x00,
    0x00, 0x00, 0x00, 0x00, 0x00, 0x00, 0x00, 0x00,
    0x00, 0x00, 0x00, 0x00, 0x00, 0x00, 0x00, 0x00,
    0x00, 0x00, 0x00, 0x00, 0x00, 0x00, 0x00, 0x07,
    0x00, 0x00, 0x00, 0x00, 0x00, 0x07, 0x07, 0x07,

    0x00, 0x00, 0x00, 0x00, 0x00, 0x00, 0x00, 0x00,
    0x00, 0x00, 0x00, 0x00, 0x00, 0x00, 0x00, 0x00,
    0x00, 0x00, 0x00, 0x00, 0x00, 0x00, 0x00, 0x00,
    0x00, 0x00, 0x00, 0x00, 0x00, 0x00, 0x00, 0x00,
    0x00, 0x00, 0x00, 0x00, 0x00, 0x00, 0x00, 0x00,
    0x00, 0x00, 0x00, 0x00, 0x00, 0x00, 0x00, 0x00,
    0x07, 0x07, 0x07, 0x00, 0x00, 0x00, 0x00, 0x00,
    0x07, 0x07, 0x07, 0x07, 0x00, 0x00, 0x00, 0x00,

    // Tile 68 (68,0)
    0x00, 0x00, 0x00, 0x00, 0x00, 0x00, 0x00, 0x00,
    0x00, 0x00, 0x00, 0x00, 0x00, 0x00, 0x00, 0x00,
    0x00, 0x00, 0x00, 0x00, 0x00, 0x00, 0x00, 0x00,
    0x00, 0x00, 0x00, 0x00, 0x00, 0x00, 0x00, 0x00,
    0x00, 0x00, 0x00, 0x00, 0x00, 0x00, 0x00, 0x00,
    0x00, 0x00, 0x00, 0x00, 0x00, 0x00, 0x00, 0x00,
    0x00, 0x00, 0x00, 0x00, 0x00, 0x00, 0x00, 0x00,
    0x00, 0x00, 0x00, 0x00, 0x00, 0x00, 0x03, 0x03,

    0x00, 0x00, 0x00, 0x00, 0x00, 0x00, 0x00, 0x00,
    0x00, 0x00, 0x00, 0x00, 0x00, 0x00, 0x00, 0x00,
    0x00, 0x00, 0x00, 0x00, 0x00, 0x00, 0x00, 0x00,
    0x00, 0x00, 0x00, 0x00, 0x00, 0x00, 0x00, 0x00,
    0x00, 0x00, 0x00, 0x00, 0x00, 0x00, 0x00, 0x00,
    0x00, 0x00, 0x00, 0x00, 0x00, 0x00, 0x00, 0x00,
    0x02, 0x03, 0x03, 0x03, 0x00, 0x00, 0x00, 0x00,
    0x03, 0x03, 0x03, 0x03, 0x02, 0x00, 0x00, 0x00,

    0x00, 0x00, 0x00, 0x00, 0x00, 0x00, 0x00, 0x00,
    0x00, 0x00, 0x00, 0x00, 0x00, 0x00, 0x00, 0x00,
    0x00, 0x00, 0x00, 0x00, 0x00, 0x00, 0x00, 0x00,
    0x00, 0x00, 0x00, 0x00, 0x00, 0x00, 0x00, 0x00,
    0x00, 0x00, 0x00, 0x00, 0x00, 0x00, 0x00, 0x00,
    0x00, 0x00, 0x00, 0x00, 0x00, 0x00, 0x00, 0x00,
    0x00, 0x00, 0x00, 0x00, 0x00, 0x00, 0x00, 0x00,
    0x00, 0x00, 0x00, 0x00, 0x00, 0x00, 0x00, 0x00,

    0x00, 0x00, 0x00, 0x00, 0x00, 0x00, 0x00, 0x00,
    0x00, 0x00, 0x00, 0x00, 0x00, 0x00, 0x00, 0x00,
    0x00, 0x00, 0x00, 0x00, 0x00, 0x00, 0x00, 0x00,
    0x00, 0x00, 0x00, 0x00, 0x00, 0x00, 0x00, 0x00,
    0x00, 0x00, 0x00, 0x00, 0x00, 0x00, 0x00, 0x00,
    0x00, 0x00, 0x00, 0x00, 0x00, 0x00, 0x00, 0x00,
    0x00, 0x00, 0x00, 0x00, 0x00, 0x00, 0x00, 0x00,
    0x00, 0x00, 0x00, 0x00, 0x00, 0x00, 0x00, 0x00,

    // Tile 72 (0,1)
    0x00, 0x00, 0x05, 0x03, 0x03, 0x03, 0x05, 0x03,
    0x00, 0x00, 0x00, 0x05, 0x03, 0x03, 0x05, 0x03,
    0x00, 0x00, 0x00, 0x05, 0x03, 0x03, 0x05, 0x03,
    0x00, 0x00, 0x00, 0x05, 0x03, 0x03, 0x05, 0x03,
    0x00, 0x00, 0x00, 0x00, 0x05, 0x03, 0x05, 0x03,
    0x00, 0x00, 0x00, 0x00, 0x05, 0x03, 0x05, 0x03,
    0x00, 0x00, 0x00, 0x00, 0x05, 0x03, 0x03, 0x05,
    0x00, 0x00, 0x00, 0x00, 0x00, 0x05, 0x03, 0x00,

    0x03, 0x03, 0x03, 0x03, 0x03, 0x03, 0x00, 0x00,
    0x03, 0x03, 0x03, 0x03, 0x03, 0x00, 0x00, 0x00,
    0x03, 0x03, 0x03, 0x03, 0x03, 0x00, 0x00, 0x00,
    0x03, 0x03, 0x03, 0x03, 0x03, 0x00, 0x00, 0x00,
    0x03, 0x03, 0x03, 0x03, 0x00, 0x00, 0x00, 0x00,
    0x03, 0x03, 0x03, 0x03, 0x00, 0x00, 0x00, 0x00,
    0x03, 0x03, 0x03, 0x03, 0x00, 0x00, 0x00, 0x00,
    0x00, 0x03, 0x03, 0x00, 0x00, 0x00, 0x00, 0x00,

    0x00, 0x06, 0x0F, 0x0F, 0x06, 0x06, 0x06, 0x06,
    0x06, 0x06, 0x0F, 0x06, 0x06, 0x06, 0x06, 0x06,
    0x06, 0x06, 0x06, 0x06, 0x06, 0x06, 0x06, 0x06,
    0x06, 0x06, 0x06, 0x06, 0x06, 0x06, 0x06, 0x06,
    0x06, 0x06, 0x06, 0x06, 0x06, 0x06, 0x06, 0x06,
    0x00, 0x06, 0x06, 0x06, 0x06, 0x06, 0x06, 0x06,
    0x00, 0x06, 0x06, 0x06, 0x06, 0x06, 0x06, 0x06,
    0x00, 0x00, 0x00, 0x06, 0x06, 0x06, 0x06, 0x06,

    0x06, 0x06, 0x06, 0x06, 0x06, 0x06, 0x00, 0x00,
    0x06, 0x06, 0x06, 0x06, 0x06, 0x00, 0x00, 0x00,
    0x06, 0x06, 0x06, 0x06, 0x06, 0x00, 0x00, 0x00,
    0x06, 0x06, 0x06, 0x06, 0x00, 0x00, 0x00, 0x00,
    0x06, 0x06, 0x06, 0x06, 0x00, 0x00, 0x00, 0x00,
    0x06, 0x06, 0x06, 0x00, 0x00, 0x00, 0x00, 0x00,
    0x06, 0x06, 0x00, 0x00, 0x00, 0x00, 0x00, 0x00,
    0x00, 0x00, 0x00, 0x00, 0x00, 0x00, 0x00, 0x00,

    // Tile 76 (4,1)
    0x00, 0x00, 0x00, 0x00, 0x08, 0x08, 0x09, 0x08,
    0x00, 0x00, 0x00, 0x08, 0x08, 0x08, 0x08, 0x09,
    0x00, 0x00, 0x00, 0x08, 0x09, 0x08, 0x08, 0x09,
    0x00, 0x00, 0x08, 0x08, 0x08, 0x09, 0x08, 0x08,
    0x00, 0x00, 0x09, 0x08, 0x08, 0x09, 0x08, 0x08,
    0x00, 0x08, 0x08, 0x09, 0x08, 0x08, 0x08, 0x00,
    0x00, 0x09, 0x08, 0x08, 0x08, 0x07, 0x00, 0x00,
    0x08, 0x08, 0x08, 0x07, 0x00, 0x00, 0x00, 0x00,

    0x08, 0x09, 0x08, 0x08, 0x07, 0x00, 0x00, 0x00,
    0x08, 0x08, 0x08, 0x07, 0x00, 0x00, 0x00, 0x00,
    0x08, 0x08, 0x07, 0x00, 0x00, 0x00, 0x00, 0x00,
    0x08, 0x07, 0x00, 0x00, 0x00, 0x00, 0x00, 0x00,
    0x07, 0x00, 0x00, 0x00, 0x00, 0x00, 0x00, 0x00,
    0x00, 0x00, 0x00, 0x00, 0x00, 0x00, 0x00, 0x00,
    0x00, 0x00, 0x00, 0x00, 0x00, 0x00, 0x00, 0x00,
    0x00, 0x00, 0x00, 0x00, 0x00, 0x00, 0x00, 0x00,

    0x00, 0x08, 0x09, 0x09, 0x08, 0x09, 0x08, 0x09,
    0x00, 0x08, 0x09, 0x09, 0x08, 0x09, 0x08, 0x09,
    0x00, 0x08, 0x09, 0x09, 0x08, 0x09, 0x08, 0x09,
    0x00, 0x00, 0x08, 0x09, 0x08, 0x09, 0x08, 0x09,
    0x00, 0x00, 0x00, 0x08, 0x09, 0x08, 0x09, 0x08,
    0x00, 0x00, 0x00, 0x00, 0x00, 0x09, 0x08, 0x08,
    0x00, 0x00, 0x00, 0x00, 0x00, 0x09, 0x00, 0x09,
    0x00, 0x00, 0x00, 0x00, 0x09, 0x00, 0x09, 0x00,

    0x09, 0x08, 0x09, 0x08, 0x09, 0x09, 0x08, 0x00,
    0x09, 0x08, 0x09, 0x08, 0x09, 0x09, 0x08, 0x00,
    0x09, 0x08, 0x09, 0x08, 0x09, 0x09, 0x08, 0x00,
    0x09, 0x08, 0x09, 0x08, 0x09, 0x08, 0x00, 0x00,
    0x08, 0x09, 0x08, 0x09, 0x08, 0x00, 0x00, 0x00,
    0x08, 0x08, 0x09, 0x00, 0x00, 0x00, 0x00, 0x00,
    0x00, 0x09, 0x00, 0x00, 0x00, 0x00, 0x00, 0x00,
    0x09, 0x00, 0x09, 0x00, 0x00, 0x00, 0x00, 0x00,

    // Tile 80 (8,1)
    0x00, 0x00, 0x07, 0x07, 0x07, 0x07, 0x07, 0x07,
    0x00, 0x00, 0x07, 0x07, 0x07, 0x07, 0x07, 0x07,
    0x00, 0x00, 0x07, 0x07, 0x07, 0x07, 0x07, 0x07,
    0x00, 0x00, 0x07, 0x07, 0x07, 0x07, 0x07, 0x07,
    0x00, 0x00, 0x07, 0x07, 0x07, 0x07, 0x07, 0x07,
    0x00, 0x00, 0x07, 0x07, 0x07, 0x07, 0x07, 0x07,
    0x00, 0x00, 0x07, 0x07, 0x07, 0x07, 0x07, 0x07,
    0x00, 0x05, 0x05, 0x05, 0x05, 0x05, 0x05, 0x05,

    0x07, 0x07, 0x07, 0x07, 0x07, 0x05, 0x00, 0x00,
    0x07, 0x07, 0x07, 0x07, 0x07, 0x05, 0x00, 0x00,
    0x07, 0x07, 0x07, 0x07, 0x07, 0x05, 0x00, 0x00,
    0x07, 0x07, 0x07, 0x07, 0x07, 0x05, 0x00, 0x00,
    0x07, 0x07, 0x07, 0x07, 0x05, 0x00, 0x00, 0x00,
    0x07, 0x07, 0x07, 0x07, 0x05, 0x00, 0x00, 0x00,
    0x07, 0x07, 0x05, 0x05, 0x00, 0x00, 0x00, 0x00,
    0x05, 0x05, 0x00, 0x00, 0x00, 0x00, 0x00, 0x00,

    0x00, 0x00, 0x0F, 0x0F, 0x0F, 0x0F, 0x0F, 0x0F,
    0x00, 0x00, 0x0F, 0x0F, 0x0F, 0x0F, 0x0F, 0x0F,
    0x00, 0x00, 0x0F, 0x0F, 0x0F, 0x0F, 0x0F, 0x0F,
    0x00, 0x00, 0x0F, 0x0F, 0x0A, 0x0F, 0x0F, 0x0F,
    0x00, 0x00, 0x0F, 0x0F, 0x0F, 0x0A, 0x0F, 0x0F,
    0x00, 0x00, 0x0F, 0x0F, 0x0F, 0x0F, 0x0F, 0x0F,
    0x00, 0x00, 0x0F, 0x0A, 0x0F, 0x0F, 0x0F, 0x0F,
    0x00, 0x0F, 0x0F, 0x0F, 0x0A, 0x0A, 0x0A, 0x0A,

    0x0F, 0x0F, 0x0F, 0x0F, 0x0F, 0x0A, 0x00, 0x00,
    0x0F, 0x0A, 0x0F, 0x0F, 0x0F, 0x0A, 0x00, 0x00,
    0x0F, 0x0F, 0x0A, 0x0F, 0x0F, 0x0A, 0x00, 0x00,
    0x0F, 0x0F, 0x0F, 0x0F, 0x0F, 0x0A, 0x00, 0x00,
    0x0F, 0x0F, 0x0F, 0x0F, 0x0A, 0x00, 0x00, 0x00,
    0x0A, 0x0F, 0x0F, 0x0F, 0x0A, 0x00, 0x00, 0x00,
    0x0F, 0x0A, 0x0A, 0x0A, 0x00, 0x00, 0x00, 0x00,
    0x0A, 0x0A, 0x00, 0x00, 0x00, 0x00, 0x00, 0x00,

    // Tile 84 (12,1)
    0x00, 0x00, 0x00, 0x0F, 0x0F, 0x0F, 0x0F, 0x0F,
    0x00, 0x00, 0x00, 0x0F, 0x0F, 0x0F, 0x0F, 0x0F,
    0x00, 0x00, 0x0F, 0x0F, 0x0A, 0x0F, 0x0F, 0x0F,
    0x00, 0x00, 0x0F, 0x0F, 0x0F, 0x0A, 0x0F, 0x0F,
    0x00, 0x0F, 0x0F, 0x0F, 0x0F, 0x0F, 0x0F, 0x0F,
    0x00, 0x0F, 0x0F, 0x0F, 0x0F, 0x0F, 0x0F, 0x0A,
    0x00, 0x0F, 0x0F, 0x0F, 0x0F, 0x0A, 0x0A, 0x00,
    0x0F, 0x0F, 0x0F, 0x0F, 0x0A, 0x00, 0x00, 0x00,

    0x0F, 0x0F, 0x0F, 0x0F, 0x0A, 0x00, 0x00, 0x00,
    0x0F, 0x0F, 0x0F, 0x0A, 0x00, 0x00, 0x00, 0x00,
    0x0F, 0x0A, 0x0F, 0x0A, 0x00, 0x00, 0x00, 0x00,
    0x0F, 0x0F, 0x0A, 0x00, 0x00, 0x00, 0x00, 0x00,
    0x0F, 0x0A, 0x00, 0x00, 0x00, 0x00, 0x00, 0x00,
    0x0A, 0x00, 0x00, 0x00, 0x00, 0x00, 0x00, 0x00,
    0x00, 0x00, 0x00, 0x00, 0x00, 0x00, 0x00, 0x00,
    0x00, 0x00, 0x00, 0x00, 0x00, 0x00, 0x00, 0x00,

    0x00, 0x00, 0x00, 0x00, 0x00, 0x00, 0x00, 0x00,
    0x00, 0x00, 0x00, 0x00, 0x00, 0x00, 0x00, 0x00,
    0x00, 0x05, 0x03, 0x05, 0x05, 0x05, 0x05, 0x05,
    0x05, 0x05, 0x05, 0x05, 0x05, 0x03, 0x05, 0x05,
    0x05, 0x05, 0x05, 0x05, 0x05, 0x05, 0x05, 0x05,
    0x03, 0x03, 0x03, 0x05, 0x03, 0x03, 0x03, 0x03,
    0x00, 0x03, 0x03, 0x03, 0x03, 0x05, 0x03, 0x03,
    0x00, 0x00, 0x03, 0x03, 0x03, 0x03, 0x03, 0x03,

    0x00, 0x00, 0x03, 0x05, 0x05, 0x03, 0x03, 0x03,
    0x03, 0x05, 0x05, 0x05, 0x03, 0x05, 0x03, 0x00,
    0x05, 0x05, 0x05, 0x03, 0x03, 0x03, 0x03, 0x00,
    0x05, 0x05, 0x05, 0x03, 0x03, 0x03, 0x00, 0x00,
    0x03, 0x03, 0x03, 0x03, 0x03, 0x03, 0x00, 0x00,
    0x05, 0x03, 0x03, 0x03, 0x03, 0x00, 0x00, 0x00,
    0x03, 0x03, 0x03, 0x03, 0x00, 0x00, 0x00, 0x00,
    0x03, 0x03, 0x00, 0x00, 0x00, 0x00, 0x00, 0x00,

    // Tile 88 (16,1)
    0x00, 0x00, 0x00, 0x00, 0x05, 0x03, 0x03, 0x09,
    0x00, 0x00, 0x00, 0x05, 0x03, 0x03, 0x03, 0x05,
    0x00, 0x00, 0x05, 0x03, 0x03, 0x03, 0x03, 0x05,
    0x00, 0x00, 0x05, 0x03, 0x09, 0x05, 0x03, 0x03,
    0x00, 0x05, 0x03, 0x03, 0x05, 0x05, 0x03, 0x03,
    0x00, 0x05, 0x03, 0x03, 0x05, 0x03, 0x03, 0x00,
    0x05, 0x03, 0x03, 0x03, 0x03, 0x00, 0x00, 0x00,
    0x03, 0x00, 0x00, 0x00, 0x00, 0x00, 0x00, 0x00,

    0x05, 0x03, 0x05, 0x03, 0x00, 0x00, 0x00, 0x00,
    0x05, 0x03, 0x03, 0x00, 0x00, 0x00, 0x00, 0x00,
    0x03, 0x03, 0x00, 0x00, 0x00, 0x00, 0x00, 0x00,
    0x03, 0x00, 0x00, 0x00, 0x00, 0x00, 0x00, 0x00,
    0x00, 0x00, 0x00, 0x00, 0x00, 0x00, 0x00, 0x00,
    0x00, 0x00, 0x00, 0x00, 0x00, 0x00, 0x00, 0x00,
    0x00, 0x00, 0x00, 0x00, 0x00, 0x00, 0x00, 0x00,
    0x00, 0x00, 0x00, 0x00, 0x00, 0x00, 0x00, 0x00,

    0x00, 0x00, 0x00, 0x00, 0x00, 0x03, 0x03, 0x03,
    0x00, 0x00, 0x00, 0x00, 0x00, 0x03, 0x03, 0x03,
    0x00, 0x00, 0x00, 0x00, 0x00, 0x08, 0x08, 0x08,
    0x00, 0x00, 0x00, 0x00, 0x00, 0x08, 0x08, 0x08,
    0x00, 0x00, 0x00, 0x00, 0x00, 0x08, 0x08, 0x08,
    0x00, 0x00, 0x00, 0x00, 0x00, 0x00, 0x08, 0x08,
    0x00, 0x00, 0x00, 0x00, 0x00, 0x00, 0x08, 0x08,
    0x00, 0x00, 0x00, 0x00, 0x00, 0x00, 0x00, 0x08,

    0x03, 0x00, 0x00, 0x00, 0x00, 0x00, 0x00, 0x00,
    0x03, 0x00, 0x00, 0x00, 0x00, 0x00, 0x00, 0x00,
    0x08, 0x00, 0x00, 0x00, 0x00, 0x00, 0x00, 0x00,
    0x08, 0x08, 0x00, 0x00, 0x00, 0x00, 0x00, 0x00,
    0x08, 0x08, 0x08, 0x00, 0x00, 0x00, 0x00, 0x00,
    0x08, 0x08, 0x08, 0x00, 0x00, 0x00, 0x00, 0x00,
    0x08, 0x08, 0x08, 0x00, 0x00, 0x00, 0x00, 0x00,
    0x08, 0x08, 0x00, 0x00, 0x00, 0x00, 0x00, 0x00,

    // Tile 92 (20,1)
    0x05, 0x03, 0x0F, 0x09, 0x0F, 0x09, 0x09, 0x09,
    0x05, 0x03, 0x09, 0x09, 0x09, 0x09, 0x09, 0x08,
    0x03, 0x03, 0x08, 0x09, 0x09, 0x09, 0x09, 0x09,
    0x03, 0x03, 0x05, 0x08, 0x09, 0x08, 0x09, 0x08,
    0x00, 0x03, 0x05, 0x05, 0x09, 0x08, 0x08, 0x05,
    0x05, 0x03, 0x03, 0x03, 0x05, 0x05, 0x05, 0x03,
    0x05, 0x00, 0x03, 0x03, 0x03, 0x03, 0x03, 0x00,
    0x03, 0x00, 0x00, 0x00, 0x00, 0x00, 0x00, 0x00,

    0x09, 0x09, 0x08, 0x09, 0x05, 0x05, 0x05, 0x05,
    0x09, 0x08, 0x09, 0x05, 0x05, 0x03, 0x00, 0x00,
    0x08, 0x09, 0x05, 0x03, 0x03, 0x00, 0x00, 0x00,
    0x09, 0x05, 0x03, 0x03, 0x00, 0x00, 0x00, 0x00,
    0x05, 0x03, 0x03, 0x00, 0x00, 0x00, 0x00, 0x00,
    0x03, 0x03, 0x00, 0x00, 0x00, 0x00, 0x00, 0x00,
    0x00, 0x00, 0x00, 0x00, 0x00, 0x00, 0x00, 0x00,
    0x00, 0x00, 0x00, 0x00, 0x00, 0x00, 0x00, 0x00,

    0x0A, 0x0F, 0x0F, 0x0F, 0x0F, 0x08, 0x08, 0x08,
    0x0A, 0x0F, 0x0F, 0x0F, 0x0F, 0x0F, 0x08, 0x08,
    0x00, 0x0A, 0x0F, 0x0F, 0x0F, 0x0F, 0x0F, 0x0F,
    0x00, 0x0A, 0x0F, 0x0F, 0x0F, 0x0F, 0x0F, 0x0F,
    0x00, 0x00, 0x0A, 0x0F, 0x0F, 0x0F, 0x0F, 0x0F,
    0x00, 0x00, 0x00, 0x0A, 0x0F, 0x0F, 0x0F, 0x0F,
    0x00, 0x00, 0x00, 0x00, 0x0A, 0x0A, 0x0F, 0x0F,
    0x00, 0x00, 0x00, 0x00, 0x00, 0x00, 0x0A, 0x0A,

    0x08, 0x08, 0x08, 0x08, 0x0F, 0x0F, 0x0F, 0x0F,
    0x08, 0x08, 0x08, 0x0F, 0x0F, 0x0F, 0x0F, 0x0F,
    0x0F, 0x0F, 0x0F, 0x0F, 0x0F, 0x0F, 0x0F, 0x0A,
    0x0F, 0x0F, 0x0F, 0x0F, 0x0F, 0x0F, 0x0A, 0x00,
    0x0F, 0x0F, 0x0F, 0x0F, 0x0F, 0x0F, 0x0A, 0x00,
    0x0F, 0x0F, 0x0F, 0x0F, 0x0F, 0x0A, 0x00, 0x00,
    0x0F, 0x0F, 0x0A, 0x0A, 0x0A, 0x00, 0x00, 0x00,
    0x0A, 0x0A, 0x00, 0x00, 0x00, 0x00, 0x00, 0x00,

    // Tile 96 (24,1)
    0x00, 0x03, 0x03, 0x03, 0x03, 0x03, 0x03, 0x03,
    0x00, 0x03, 0x03, 0x03, 0x03, 0x03, 0x03, 0x03,
    0x00, 0x03, 0x03, 0x03, 0x03, 0x03, 0x03, 0x03,
    0x00, 0x03, 0x02, 0x03, 0x02, 0x03, 0x02, 0x03,
    0x00, 0x02, 0x03, 0x02, 0x03, 0x02, 0x03, 0x02,
    0x00, 0x03, 0x02, 0x03, 0x02, 0x03, 0x02, 0x03,
    0x00, 0x00, 0x03, 0x02, 0x03, 0x02, 0x03, 0x02,
    0x00, 0x00, 0x00, 0x03, 0x02, 0x03, 0x02, 0x03,

    0x03, 0x03, 0x03, 0x03, 0x03, 0x03, 0x02, 0x00,
    0x03, 0x03, 0x03, 0x03, 0x03, 0x03, 0x02, 0x00,
    0x03, 0x03, 0x03, 0x03, 0x03, 0x03, 0x02, 0x00,
    0x02, 0x03, 0x02, 0x03, 0x02, 0x03, 0x02, 0x00,
    0x03, 0x02, 0x03, 0x02, 0x03, 0x02, 0x03, 0x00,
    0x02, 0x03, 0x02, 0x03, 0x02, 0x03, 0x02, 0x00,
    0x03, 0x02, 0x03, 0x02, 0x03, 0x02, 0x00, 0x00,
    0x02, 0x03, 0x02, 0x03, 0x02, 0x00, 0x00, 0x00,

    0x00, 0x08, 0x09, 0x0F, 0x0F, 0x08, 0x08, 0x05,
    0x00, 0x08, 0x09, 0x09, 0x09, 0x09, 0x08, 0x08,
    0x00, 0x08, 0x08, 0x09, 0x09, 0x09, 0x08, 0x08,
    0x00, 0x08, 0x08, 0x08, 0x08, 0x08, 0x08, 0x08,
    0x00, 0x00, 0x08, 0x08, 0x08, 0x08, 0x08, 0x08,
    0x00, 0x00, 0x09, 0x08, 0x08, 0x08, 0x08, 0x08,
    0x00, 0x00, 0x00, 0x09, 0x09, 0x08, 0x08, 0x08,
    0x00, 0x00, 0x00, 0x00, 0x00, 0x09, 0x09, 0x09,

    0x08, 0x08, 0x03, 0x08, 0x08, 0x08, 0x00, 0x00,
    0x08, 0x08, 0x08, 0x08, 0x08, 0x08, 0x00, 0x00,
    0x08, 0x08, 0x08, 0x08, 0x08, 0x08, 0x00, 0x00,
    0x08, 0x08, 0x08, 0x08, 0x08, 0x08, 0x00, 0x00,
    0x08, 0x08, 0x08, 0x08, 0x08, 0x00, 0x00, 0x00,
    0x08, 0x08, 0x08, 0x08, 0x09, 0x00, 0x00, 0x00,
    0x08, 0x08, 0x09, 0x09, 0x00, 0x00, 0x00, 0x00,
    0x09, 0x09, 0x00, 0x00, 0x00, 0x00, 0x00, 0x00,

    // Tile 100 (28,1)
    0x00, 0x00, 0x09, 0x09, 0x09, 0x09, 0x09, 0x09,
    0x00, 0x00, 0x09, 0x09, 0x09, 0x09, 0x09, 0x09,
    0x00, 0x00, 0x09, 0x09, 0x09, 0x09, 0x09, 0x09,
    0x00, 0x00, 0x09, 0x09, 0x09, 0x09, 0x09, 0x09,
    0x00, 0x09, 0x09, 0x09, 0x09, 0x09, 0x09, 0x09,
    0x00, 0x09, 0x09, 0x09, 0x09, 0x09, 0x09, 0x09,
    0x00, 0x00, 0x09, 0x09, 0x09, 0x09, 0x09, 0x09,
    0x00, 0x00, 0x00, 0x00, 0x09, 0x09, 0x09, 0x09,

    0x09, 0x09, 0x09, 0x09, 0x09, 0x09, 0x00, 0x00,
    0x09, 0x09, 0x09, 0x09, 0x09, 0x09, 0x00, 0x00,
    0x09, 0x09, 0x09, 0x09, 0x09, 0x09, 0x00, 0x00,
    0x09, 0x09, 0x09, 0x09, 0x09, 0x09, 0x00, 0x00,
    0x09, 0x09, 0x09, 0x09, 0x09, 0x00, 0x00, 0x00,
    0x09, 0x09, 0x09, 0x09, 0x09, 0x00, 0x00, 0x00,
    0x09, 0x09, 0x09, 0x09, 0x00, 0x00, 0x00, 0x00,
    0x09, 0x09, 0x00, 0x00, 0x00, 0x00, 0x00, 0x00,

    0x00, 0x09, 0x09, 0x0F, 0x0F, 0x09, 0x09, 0x09,
    0x00, 0x09, 0x08, 0x09, 0x09, 0x09, 0x08, 0x08,
    0x00, 0x09, 0x08, 0x08, 0x08, 0x08, 0x08, 0x08,
    0x00, 0x09, 0x08, 0x08, 0x08, 0x08, 0x08, 0x08,
    0x00, 0x00, 0x08, 0x08, 0x08, 0x08, 0x08, 0x08,
    0x00, 0x00, 0x08, 0x08, 0x08, 0x08, 0x08, 0x08,
    0x00, 0x00, 0x00, 0x08, 0x08, 0x08, 0x08, 0x08,
    0x00, 0x00, 0x00, 0x00, 0x00, 0x08, 0x08, 0x08,

    0x09, 0x09, 0x09, 0x09, 0x08, 0x08, 0x00, 0x00,
    0x09, 0x09, 0x08, 0x08, 0x08, 0x08, 0x00, 0x00,
    0x08, 0x08, 0x08, 0x08, 0x08, 0x08, 0x00, 0x00,
    0x08, 0x08, 0x08, 0x08, 0x08, 0x08, 0x00, 0x00,
    0x08, 0x08, 0x08, 0x08, 0x08, 0x00, 0x00, 0x00,
    0x08, 0x08, 0x08, 0x08, 0x08, 0x00, 0x00, 0x00,
    0x08, 0x08, 0x08, 0x08, 0x00, 0x00, 0x00, 0x00,
    0x08, 0x08, 0x00, 0x00, 0x00, 0x00, 0x00, 0x00,

    // Tile 104 (32,1)
    0x00, 0x09, 0x09, 0x09, 0x09, 0x09, 0x09, 0x09,
    0x00, 0x09, 0x09, 0x09, 0x09, 0x09, 0x09, 0x09,
    0x00, 0x00, 0x09, 0x09, 0x09, 0x09, 0x09, 0x09,
    0x00, 0x00, 0x0A, 0x09, 0x09, 0x09, 0x09, 0x0A,
    0x00, 0x00, 0x00, 0x0A, 0x0A, 0x0A, 0x0A, 0x0A,
    0x00, 0x00, 0x00, 0x00, 0x0A, 0x0A, 0x0A, 0x00,
    0x00, 0x00, 0x00, 0x00, 0x00, 0x00, 0x00, 0x05,
    0x00, 0x00, 0x00, 0x00, 0x00, 0x00, 0x00, 0x00,

    0x09, 0x09, 0x09, 0x09, 0x09, 0x09, 0x09, 0x00,
    0x09, 0x09, 0x09, 0x09, 0x09, 0x09, 0x0A, 0x00,
    0x0A, 0x09, 0x09, 0x09, 0x09, 0x09, 0x0A, 0x00,
    0x0A, 0x0A, 0x09, 0x09, 0x09, 0x0A, 0x0A, 0x00,
    0x00, 0x00, 0x00, 0x0A, 0x0A, 0x0A, 0x00, 0x00,
    0x03, 0x03, 0x03, 0x00, 0x0A, 0x00, 0x00, 0x00,
    0x05, 0x05, 0x03, 0x03, 0x00, 0x00, 0x00, 0x00,
    0x05, 0x05, 0x05, 0x03, 0x03, 0x00, 0x00, 0x00,

    0x00, 0x00, 0x00, 0x09, 0x09, 0x09, 0x09, 0x09,
    0x05, 0x05, 0x05, 0x05, 0x05, 0x09, 0x09, 0x09,
    0x08, 0x05, 0x05, 0x09, 0x09, 0x09, 0x08, 0x08,
    0x00, 0x08, 0x08, 0x08, 0x08, 0x09, 0x09, 0x09,
    0x00, 0x00, 0x05, 0x05, 0x05, 0x05, 0x09, 0x09,
    0x00, 0x05, 0x05, 0x05, 0x05, 0x09, 0x09, 0x09,
    0x00, 0x00, 0x08, 0x08, 0x08, 0x08, 0x08, 0x08,
    0x00, 0x00, 0x00, 0x00, 0x08, 0x08, 0x08, 0x08,

    0x09, 0x08, 0x09, 0x09, 0x09, 0x09, 0x08, 0x00,
    0x08, 0x09, 0x09, 0x09, 0x09, 0x09, 0x08, 0x00,
    0x09, 0x09, 0x09, 0x09, 0x09, 0x08, 0x00, 0x00,
    0x09, 0x09, 0x09, 0x09, 0x08, 0x08, 0x00, 0x00,
    0x09, 0x09, 0x09, 0x08, 0x08, 0x00, 0x00, 0x00,
    0x09, 0x08, 0x08, 0x08, 0x00, 0x00, 0x00, 0x00,
    0x08, 0x08, 0x08, 0x00, 0x00, 0x00, 0x00, 0x00,
    0x08, 0x00, 0x00, 0x00, 0x00, 0x00, 0x00, 0x00,

    // Tile 108 (36,1)
    0x00, 0x00, 0x03, 0x03, 0x05, 0x05, 0x0F, 0x0F,
    0x00, 0x03, 0x03, 0x03, 0x05, 0x05, 0x03, 0x05,
    0x00, 0x03, 0x03, 0x05, 0x03, 0x05, 0x05, 0x05,
    0x00, 0x03, 0x03, 0x05, 0x05, 0x05, 0x05, 0x05,
    0x00, 0x03, 0x03, 0x03, 0x05, 0x03, 0x05, 0x05,
    0x00, 0x00, 0x03, 0x03, 0x03, 0x05, 0x05, 0x03,
    0x00, 0x00, 0x03, 0x03, 0x03, 0x03, 0x03, 0x03,
    0x00, 0x00, 0x00, 0x03, 0x03, 0x03, 0x03, 0x03,

    0x05, 0x05, 0x03, 0x05, 0x05, 0x03, 0x03, 0x00,
    0x05, 0x05, 0x05, 0x05, 0x03, 0x03, 0x03, 0x00,
    0x03, 0x05, 0x05, 0x05, 0x03, 0x03, 0x03, 0x00,
    0x05, 0x05, 0x05, 0x03, 0x03, 0x03, 0x00, 0x00,
    0x05, 0x03, 0x05, 0x03, 0x03, 0x03, 0x00, 0x00,
    0x05, 0x05, 0x03, 0x03, 0x03, 0x03, 0x00, 0x00,
    0x03, 0x03, 0x03, 0x03, 0x03, 0x00, 0x00, 0x00,
    0x03, 0x03, 0x03, 0x03, 0x00, 0x00, 0x00, 0x00,

    0x03, 0x05, 0x05, 0x05, 0x05, 0x05, 0x00, 0x05,
    0x03, 0x05, 0x05, 0x05, 0x00, 0x05, 0x05, 0x05,
    0x00, 0x03, 0x05, 0x05, 0x05, 0x05, 0x05, 0x05,
    0x00, 0x03, 0x05, 0x05, 0x05, 0x05, 0x00, 0x05,
    0x00, 0x00, 0x03, 0x05, 0x05, 0x05, 0x05, 0x05,
    0x00, 0x00, 0x00, 0x03, 0x05, 0x05, 0x05, 0x05,
    0x00, 0x00, 0x00, 0x00, 0x03, 0x03, 0x05, 0x05,
    0x00, 0x00, 0x00, 0x00, 0x00, 0x00, 0x03, 0x03,

    0x05, 0x00, 0x05, 0x05, 0x05, 0x05, 0x05, 0x03,
    0x05, 0x05, 0x05, 0x00, 0x05, 0x05, 0x05, 0x03,
    0x05, 0x05, 0x05, 0x05, 0x05, 0x05, 0x03, 0x00,
    0x05, 0x00, 0x05, 0x05, 0x05, 0x05, 0x03, 0x00,
    0x05, 0x05, 0x05, 0x05, 0x05, 0x03, 0x00, 0x00,
    0x05, 0x05, 0x05, 0x05, 0x03, 0x00, 0x00, 0x00,
    0x05, 0x05, 0x03, 0x03, 0x00, 0x00, 0x00, 0x00,
    0x03, 0x03, 0x00, 0x00, 0x00, 0x00, 0x00, 0x00,

    // Tile 112 (40,1)
    0x00, 0x00, 0x00, 0x0A, 0x0F, 0x0F, 0x0A, 0x0A,
    0x00, 0x00, 0x00, 0x0A, 0x0F, 0x0F, 0x07, 0x07,
    0x00, 0x00, 0x00, 0x0A, 0x0F, 0x0F, 0x07, 0x0F,
    0x00, 0x00, 0x00, 0x00, 0x0A, 0x0F, 0x0F, 0x07,
    0x00, 0x00, 0x00, 0x00, 0x00, 0x0A, 0x0F, 0x0F,
    0x00, 0x00, 0x00, 0x00, 0x00, 0x00, 0x00, 0x00,
    0x00, 0x00, 0x00, 0x00, 0x00, 0x00, 0x00, 0x00,
    0x00, 0x00, 0x00, 0x00, 0x00, 0x00, 0x0F, 0x0F,

    0x0A, 0x0A, 0x0A, 0x0A, 0x0A, 0x0A, 0x0A, 0x00,
    0x0F, 0x07, 0x0F, 0x0F, 0x07, 0x0F, 0x0A, 0x00,
    0x07, 0x0F, 0x07, 0x0F, 0x0F, 0x07, 0x0A, 0x00,
    0x07, 0x07, 0x07, 0x07, 0x07, 0x0A, 0x00, 0x00,
    0x0F, 0x07, 0x0A, 0x0A, 0x0A, 0x00, 0x00, 0x00,
    0x0F, 0x0A, 0x00, 0x00, 0x00, 0x00, 0x00, 0x00,
    0x0F, 0x0A, 0x00, 0x00, 0x00, 0x00, 0x00, 0x00,
    0x0A, 0x0A, 0x0A, 0x0A, 0x00, 0x00, 0x00, 0x00,

    0x00, 0x00, 0x00, 0x0A, 0x0F, 0x0F, 0x0A, 0x0A,
    0x00, 0x00, 0x00, 0x0A, 0x0F, 0x0F, 0x09, 0x09,
    0x00, 0x00, 0x00, 0x0A, 0x0F, 0x0F, 0x09, 0x0F,
    0x00, 0x00, 0x00, 0x00, 0x0A, 0x0F, 0x0F, 0x09,
    0x00, 0x00, 0x00, 0x00, 0x00, 0x0A, 0x0F, 0x0F,
    0x00, 0x00, 0x00, 0x00, 0x00, 0x00, 0x00, 0x00,
    0x00, 0x00, 0x00, 0x00, 0x00, 0x00, 0x00, 0x00,
    0x00, 0x00, 0x00, 0x00, 0x00, 0x00, 0x0F, 0x0F,

    0x0A, 0x0A, 0x0A, 0x0A, 0x0A, 0x0A, 0x0A, 0x00,
    0x0F, 0x09, 0x0F, 0x0F, 0x09, 0x0F, 0x0A, 0x00,
    0x09, 0x0F, 0x09, 0x0F, 0x0F, 0x09, 0x0A, 0x00,
    0x09, 0x09, 0x09, 0x09, 0x09, 0x0A, 0x00, 0x00,
    0x0F, 0x09, 0x0A, 0x0A, 0x0A, 0x00, 0x00, 0x00,
    0x0F, 0x0A, 0x00, 0x00, 0x00, 0x00, 0x00, 0x00,
    0x0F, 0x0A, 0x00, 0x00, 0x00, 0x00, 0x00, 0x00,
    0x0A, 0x0A, 0x0A, 0x0A, 0x00, 0x00, 0x00, 0x00,

    // Tile 116 (44,1)
    0x00, 0x00, 0x00, 0x0A, 0x0F, 0x0F, 0x0A, 0x0A,
    0x00, 0x00, 0x00, 0x0A, 0x0F, 0x0F, 0x05, 0x05,
    0x00, 0x00, 0x00, 0x0A, 0x0F, 0x0F, 0x05, 0x0F,
    0x00, 0x00, 0x00, 0x00, 0x0A, 0x0F, 0x0F, 0x05,
    0x00, 0x00, 0x00, 0x00, 0x00, 0x0A, 0x0F, 0x0F,
    0x00, 0x00, 0x00, 0x00, 0x00, 0x00, 0x00, 0x00,
    0x00, 0x00, 0x00, 0x00, 0x00, 0x00, 0x00, 0x00,
    0x00, 0x00, 0x00, 0x00, 0x00, 0x00, 0x0F, 0x0F,

    0x0A, 0x0A, 0x0A, 0x0A, 0x0A, 0x0A, 0x0A, 0x00,
    0x0F, 0x05, 0x0F, 0x0F, 0x05, 0x0F, 0x0A, 0x00,
    0x05, 0x0F, 0x05, 0x0F, 0x0F, 0x05, 0x0A, 0x00,
    0x05, 0x05, 0x05, 0x05, 0x05, 0x0A, 0x00, 0x00,
    0x0F, 0x05, 0x0A, 0x0A, 0x0A, 0x00, 0x00, 0x00,
    0x0F, 0x0A, 0x00, 0x00, 0x00, 0x00, 0x00, 0x00,
    0x0F, 0x0A, 0x00, 0x00, 0x00, 0x00, 0x00, 0x00,
    0x0A, 0x0A, 0x0A, 0x0A, 0x00, 0x00, 0x00, 0x00,

    0x00, 0x00, 0x00, 0x0A, 0x0F, 0x0F, 0x0A, 0x0A,
    0x00, 0x00, 0x00, 0x0A, 0x0F, 0x0F, 0x03, 0x03,
    0x00, 0x00, 0x00, 0x0A, 0x0F, 0x0F, 0x03, 0x0F,
    0x00, 0x00, 0x00, 0x00, 0x0A, 0x0F, 0x0F, 0x03,
    0x00, 0x00, 0x00, 0x00, 0x00, 0x0A, 0x0F, 0x0F,
    0x00, 0x00, 0x00, 0x00, 0x00, 0x00, 0x00, 0x00,
    0x00, 0x00, 0x00, 0x00, 0x00, 0x00, 0x00, 0x00,
    0x00, 0x00, 0x00, 0x00, 0x00, 0x00, 0x0F, 0x0F,

    0x0A, 0x0A, 0x0A, 0x0A, 0x0A, 0x0A, 0x0A, 0x00,
    0x0F, 0x03, 0x0F, 0x0F, 0x03, 0x0F, 0x0A, 0x00,
    0x03, 0x0F, 0x03, 0x0F, 0x0F, 0x03, 0x0A, 0x00,
    0x03, 0x03, 0x03, 0x03, 0x03, 0x0A, 0x00, 0x00,
    0x0F, 0x03, 0x0A, 0x0A, 0x0A, 0x00, 0x00, 0x00,
    0x0F, 0x0A, 0x00, 0x00, 0x00, 0x00, 0x00, 0x00,
    0x0F, 0x0A, 0x00, 0x00, 0x00, 0x00, 0x00, 0x00,
    0x0A, 0x0A, 0x0A, 0x0A, 0x00, 0x00, 0x00, 0x00,

    // Tile 120 (48,1)
    0x00, 0x00, 0x00, 0x08, 0x09, 0x08, 0x00, 0x00,
    0x00, 0x00, 0x00, 0x08, 0x09, 0x08, 0x00, 0x00,
    0x00, 0x00, 0x00, 0x08, 0x09, 0x0F, 0x08, 0x00,
    0x00, 0x00, 0x00, 0x00, 0x08, 0x09, 0x09, 0x0F,
    0x00, 0x00, 0x00, 0x00, 0x08, 0x0F, 0x09, 0x09,
    0x00, 0x00, 0x00, 0x00, 0x00, 0x08, 0x09, 0x09,
    0x00, 0x00, 0x00, 0x00, 0x00, 0x00, 0x08, 0x0F,
    0x00, 0x00, 0x00, 0x00, 0x00, 0x00, 0x00, 0x08,

    0x00, 0x00, 0x00, 0x08, 0x09, 0x08, 0x00, 0x00,
    0x00, 0x00, 0x00, 0x0F, 0x09, 0x0F, 0x00, 0x00,
    0x00, 0x00, 0x08, 0x09, 0x09, 0x08, 0x00, 0x00,
    0x00, 0x08, 0x09, 0x09, 0x0F, 0x00, 0x00, 0x00,
    0x08, 0x09, 0x0F, 0x09, 0x08, 0x00, 0x00, 0x00,
    0x0F, 0x09, 0x09, 0x08, 0x00, 0x00, 0x00, 0x00,
    0x09, 0x0F, 0x08, 0x00, 0x00, 0x00, 0x00, 0x00,
    0x08, 0x08, 0x00, 0x00, 0x00, 0x00, 0x00, 0x00,

    0x00, 0x00, 0x00, 0x05, 0x05, 0x05, 0x05, 0x05,
    0x00, 0x00, 0x00, 0x05, 0x05, 0x09, 0x05, 0x09,
    0x00, 0x00, 0x00, 0x03, 0x05, 0x09, 0x05, 0x09,
    0x00, 0x00, 0x00, 0x03, 0x05, 0x09, 0x05, 0x09,
    0x00, 0x00, 0x00, 0x00, 0x05, 0x05, 0x09, 0x05,
    0x00, 0x00, 0x00, 0x00, 0x05, 0x05, 0x05, 0x05,
    0x00, 0x00, 0x00, 0x00, 0x03, 0x05, 0x05, 0x05,
    0x00, 0x00, 0x00, 0x00, 0x03, 0x05, 0x05, 0x05,

    0x05, 0x05, 0x05, 0x05, 0x00, 0x00, 0x00, 0x00,
    0x05, 0x09, 0x05, 0x05, 0x00, 0x00, 0x00, 0x00,
    0x05, 0x09, 0x05, 0x03, 0x00, 0x00, 0x00, 0x00,
    0x05, 0x09, 0x05, 0x03, 0x00, 0x00, 0x00, 0x00,
    0x09, 0x05, 0x05, 0x00, 0x00, 0x00, 0x00, 0x00,
    0x05, 0x05, 0x05, 0x00, 0x00, 0x00, 0x00, 0x00,
    0x05, 0x05, 0x03, 0x00, 0x00, 0x00, 0x00, 0x00,
    0x05, 0x05, 0x03, 0x00, 0x00, 0x00, 0x00, 0x00,

    // Tile 124 (52,1)
    0x00, 0x00, 0x00, 0x08, 0x09, 0x09, 0x08, 0x08,
    0x00, 0x00, 0x08, 0x09, 0x0F, 0x09, 0x09, 0x09,
    0x00, 0x00, 0x08, 0x09, 0x0F, 0x09, 0x09, 0x09,
    0x00, 0x00, 0x08, 0x09, 0x09, 0x09, 0x09, 0x09,
    0x00, 0x00, 0x08, 0x09, 0x0F, 0x09, 0x09, 0x09,
    0x00, 0x00, 0x08, 0x09, 0x0F, 0x09, 0x09, 0x09,
    0x00, 0x08, 0x09, 0x09, 0x09, 0x09, 0x09, 0x09,
    0x00, 0x08, 0x09, 0x09, 0x09, 0x09, 0x09, 0x09,

    0x08, 0x08, 0x09, 0x09, 0x08, 0x00, 0x00, 0x00,
    0x09, 0x09, 0x09, 0x09, 0x09, 0x08, 0x00, 0x00,
    0x09, 0x09, 0x09, 0x09, 0x09, 0x08, 0x00, 0x00,
    0x09, 0x09, 0x09, 0x09, 0x09, 0x08, 0x00, 0x00,
    0x09, 0x09, 0x09, 0x09, 0x09, 0x08, 0x00, 0x00,
    0x09, 0x09, 0x09, 0x09, 0x09, 0x08, 0x00, 0x00,
    0x09, 0x09, 0x09, 0x09, 0x09, 0x09, 0x08, 0x00,
    0x09, 0x09, 0x09, 0x09, 0x09, 0x09, 0x08, 0x00,

    0x00, 0x00, 0x00, 0x08, 0x09, 0x09, 0x09, 0x09,
    0x00, 0x00, 0x00, 0x09, 0x08, 0x08, 0x09, 0x09,
    0x00, 0x00, 0x00, 0x00, 0x09, 0x09, 0x08, 0x08,
    0x00, 0x00, 0x00, 0x03, 0x03, 0x03, 0x09, 0x09,
    0x00, 0x00, 0x00, 0x05, 0x03, 0x03, 0x03, 0x03,
    0x00, 0x00, 0x00, 0x08, 0x05, 0x05, 0x03, 0x03,
    0x00, 0x00, 0x00, 0x00, 0x08, 0x08, 0x05, 0x05,
    0x00, 0x00, 0x00, 0x00, 0x00, 0x00, 0x08, 0x08,

    0x09, 0x09, 0x09, 0x09, 0x09, 0x08, 0x00, 0x00,
    0x09, 0x09, 0x09, 0x08, 0x08, 0x09, 0x00, 0x00,
    0x08, 0x08, 0x08, 0x09, 0x09, 0x00, 0x00, 0x00,
    0x09, 0x09, 0x09, 0x03, 0x03, 0x03, 0x00, 0x00,
    0x03, 0x03, 0x03, 0x03, 0x03, 0x05, 0x00, 0x00,
    0x03, 0x03, 0x03, 0x05, 0x05, 0x08, 0x00, 0x00,
    0x05, 0x05, 0x05, 0x08, 0x08, 0x00, 0x00, 0x00,
    0x08, 0x08, 0x08, 0x00, 0x00, 0x00, 0x00, 0x00,

    // Tile 128 (56,1)
    0x00, 0x00, 0x08, 0x09, 0x08, 0x09, 0x08, 0x09,
    0x00, 0x00, 0x09, 0x08, 0x09, 0x08, 0x09, 0x08,
    0x00, 0x00, 0x0F, 0x0F, 0x0F, 0x0F, 0x0F, 0x0F,
    0x00, 0x00, 0x07, 0x07, 0x07, 0x0F, 0x0F, 0x07,
    0x00, 0x00, 0x08, 0x09, 0x08, 0x09, 0x08, 0x09,
    0x00, 0x00, 0x09, 0x08, 0x09, 0x08, 0x09, 0x08,
    0x00, 0x00, 0x0F, 0x0F, 0x0F, 0x0F, 0x0F, 0x0F,
    0x00, 0x00, 0x09, 0x08, 0x09, 0x08, 0x09, 0x08,

    0x08, 0x09, 0x08, 0x09, 0x08, 0x09, 0x00, 0x00,
    0x09, 0x08, 0x09, 0x08, 0x09, 0x08, 0x00, 0x00,
    0x0F, 0x0F, 0x0F, 0x0F, 0x0F, 0x0F, 0x00, 0x00,
    0x07, 0x0F, 0x0F, 0x07, 0x07, 0x07, 0x00, 0x00,
    0x08, 0x09, 0x08, 0x09, 0x08, 0x09, 0x00, 0x00,
    0x09, 0x08, 0x09, 0x08, 0x09, 0x08, 0x00, 0x00,
    0x0F, 0x0F, 0x0F, 0x0F, 0x0F, 0x0F, 0x00, 0x00,
    0x09, 0x08, 0x09, 0x08, 0x09, 0x08, 0x00, 0x00,

    0x00, 0x00, 0x03, 0x03, 0x03, 0x02, 0x03, 0x03,
    0x00, 0x00, 0x02, 0x03, 0x02, 0x0F, 0x02, 0x03,
    0x00, 0x00, 0x00, 0x02, 0x0F, 0x0F, 0x0F, 0x02,
    0x00, 0x00, 0x00, 0x09, 0x09, 0x09, 0x09, 0x09,
    0x00, 0x00, 0x00, 0x09, 0x09, 0x09, 0x09, 0x09,
    0x00, 0x00, 0x00, 0x09, 0x09, 0x09, 0x09, 0x09,
    0x00, 0x00, 0x00, 0x09, 0x09, 0x09, 0x09, 0x09,
    0x00, 0x00, 0x00, 0x09, 0x09, 0x09, 0x09, 0x09,

    0x03, 0x03, 0x03, 0x02, 0x03, 0x03, 0x03, 0x00,
    0x03, 0x03, 0x02, 0x0F, 0x02, 0x03, 0x02, 0x00,
    0x02, 0x02, 0x0F, 0x0F, 0x0F, 0x02, 0x00, 0x00,
    0x09, 0x09, 0x09, 0x09, 0x09, 0x09, 0x00, 0x00,
    0x09, 0x09, 0x09, 0x09, 0x09, 0x09, 0x00, 0x00,
    0x09, 0x09, 0x09, 0x09, 0x09, 0x09, 0x00, 0x00,
    0x09, 0x09, 0x09, 0x09, 0x09, 0x09, 0x00, 0x00,
    0x09, 0x09, 0x09, 0x09, 0x09, 0x09, 0x00, 0x00,

    // Tile 132 (60,1)
    0x00, 0x00, 0x00, 0x00, 0x00, 0x00, 0x00, 0x08,
    0x00, 0x00, 0x00, 0x00, 0x00, 0x00, 0x08, 0x09,
    0x00, 0x00, 0x00, 0x00, 0x00, 0x00, 0x08, 0x08,
    0x00, 0x00, 0x00, 0x00, 0x00, 0x0F, 0x0A, 0x0A,
    0x00, 0x00, 0x00, 0x00, 0x0F, 0x0A, 0x00, 0x00,
    0x00, 0x00, 0x0F, 0x0F, 0x0A, 0x00, 0x00, 0x00,
    0x00, 0x00, 0x00, 0x0A, 0x00, 0x00, 0x00, 0x00,
    0x00, 0x00, 0x00, 0x0A, 0x00, 0x00, 0x00, 0x00,

    0x09, 0x08, 0x09, 0x08, 0x08, 0x00, 0x00, 0x00,
    0x08, 0x09, 0x08, 0x09, 0x08, 0x00, 0x00, 0x00,
    0x09, 0x08, 0x09, 0x08, 0x00, 0x00, 0x00, 0x00,
    0x08, 0x08, 0x08, 0x00, 0x00, 0x00, 0x00, 0x00,
    0x00, 0x00, 0x00, 0x00, 0x00, 0x00, 0x00, 0x00,
    0x00, 0x00, 0x00, 0x00, 0x00, 0x00, 0x00, 0x00,
    0x00, 0x00, 0x00, 0x00, 0x00, 0x00, 0x00, 0x00,
    0x00, 0x00, 0x00, 0x00, 0x00, 0x00, 0x00, 0x00,

    0x00, 0x00, 0x00, 0x09, 0x09, 0x09, 0x00, 0x00,
    0x00, 0x00, 0x09, 0x09, 0x09, 0x09, 0x09, 0x00,
    0x00, 0x09, 0x09, 0x09, 0x09, 0x0F, 0x0F, 0x09,
    0x00, 0x00, 0x0F, 0x09, 0x09, 0x09, 0x08, 0x08,
    0x00, 0x00, 0x0F, 0x0F, 0x09, 0x09, 0x0F, 0x0F,
    0x00, 0x00, 0x0F, 0x0F, 0x0F, 0x0F, 0x0F, 0x0F,
    0x00, 0x00, 0x00, 0x0F, 0x0F, 0x0F, 0x0F, 0x0F,
    0x00, 0x00, 0x00, 0x00, 0x0F, 0x0F, 0x0F, 0x0F,

    0x00, 0x09, 0x09, 0x09, 0x08, 0x00, 0x00, 0x00,
    0x00, 0x00, 0x08, 0x08, 0x0F, 0x00, 0x00, 0x00,
    0x00, 0x00, 0x00, 0x0F, 0x0F, 0x00, 0x00, 0x00,
    0x0F, 0x00, 0x00, 0x0F, 0x0F, 0x00, 0x00, 0x00,
    0x0F, 0x00, 0x00, 0x0F, 0x0F, 0x00, 0x00, 0x00,
    0x0F, 0x00, 0x00, 0x0F, 0x00, 0x00, 0x00, 0x00,
    0x0F, 0x00, 0x00, 0x00, 0x00, 0x00, 0x00, 0x00,
    0x0F, 0x00, 0x00, 0x00, 0x00, 0x00, 0x00, 0x00,

    // Tile 136 (64,1)
    0x00, 0x00, 0x0A, 0x0A, 0x0F, 0x0A, 0x0A, 0x0F,
    0x00, 0x0A, 0x0A, 0x0A, 0x0A, 0x0F, 0x0A, 0x0A,
    0x00, 0x0F, 0x0A, 0x0A, 0x0A, 0x0A, 0x0A, 0x0A,
    0x00, 0x0F, 0x0F, 0x0A, 0x0A, 0x0A, 0x0A, 0x0F,
    0x00, 0x0F, 0x0F, 0x0F, 0x0F, 0x0F, 0x0F, 0x0F,
    0x00, 0x0F, 0x0F, 0x0F, 0x0F, 0x0F, 0x0F, 0x0F,
    0x00, 0x00, 0x0F, 0x0F, 0x0F, 0x0F, 0x0F, 0x0F,
    0x00, 0x00, 0x00, 0x0F, 0x0F, 0x0F, 0x0F, 0x0F,

    0x0A, 0x0A, 0x0A, 0x0A, 0x00, 0x00, 0x00, 0x00,
    0x0A, 0x0A, 0x0A, 0x0F, 0x00, 0x00, 0x00, 0x00,
    0x0A, 0x0F, 0x0F, 0x0F, 0x00, 0x00, 0x00, 0x00,
    0x0F, 0x0F, 0x0F, 0x0F, 0x00, 0x00, 0x00, 0x00,
    0x0F, 0x0F, 0x0F, 0x0F, 0x00, 0x00, 0x00, 0x00,
    0x0F, 0x0F, 0x0F, 0x00, 0x00, 0x00, 0x00, 0x00,
    0x0F, 0x0F, 0x00, 0x00, 0x00, 0x00, 0x00, 0x00,
    0x00, 0x00, 0x00, 0x00, 0x00, 0x00, 0x00, 0x00,

    0x00, 0x00, 0x00, 0x07, 0x07, 0x07, 0x07, 0x07,
    0x00, 0x00, 0x07, 0x07, 0x07, 0x07, 0x07, 0x07,
    0x00, 0x00, 0x0F, 0x07, 0x07, 0x0F, 0x0F, 0x07,
    0x00, 0x00, 0x0F, 0x0F, 0x07, 0x07, 0x07, 0x07,
    0x00, 0x00, 0x0F, 0x0F, 0x0F, 0x0F, 0x0F, 0x0F,
    0x00, 0x00, 0x0F, 0x0F, 0x0F, 0x0F, 0x0F, 0x0F,
    0x00, 0x00, 0x00, 0x0F, 0x0F, 0x0F, 0x0F, 0x0F,
    0x00, 0x00, 0x00, 0x00, 0x0F, 0x0F, 0x0F, 0x0F,

    0x07, 0x07, 0x07, 0x07, 0x07, 0x00, 0x00, 0x00,
    0x07, 0x07, 0x07, 0x07, 0x0F, 0x00, 0x00, 0x00,
    0x07, 0x07, 0x0F, 0x0F, 0x0F, 0x00, 0x00, 0x00,
    0x0F, 0x0F, 0x0F, 0x0F, 0x0F, 0x00, 0x00, 0x00,
    0x0F, 0x0F, 0x0F, 0x0F, 0x0F, 0x00, 0x00, 0x00,
    0x0F, 0x0F, 0x0F, 0x0F, 0x00, 0x00, 0x00, 0x00,
    0x0F, 0x0F, 0x0F, 0x00, 0x00, 0x00, 0x00, 0x00,
    0x0F, 0x00, 0x00, 0x00, 0x00, 0x00, 0x00, 0x00,

    // Tile 140 (68,1)
    0x00, 0x00, 0x00, 0x00, 0x03, 0x03, 0x02, 0x03,
    0x00, 0x00, 0x00, 0x03, 0x03, 0x02, 0x03, 0x02,
    0x00, 0x00, 0x00, 0x0F, 0x02, 0x03, 0x0F, 0x0F,
    0x00, 0x00, 0x00, 0x0F, 0x0F, 0x03, 0x03, 0x08,
    0x00, 0x00, 0x00, 0x0F, 0x0F, 0x0F, 0x08, 0x0F,
    0x00, 0x00, 0x00, 0x0F, 0x0F, 0x0F, 0x0F, 0x0F,
    0x00, 0x00, 0x00, 0x00, 0x0F, 0x0F, 0x0F, 0x0F,
    0x00, 0x00, 0x00, 0x00, 0x00, 0x0F, 0x0F, 0x0F,

    0x02, 0x03, 0x03, 0x02, 0x03, 0x08, 0x00, 0x00,
    0x03, 0x03, 0x02, 0x08, 0x08, 0x0F, 0x00, 0x00,
    0x03, 0x08, 0x08, 0x0F, 0x0F, 0x0F, 0x00, 0x00,
    0x08, 0x0F, 0x0F, 0x0F, 0x0F, 0x0F, 0x00, 0x00,
    0x0F, 0x0F, 0x0F, 0x0F, 0x0F, 0x0F, 0x00, 0x00,
    0x0F, 0x0F, 0x0F, 0x0F, 0x0F, 0x00, 0x00, 0x00,
    0x0F, 0x0F, 0x0F, 0x0F, 0x00, 0x00, 0x00, 0x00,
    0x0F, 0x0F, 0x00, 0x00, 0x00, 0x00, 0x00, 0x00,

    0x00, 0x00, 0x00, 0x00, 0x00, 0x00, 0x00, 0x00,
    0x00, 0x00, 0x00, 0x00, 0x00, 0x00, 0x00, 0x00,
    0x00, 0x00, 0x00, 0x00, 0x00, 0x00, 0x00, 0x00,
    0x00, 0x00, 0x00, 0x00, 0x00, 0x00, 0x00, 0x00,
    0x00, 0x00, 0x00, 0x00, 0x00, 0x00, 0x00, 0x00,
    0x00, 0x00, 0x00, 0x00, 0x00, 0x00, 0x00, 0x00,
    0x00, 0x00, 0x00, 0x00, 0x00, 0x00, 0x00, 0x00,
    0x00, 0x00, 0x00, 0x00, 0x00, 0x00, 0x00, 0x00,

    0x00, 0x00, 0x00, 0x00, 0x00, 0x00, 0x00, 0x00,
    0x00, 0x00, 0x00, 0x00, 0x00, 0x00, 0x00, 0x00,
    0x00, 0x00, 0x00, 0x00, 0x00, 0x00, 0x00, 0x00,
    0x00, 0x00, 0x00, 0x00, 0x00, 0x00, 0x00, 0x00,
    0x00, 0x00, 0x00, 0x00, 0x00, 0x00, 0x00, 0x00,
    0x00, 0x00, 0x00, 0x00, 0x00, 0x00, 0x00, 0x00,
    0x00, 0x00, 0x00, 0x00, 0x00, 0x00, 0x00, 0x00,
    0x00, 0x00, 0x00, 0x00, 0x00, 0x00, 0x00, 0x00,

    // Tile 144 (0,2)
    0x00, 0x00, 0x00, 0x00, 0x00, 0x00, 0x00, 0x00,
    0x00, 0x00, 0x00, 0x00, 0x00, 0x00, 0x0A, 0x0A,
    0x00, 0x00, 0x00, 0x0A, 0x0F, 0x0A, 0x0F, 0x0F,
    0x00, 0x00, 0x0A, 0x0A, 0x0F, 0x0F, 0x0F, 0x0F,
    0x00, 0x00, 0x0A, 0x0A, 0x0F, 0x0A, 0x0F, 0x0A,
    0x00, 0x0A, 0x0A, 0x0A, 0x0A, 0x0F, 0x0A, 0x09,
    0x00, 0x0A, 0x0A, 0x08, 0x08, 0x0A, 0x09, 0x0F,
    0x00, 0x00, 0x0A, 0x0F, 0x0F, 0x0A, 0x09, 0x09,

    0x00, 0x00, 0x00, 0x00, 0x00, 0x00, 0x00, 0x00,
    0x00, 0x0A, 0x00, 0x00, 0x00, 0x00, 0x00, 0x00,
    0x0A, 0x0F, 0x0A, 0x00, 0x00, 0x00, 0x00, 0x00,
    0x0F, 0x0F, 0x0F, 0x0A, 0x00, 0x00, 0x00, 0x00,
    0x0F, 0x0F, 0x0A, 0x0A, 0x08, 0x00, 0x00, 0x00,
    0x0A, 0x0F, 0x0A, 0x00, 0x00, 0x08, 0x00, 0x00,
    0x09, 0x0A, 0x0A, 0x00, 0x00, 0x08, 0x00, 0x00,
    0x09, 0x09, 0x0A, 0x00, 0x00, 0x08, 0x00, 0x00,

    0x00, 0x00, 0x00, 0x00, 0x00, 0x03, 0x03, 0x03,
    0x00, 0x00, 0x00, 0x00, 0x03, 0x03, 0x03, 0x03,
    0x00, 0x00, 0x00, 0x00, 0x03, 0x0F, 0x03, 0x03,
    0x00, 0x00, 0x00, 0x00, 0x03, 0x0F, 0x03, 0x03,
    0x00, 0x00, 0x00, 0x00, 0x03, 0x03, 0x03, 0x03,
    0x00, 0x00, 0x00, 0x00, 0x03, 0x03, 0x03, 0x03,
    0x00, 0x00, 0x00, 0x00, 0x03, 0x03, 0x03, 0x03,
    0x00, 0x00, 0x00, 0x00, 0x03, 0x03, 0x03, 0x03,

    0x03, 0x03, 0x03, 0x00, 0x00, 0x00, 0x00, 0x00,
    0x03, 0x03, 0x03, 0x03, 0x00, 0x00, 0x00, 0x00,
    0x03, 0x03, 0x03, 0x03, 0x00, 0x00, 0x00, 0x00,
    0x03, 0x03, 0x03, 0x03, 0x00, 0x00, 0x00, 0x00,
    0x03, 0x03, 0x03, 0x03, 0x00, 0x00, 0x00, 0x00,
    0x03, 0x03, 0x03, 0x03, 0x00, 0x00, 0x00, 0x00,
    0x03, 0x03, 0x03, 0x03, 0x00, 0x00, 0x00, 0x00,
    0x03, 0x03, 0x03, 0x03, 0x00, 0x00, 0x00, 0x00,

    // Tile 148 (4,2)
    0x00, 0x00, 0x00, 0x00, 0x00, 0x08, 0x08, 0x08,
    0x00, 0x00, 0x00, 0x00, 0x08, 0x09, 0x09, 0x08,
    0x00, 0x00, 0x00, 0x00, 0x09, 0x0F, 0x09, 0x09,
    0x00, 0x00, 0x00, 0x00, 0x09, 0x0F, 0x09, 0x0A,
    0x00, 0x00, 0x00, 0x00, 0x09, 0x09, 0x09, 0x09,
    0x00, 0x00, 0x00, 0x00, 0x09, 0x0F, 0x09, 0x09,
    0x00, 0x00, 0x00, 0x00, 0x09, 0x0F, 0x09, 0x0A,
    0x00, 0x00, 0x00, 0x00, 0x09, 0x09, 0x09, 0x09,

    0x00, 0x08, 0x08, 0x08, 0x00, 0x00, 0x00, 0x00,
    0x08, 0x08, 0x09, 0x09, 0x08, 0x00, 0x00, 0x00,
    0x08, 0x0F, 0x09, 0x09, 0x08, 0x00, 0x00, 0x00,
    0x08, 0x0F, 0x0A, 0x09, 0x08, 0x00, 0x00, 0x00,
    0x08, 0x09, 0x09, 0x09, 0x08, 0x00, 0x00, 0x00,
    0x08, 0x0F, 0x09, 0x09, 0x08, 0x00, 0x00, 0x00,
    0x08, 0x0F, 0x09, 0x0A, 0x08, 0x00, 0x00, 0x00,
    0x08, 0x09, 0x09, 0x09, 0x08, 0x00, 0x00, 0x00,

    0x00, 0x00, 0x00, 0x00, 0x00, 0x00, 0x00, 0x0F,
    0x00, 0x00, 0x00, 0x00, 0x00, 0x00, 0x0F, 0x0F,
    0x00, 0x00, 0x00, 0x00, 0x00, 0x0F, 0x0F, 0x0F,
    0x00, 0x00, 0x00, 0x00, 0x0F, 0x0F, 0x0F, 0x0F,
    0x00, 0x00, 0x00, 0x00, 0x00, 0x0F, 0x0F, 0x0F,
    0x00, 0x00, 0x00, 0x00, 0x0F, 0x0F, 0x0F, 0x0F,
    0x00, 0x00, 0x00, 0x0F, 0x0F, 0x0F, 0x0F, 0x0F,
    0x00, 0x00, 0x00, 0x00, 0x0F, 0x0F, 0x0F, 0x0F,

    0x0F, 0x0F, 0x00, 0x00, 0x00, 0x00, 0x00, 0x00,
    0x0F, 0x00, 0x00, 0x00, 0x00, 0x00, 0x00, 0x00,
    0x0F, 0x0F, 0x00, 0x00, 0x00, 0x00, 0x00, 0x00,
    0x0F, 0x0F, 0x0F, 0x00, 0x00, 0x00, 0x00, 0x00,
    0x0F, 0x0F, 0x00, 0x00, 0x00, 0x00, 0x00, 0x00,
    0x0F, 0x0F, 0x0F, 0x00, 0x00, 0x00, 0x00, 0x00,
    0x0F, 0x0F, 0x0F, 0x0F, 0x00, 0x00, 0x00, 0x00,
    0x0F, 0x0F, 0x0F, 0x0F, 0x00, 0x00, 0x00, 0x00,

    // Tile 152 (8,2)
    0x00, 0x00, 0x00, 0x00, 0x00, 0x03, 0x03, 0x05,
    0x00, 0x00, 0x00, 0x00, 0x03, 0x03, 0x0F, 0x03,
    0x00, 0x00, 0x00, 0x00, 0x03, 0x05, 0x03, 0x03,
    0x00, 0x00, 0x00, 0x00, 0x09, 0x09, 0x03, 0x09,
    0x00, 0x00, 0x00, 0x00, 0x00, 0x09, 0x09, 0x09,
    0x00, 0x00, 0x00, 0x00, 0x00, 0x0A, 0x0A, 0x0A,
    0x00, 0x00, 0x00, 0x00, 0x0A, 0x0A, 0x0F, 0x0A,
    0x00, 0x00, 0x00, 0x00, 0x0A, 0x0A, 0x0A, 0x0A,

    0x03, 0x03, 0x03, 0x00, 0x00, 0x00, 0x00, 0x00,
    0x03, 0x0A, 0x03, 0x03, 0x00, 0x00, 0x00, 0x00,
    0x03, 0x03, 0x03, 0x0A, 0x00, 0x00, 0x00, 0x00,
    0x09, 0x09, 0x03, 0x09, 0x00, 0x00, 0x00, 0x00,
    0x09, 0x09, 0x09, 0x00, 0x00, 0x00, 0x00, 0x00,
    0x0A, 0x0A, 0x0A, 0x00, 0x00, 0x00, 0x00, 0x00,
    0x0A, 0x0A, 0x0A, 0x0A, 0x00, 0x00, 0x00, 0x00,
    0x0A, 0x0A, 0x0A, 0x0A, 0x00, 0x00, 0x00, 0x00,

    0x00, 0x00, 0x00, 0x00, 0x00, 0x00, 0x00, 0x00,
    0x00, 0x00, 0x00, 0x00, 0x00, 0x00, 0x00, 0x00,
    0x00, 0x00, 0x00, 0x00, 0x00, 0x00, 0x00, 0x00,
    0x00, 0x00, 0x00, 0x00, 0x00, 0x00, 0x00, 0x00,
    0x00, 0x00, 0x00, 0x00, 0x00, 0x00, 0x00, 0x00,
    0x00, 0x00, 0x00, 0x00, 0x00, 0x00, 0x00, 0x00,
    0x00, 0x00, 0x00, 0x00, 0x00, 0x00, 0x00, 0x0A,
    0x00, 0x00, 0x00, 0x00, 0x00, 0x00, 0x05, 0x0A,

    0x00, 0x00, 0x00, 0x00, 0x00, 0x00, 0x00, 0x00,
    0x00, 0x00, 0x00, 0x00, 0x00, 0x00, 0x00, 0x00,
    0x00, 0x00, 0x00, 0x0A, 0x05, 0x05, 0x00, 0x00,
    0x00, 0x00, 0x0A, 0x05, 0x05, 0x0F, 0x08, 0x00,
    0x00, 0x05, 0x0A, 0x05, 0x05, 0x08, 0x08, 0x00,
    0x0A, 0x0A, 0x05, 0x08, 0x08, 0x08, 0x08, 0x00,
    0x05, 0x05, 0x08, 0x08, 0x08, 0x08, 0x00, 0x00,
    0x05, 0x08, 0x08, 0x08, 0x08, 0x00, 0x00, 0x00,

    // Tile 156 (12,2)
    0x00, 0x00, 0x00, 0x00, 0x00, 0x00, 0x00, 0x00,
    0x00, 0x00, 0x00, 0x00, 0x00, 0x00, 0x00, 0x00,
    0x00, 0x00, 0x00, 0x00, 0x09, 0x09, 0x0F, 0x0F,
    0x00, 0x00, 0x00, 0x00, 0x00, 0x09, 0x00, 0x00,
    0x00, 0x00, 0x00, 0x00, 0x00, 0x09, 0x0A, 0x0A,
    0x00, 0x00, 0x00, 0x00, 0x00, 0x00, 0x09, 0x0A,
    0x00, 0x00, 0x00, 0x00, 0x00, 0x00, 0x09, 0x0A,
    0x00, 0x00, 0x00, 0x00, 0x00, 0x00, 0x00, 0x09,

    0x00, 0x00, 0x0F, 0x00, 0x00, 0x00, 0x00, 0x00,
    0x00, 0x00, 0x0F, 0x00, 0x00, 0x00, 0x00, 0x00,
    0x09, 0x0F, 0x09, 0x09, 0x09, 0x00, 0x00, 0x00,
    0x00, 0x0F, 0x00, 0x09, 0x00, 0x00, 0x00, 0x00,
    0x0F, 0x0A, 0x0A, 0x09, 0x00, 0x00, 0x00, 0x00,
    0x0F, 0x0A, 0x09, 0x00, 0x00, 0x00, 0x00, 0x00,
    0x0A, 0x0A, 0x09, 0x00, 0x00, 0x00, 0x00, 0x00,
    0x0A, 0x09, 0x00, 0x00, 0x00, 0x00, 0x00, 0x00,

    0x00, 0x00, 0x00, 0x00, 0x00, 0x00, 0x00, 0x00,
    0x00, 0x00, 0x00, 0x00, 0x00, 0x00, 0x00, 0x00,
    0x00, 0x00, 0x00, 0x00, 0x00, 0x00, 0x00, 0x00,
    0x00, 0x00, 0x00, 0x00, 0x00, 0x00, 0x00, 0x0A,
    0x00, 0x00, 0x00, 0x00, 0x00, 0x00, 0x0A, 0x0A,
    0x00, 0x00, 0x00, 0x00, 0x00, 0x0A, 0x0A, 0x0A,
    0x08, 0x08, 0x00, 0x00, 0x00, 0x0A, 0x0A, 0x0A,
    0x00, 0x00, 0x08, 0x00, 0x0A, 0x0A, 0x0A, 0x0A,

    0x00, 0x00, 0x0A, 0x0A, 0x0A, 0x00, 0x00, 0x00,
    0x00, 0x0A, 0x0A, 0x0A, 0x0A, 0x0A, 0x00, 0x00,
    0x0A, 0x0A, 0x00, 0x00, 0x0A, 0x0A, 0x00, 0x00,
    0x0A, 0x0A, 0x0A, 0x00, 0x00, 0x0A, 0x0A, 0x00,
    0x0A, 0x0A, 0x0A, 0x0A, 0x00, 0x0A, 0x0A, 0x00,
    0x00, 0x0A, 0x0A, 0x0A, 0x0A, 0x0A, 0x0A, 0x00,
    0x0A, 0x0A, 0x0A, 0x0C, 0x0C, 0x0C, 0x00, 0x00,
    0x0A, 0x0C, 0x0C, 0x0A, 0x0A, 0x0A, 0x0A, 0x00,

    // Tile 160 (16,2)
    0x00, 0x00, 0x00, 0x00, 0x00, 0x00, 0x00, 0x00,
    0x00, 0x00, 0x00, 0x00, 0x00, 0x00, 0x00, 0x00,
    0x00, 0x00, 0x00, 0x00, 0x00, 0x00, 0x00, 0x00,
    0x00, 0x00, 0x00, 0x00, 0x00, 0x00, 0x00, 0x00,
    0x00, 0x00, 0x00, 0x00, 0x00, 0x00, 0x00, 0x00,
    0x00, 0x00, 0x00, 0x00, 0x00, 0x00, 0x00, 0x0A,
    0x00, 0x00, 0x00, 0x00, 0x00, 0x00, 0x0A, 0x0E,
    0x00, 0x00, 0x00, 0x00, 0x07, 0x07, 0x0A, 0x0A,

    0x00, 0x00, 0x00, 0x00, 0x00, 0x00, 0x00, 0x00,
    0x00, 0x00, 0x00, 0x00, 0x00, 0x00, 0x0A, 0x07,
    0x00, 0x00, 0x00, 0x00, 0x0A, 0x0F, 0x0A, 0x00,
    0x00, 0x00, 0x0A, 0x0A, 0x07, 0x0A, 0x07, 0x00,
    0x00, 0x0A, 0x0A, 0x0F, 0x0A, 0x07, 0x00, 0x00,
    0x0E, 0x07, 0x0A, 0x0A, 0x0A, 0x0A, 0x00, 0x00,
    0x0F, 0x0E, 0x07, 0x0A, 0x0A, 0x07, 0x00, 0x00,
    0x0E, 0x0A, 0x0A, 0x07, 0x07, 0x07, 0x00, 0x00,

    0x00, 0x00, 0x00, 0x00, 0x00, 0x00, 0x00, 0x00,
    0x00, 0x00, 0x00, 0x00, 0x0F, 0x00, 0x00, 0x0F,
    0x00, 0x00, 0x00, 0x0F, 0x00, 0x00, 0x0F, 0x00,
    0x00, 0x00, 0x00, 0x0F, 0x00, 0x00, 0x0F, 0x00,
    0x00, 0x00, 0x00, 0x00, 0x0F, 0x00, 0x00, 0x0F,
    0x00, 0x00, 0x00, 0x00, 0x0F, 0x00, 0x00, 0x0F,
    0x00, 0x00, 0x00, 0x0F, 0x00, 0x00, 0x0F, 0x00,
    0x00, 0x00, 0x00, 0x00, 0x00, 0x00, 0x00, 0x00,

    0x00, 0x00, 0x00, 0x00, 0x00, 0x00, 0x00, 0x00,
    0x00, 0x00, 0x0F, 0x00, 0x00, 0x00, 0x00, 0x00,
    0x00, 0x0F, 0x00, 0x00, 0x00, 0x0B, 0x00, 0x00,
    0x00, 0x0F, 0x00, 0x00, 0x0B, 0x00, 0x0B, 0x00,
    0x00, 0x00, 0x0F, 0x0B, 0x00, 0x0B, 0x00, 0x00,
    0x00, 0x00, 0x0B, 0x00, 0x0B, 0x00, 0x00, 0x00,
    0x00, 0x0B, 0x00, 0x0B, 0x00, 0x00, 0x00, 0x00,
    0x0B, 0x00, 0x0B, 0x00, 0x00, 0x00, 0x00, 0x00,

    // Tile 164 (20,2)
    0x00, 0x00, 0x00, 0x00, 0x00, 0x00, 0x00, 0x00,
    0x00, 0x00, 0x00, 0x00, 0x00, 0x00, 0x00, 0x00,
    0x00, 0x00, 0x00, 0x00, 0x00, 0x00, 0x00, 0x00,
    0x00, 0x00, 0x00, 0x00, 0x00, 0x00, 0x00, 0x00,
    0x00, 0x00, 0x00, 0x00, 0x00, 0x00, 0x00, 0x00,
    0x00, 0x00, 0x00, 0x00, 0x00, 0x00, 0x00, 0x00,
    0x00, 0x00, 0x00, 0x00, 0x00, 0x00, 0x00, 0x00,
    0x00, 0x00, 0x00, 0x00, 0x00, 0x00, 0x00, 0x00,

    0x00, 0x00, 0x00, 0x00, 0x00, 0x00, 0x00, 0x00,
    0x00, 0x00, 0x00, 0x00, 0x00, 0x00, 0x0F, 0x00,
    0x00, 0x00, 0x00, 0x00, 0x00, 0x0F, 0x00, 0x00,
    0x00, 0x00, 0x00, 0x00, 0x0F, 0x00, 0x00, 0x00,
    0x00, 0x00, 0x0F, 0x0F, 0x00, 0x00, 0x00, 0x00,
    0x00, 0x0F, 0x0F, 0x0F, 0x00, 0x00, 0x00, 0x00,
    0x00, 0x0F, 0x0F, 0x00, 0x00, 0x00, 0x00, 0x00,
    0x00, 0x00, 0x00, 0x00, 0x00, 0x00, 0x00, 0x00,

    0x00, 0x00, 0x00, 0x00, 0x00, 0x00, 0x00, 0x00,
    0x00, 0x00, 0x00, 0x00, 0x00, 0x00, 0x00, 0x00,
    0x00, 0x00, 0x00, 0x00, 0x00, 0x00, 0x00, 0x00,
    0x00, 0x00, 0x00, 0x00, 0x00, 0x00, 0x00, 0x00,
    0x00, 0x00, 0x00, 0x00, 0x00, 0x00, 0x00, 0x00,
    0x00, 0x00, 0x00, 0x00, 0x00, 0x07, 0x07, 0x07,
    0x00, 0x00, 0x00, 0x00, 0x0A, 0x0F, 0x0E, 0x0E,
    0x00, 0x00, 0x00, 0x0A, 0x0F, 0x0F, 0x0F, 0x0E,

    0x00, 0x00, 0x00, 0x00, 0x00, 0x00, 0x00, 0x00,
    0x00, 0x00, 0x00, 0x00, 0x00, 0x00, 0x00, 0x00,
    0x00, 0x00, 0x00, 0x00, 0x00, 0x00, 0x00, 0x00,
    0x00, 0x00, 0x00, 0x00, 0x00, 0x00, 0x00, 0x00,
    0x00, 0x00, 0x00, 0x00, 0x00, 0x00, 0x00, 0x00,
    0x07, 0x07, 0x07, 0x07, 0x00, 0x00, 0x00, 0x00,
    0x0E, 0x0E, 0x0E, 0x07, 0x07, 0x00, 0x00, 0x00,
    0x0E, 0x0E, 0x07, 0x07, 0x07, 0x07, 0x00, 0x00,

    // Tile 168 (24,2)
    0x00, 0x00, 0x00, 0x00, 0x00, 0x00, 0x00, 0x00,
    0x00, 0x00, 0x00, 0x00, 0x00, 0x00, 0x00, 0x00,
    0x00, 0x00, 0x00, 0x00, 0x00, 0x00, 0x00, 0x00,
    0x00, 0x00, 0x00, 0x00, 0x00, 0x00, 0x00, 0x00,
    0x00, 0x00, 0x00, 0x00, 0x00, 0x00, 0x00, 0x00,
    0x00, 0x00, 0x00, 0x00, 0x00, 0x0C, 0x0C, 0x0C,
    0x00, 0x00, 0x00, 0x00, 0x0C, 0x0F, 0x0C, 0x0A,
    0x00, 0x00, 0x00, 0x0C, 0x0F, 0x0F, 0x0F, 0x0C,

    0x00, 0x00, 0x00, 0x00, 0x00, 0x00, 0x00, 0x00,
    0x00, 0x00, 0x00, 0x00, 0x00, 0x00, 0x00, 0x00,
    0x00, 0x00, 0x00, 0x00, 0x00, 0x00, 0x00, 0x00,
    0x00, 0x00, 0x00, 0x00, 0x00, 0x00, 0x00, 0x00,
    0x00, 0x00, 0x00, 0x00, 0x00, 0x00, 0x00, 0x00,
    0x0C, 0x0C, 0x0C, 0x0C, 0x00, 0x00, 0x00, 0x00,
    0x0A, 0x0A, 0x0A, 0x0C, 0x0C, 0x00, 0x00, 0x00,
    0x0A, 0x0A, 0x0C, 0x0C, 0x0C, 0x0C, 0x00, 0x00,

    0x00, 0x00, 0x00, 0x00, 0x00, 0x00, 0x00, 0x00,
    0x00, 0x00, 0x00, 0x00, 0x00, 0x00, 0x00, 0x00,
    0x00, 0x00, 0x00, 0x00, 0x00, 0x00, 0x00, 0x00,
    0x00, 0x00, 0x00, 0x00, 0x00, 0x00, 0x00, 0x00,
    0x00, 0x00, 0x00, 0x00, 0x00, 0x00, 0x00, 0x00,
    0x00, 0x00, 0x00, 0x00, 0x00, 0x06, 0x06, 0x06,
    0x00, 0x00, 0x00, 0x00, 0x0A, 0x0F, 0x0A, 0x08,
    0x00, 0x00, 0x00, 0x0A, 0x0F, 0x0F, 0x0F, 0x0A,

    0x00, 0x00, 0x00, 0x00, 0x00, 0x00, 0x00, 0x00,
    0x00, 0x00, 0x00, 0x00, 0x00, 0x00, 0x00, 0x00,
    0x00, 0x00, 0x00, 0x00, 0x00, 0x00, 0x00, 0x00,
    0x00, 0x00, 0x00, 0x00, 0x00, 0x00, 0x00, 0x00,
    0x00, 0x00, 0x00, 0x00, 0x00, 0x00, 0x00, 0x00,
    0x06, 0x06, 0x06, 0x06, 0x00, 0x00, 0x00, 0x00,
    0x08, 0x08, 0x08, 0x06, 0x06, 0x00, 0x00, 0x00,
    0x08, 0x08, 0x06, 0x06, 0x06, 0x06, 0x00, 0x00,

    // Tile 172 (28,2)
    0x00, 0x00, 0x00, 0x00, 0x00, 0x00, 0x00, 0x00,
    0x00, 0x00, 0x00, 0x00, 0x00, 0x00, 0x00, 0x00,
    0x00, 0x00, 0x00, 0x00, 0x00, 0x00, 0x00, 0x00,
    0x00, 0x00, 0x00, 0x00, 0x00, 0x00, 0x00, 0x00,
    0x00, 0x00, 0x00, 0x00, 0x00, 0x00, 0x00, 0x00,
    0x00, 0x00, 0x00, 0x00, 0x00, 0x05, 0x05, 0x05,
    0x00, 0x00, 0x00, 0x00, 0x09, 0x0F, 0x09, 0x0A,
    0x00, 0x00, 0x00, 0x09, 0x0F, 0x0F, 0x0F, 0x09,

    0x00, 0x00, 0x00, 0x00, 0x00, 0x00, 0x00, 0x00,
    0x00, 0x00, 0x00, 0x00, 0x00, 0x00, 0x00, 0x00,
    0x00, 0x00, 0x00, 0x00, 0x00, 0x00, 0x00, 0x00,
    0x00, 0x00, 0x00, 0x00, 0x00, 0x00, 0x00, 0x00,
    0x00, 0x00, 0x00, 0x00, 0x00, 0x00, 0x00, 0x00,
    0x05, 0x05, 0x05, 0x05, 0x00, 0x00, 0x00, 0x00,
    0x0A, 0x0A, 0x0A, 0x05, 0x05, 0x00, 0x00, 0x00,
    0x0A, 0x0A, 0x05, 0x05, 0x05, 0x05, 0x00, 0x00,

    0x00, 0x00, 0x00, 0x00, 0x00, 0x00, 0x00, 0x00,
    0x00, 0x00, 0x00, 0x00, 0x00, 0x00, 0x00, 0x00,
    0x00, 0x00, 0x00, 0x00, 0x00, 0x00, 0x00, 0x00,
    0x00, 0x00, 0x00, 0x00, 0x00, 0x00, 0x00, 0x00,
    0x00, 0x00, 0x00, 0x00, 0x00, 0x00, 0x00, 0x00,
    0x00, 0x00, 0x00, 0x00, 0x08, 0x08, 0x08, 0x08,
    0x00, 0x00, 0x00, 0x09, 0x0B, 0x09, 0x0B, 0x0B,
    0x00, 0x00, 0x09, 0x0B, 0x0F, 0x0F, 0x09, 0x0B,

    0x00, 0x00, 0x00, 0x00, 0x00, 0x00, 0x00, 0x00,
    0x00, 0x00, 0x00, 0x00, 0x00, 0x00, 0x00, 0x00,
    0x00, 0x00, 0x00, 0x00, 0x00, 0x00, 0x00, 0x00,
    0x00, 0x00, 0x00, 0x00, 0x00, 0x00, 0x00, 0x00,
    0x00, 0x00, 0x00, 0x00, 0x00, 0x00, 0x00, 0x00,
    0x08, 0x08, 0x08, 0x00, 0x00, 0x00, 0x00, 0x00,
    0x0B, 0x0B, 0x08, 0x08, 0x09, 0x00, 0x00, 0x00,
    0x0B, 0x08, 0x08, 0x08, 0x08, 0x00, 0x00, 0x00,

    // Tile 176 (32,2)
    0x00, 0x00, 0x00, 0x00, 0x00, 0x00, 0x00, 0x00,
    0x00, 0x00, 0x00, 0x00, 0x00, 0x00, 0x00, 0x00,
    0x00, 0x00, 0x00, 0x00, 0x00, 0x00, 0x00, 0x00,
    0x00, 0x00, 0x00, 0x00, 0x00, 0x00, 0x00, 0x00,
    0x00, 0x00, 0x00, 0x00, 0x0F, 0x0F, 0x0F, 0x0F,
    0x00, 0x00, 0x00, 0x00, 0x0A, 0x0A, 0x0A, 0x0A,
    0x0F, 0x0E, 0x0E, 0x0E, 0x00, 0x0A, 0x0A, 0x0A,
    0x0F, 0x0F, 0x0E, 0x0A, 0x00, 0x0A, 0x0A, 0x0A,

    0x00, 0x00, 0x00, 0x00, 0x00, 0x00, 0x00, 0x00,
    0x00, 0x00, 0x00, 0x00, 0x00, 0x00, 0x00, 0x00,
    0x00, 0x00, 0x00, 0x00, 0x00, 0x00, 0x00, 0x00,
    0x00, 0x00, 0x00, 0x00, 0x00, 0x00, 0x00, 0x00,
    0x0E, 0x0E, 0x0E, 0x0E, 0x00, 0x0F, 0x00, 0x00,
    0x07, 0x07, 0x07, 0x07, 0x00, 0x00, 0x00, 0x00,
    0x07, 0x07, 0x07, 0x00, 0x0E, 0x0E, 0x0E, 0x0E,
    0x07, 0x07, 0x07, 0x00, 0x0A, 0x0E, 0x0E, 0x0A,

    0x00, 0x00, 0x00, 0x00, 0x00, 0x00, 0x00, 0x00,
    0x00, 0x00, 0x00, 0x00, 0x00, 0x00, 0x00, 0x00,
    0x00, 0x00, 0x00, 0x00, 0x00, 0x00, 0x00, 0x00,
    0x00, 0x00, 0x00, 0x00, 0x00, 0x00, 0x00, 0x00,
    0x00, 0x00, 0x00, 0x00, 0x0F, 0x0F, 0x0F, 0x0F,
    0x00, 0x00, 0x00, 0x00, 0x09, 0x09, 0x09, 0x09,
    0x0F, 0x09, 0x09, 0x09, 0x00, 0x09, 0x09, 0x09,
    0x0F, 0x0F, 0x09, 0x08, 0x00, 0x09, 0x09, 0x09,

    0x00, 0x00, 0x00, 0x00, 0x00, 0x00, 0x00, 0x00,
    0x00, 0x00, 0x00, 0x00, 0x00, 0x00, 0x00, 0x00,
    0x00, 0x00, 0x00, 0x00, 0x00, 0x00, 0x00, 0x00,
    0x00, 0x00, 0x00, 0x00, 0x00, 0x00, 0x00, 0x00,
    0x0A, 0x0A, 0x0A, 0x0A, 0x00, 0x0F, 0x00, 0x00,
    0x08, 0x08, 0x08, 0x08, 0x00, 0x00, 0x00, 0x00,
    0x08, 0x08, 0x08, 0x00, 0x0A, 0x0A, 0x0A, 0x0A,
    0x08, 0x08, 0x08, 0x00, 0x08, 0x0A, 0x0A, 0x08,

    // Tile 180 (36,2)
    0x00, 0x00, 0x00, 0x00, 0x00, 0x00, 0x00, 0x00,
    0x00, 0x00, 0x00, 0x00, 0x00, 0x00, 0x00, 0x00,
    0x00, 0x00, 0x00, 0x00, 0x00, 0x00, 0x00, 0x00,
    0x00, 0x00, 0x00, 0x00, 0x00, 0x00, 0x00, 0x00,
    0x00, 0x00, 0x00, 0x07, 0x0F, 0x0F, 0x07, 0x07,
    0x00, 0x00, 0x07, 0x0F, 0x0F, 0x07, 0x07, 0x07,
    0x00, 0x00, 0x07, 0x07, 0x07, 0x07, 0x07, 0x07,
    0x00, 0x0F, 0x07, 0x07, 0x07, 0x07, 0x07, 0x07,

    0x00, 0x00, 0x00, 0x00, 0x00, 0x00, 0x00, 0x00,
    0x00, 0x00, 0x00, 0x00, 0x00, 0x00, 0x00, 0x00,
    0x00, 0x00, 0x00, 0x00, 0x00, 0x00, 0x00, 0x00,
    0x00, 0x00, 0x00, 0x00, 0x00, 0x00, 0x00, 0x00,
    0x07, 0x00, 0x00, 0x00, 0x00, 0x00, 0x00, 0x00,
    0x07, 0x07, 0x00, 0x00, 0x00, 0x00, 0x00, 0x00,
    0x07, 0x07, 0x00, 0x00, 0x00, 0x0F, 0x00, 0x00,
    0x07, 0x07, 0x00, 0x00, 0x00, 0x0F, 0x00, 0x00,

    0x00, 0x00, 0x00, 0x00, 0x00, 0x00, 0x00, 0x00,
    0x00, 0x00, 0x00, 0x00, 0x00, 0x00, 0x00, 0x00,
    0x00, 0x00, 0x00, 0x00, 0x00, 0x00, 0x00, 0x00,
    0x00, 0x00, 0x00, 0x00, 0x00, 0x00, 0x00, 0x00,
    0x00, 0x00, 0x00, 0x05, 0x0F, 0x0F, 0x05, 0x05,
    0x00, 0x00, 0x05, 0x0F, 0x0F, 0x05, 0x05, 0x05,
    0x00, 0x00, 0x05, 0x05, 0x05, 0x05, 0x05, 0x05,
    0x00, 0x0F, 0x05, 0x05, 0x05, 0x05, 0x05, 0x05,

    0x00, 0x00, 0x00, 0x00, 0x00, 0x00, 0x00, 0x00,
    0x00, 0x00, 0x00, 0x00, 0x00, 0x00, 0x00, 0x00,
    0x00, 0x00, 0x00, 0x00, 0x00, 0x00, 0x00, 0x00,
    0x00, 0x00, 0x00, 0x00, 0x00, 0x00, 0x00, 0x00,
    0x05, 0x00, 0x00, 0x00, 0x00, 0x00, 0x00, 0x00,
    0x05, 0x05, 0x00, 0x00, 0x00, 0x00, 0x00, 0x00,
    0x05, 0x05, 0x00, 0x00, 0x00, 0x0F, 0x00, 0x00,
    0x05, 0x05, 0x00, 0x00, 0x00, 0x0F, 0x00, 0x00,

    // Tile 184 (40,2)
    0x00, 0x00, 0x00, 0x00, 0x00, 0x00, 0x00, 0x00,
    0x00, 0x00, 0x00, 0x00, 0x00, 0x00, 0x00, 0x00,
    0x00, 0x00, 0x00, 0x00, 0x00, 0x00, 0x00, 0x00,
    0x00, 0x00, 0x00, 0x00, 0x00, 0x00, 0x00, 0x00,
    0x00, 0x00, 0x00, 0x00, 0x00, 0x05, 0x0F, 0x0F,
    0x00, 0x00, 0x00, 0x00, 0x05, 0x0F, 0x0F, 0x05,
    0x00, 0x00, 0x00, 0x00, 0x05, 0x05, 0x05, 0x05,
    0x00, 0x00, 0x00, 0x00, 0x05, 0x05, 0x05, 0x05,

    0x00, 0x00, 0x00, 0x00, 0x00, 0x00, 0x00, 0x00,
    0x00, 0x00, 0x00, 0x00, 0x00, 0x00, 0x00, 0x00,
    0x00, 0x00, 0x00, 0x00, 0x00, 0x00, 0x00, 0x00,
    0x00, 0x00, 0x00, 0x00, 0x00, 0x00, 0x00, 0x00,
    0x05, 0x05, 0x05, 0x00, 0x00, 0x00, 0x00, 0x00,
    0x05, 0x05, 0x05, 0x05, 0x00, 0x00, 0x00, 0x00,
    0x05, 0x05, 0x05, 0x05, 0x00, 0x00, 0x00, 0x00,
    0x05, 0x05, 0x05, 0x05, 0x00, 0x00, 0x00, 0x00,

    0x00, 0x00, 0x00, 0x00, 0x00, 0x00, 0x00, 0x00,
    0x00, 0x00, 0x00, 0x00, 0x00, 0x00, 0x00, 0x00,
    0x00, 0x00, 0x00, 0x00, 0x00, 0x00, 0x00, 0x00,
    0x00, 0x00, 0x00, 0x00, 0x00, 0x00, 0x00, 0x00,
    0x00, 0x0F, 0x00, 0x00, 0x00, 0x00, 0x00, 0x00,
    0x00, 0x00, 0x0F, 0x00, 0x00, 0x00, 0x00, 0x00,
    0x00, 0x00, 0x00, 0x0F, 0x00, 0x00, 0x00, 0x00,
    0x00, 0x00, 0x00, 0x00, 0x0F, 0x00, 0x00, 0x00,

    0x00, 0x00, 0x00, 0x00, 0x00, 0x00, 0x00, 0x00,
    0x00, 0x00, 0x00, 0x00, 0x00, 0x00, 0x00, 0x00,
    0x00, 0x00, 0x00, 0x00, 0x00, 0x00, 0x00, 0x00,
    0x00, 0x00, 0x00, 0x00, 0x00, 0x00, 0x00, 0x00,
    0x00, 0x00, 0x00, 0x00, 0x00, 0x00, 0x0F, 0x00,
    0x00, 0x00, 0x00, 0x00, 0x00, 0x0F, 0x00, 0x00,
    0x00, 0x00, 0x00, 0x00, 0x0F, 0x00, 0x00, 0x00,
    0x00, 0x00, 0x00, 0x0F, 0x00, 0x00, 0x00, 0x00,

    // Tile 188 (44,2)
    0x00, 0x00, 0x00, 0x00, 0x00, 0x00, 0x00, 0x00,
    0x00, 0x00, 0x00, 0x00, 0x00, 0x00, 0x00, 0x00,
    0x00, 0x00, 0x00, 0x00, 0x00, 0x00, 0x00, 0x00,
    0x00, 0x00, 0x00, 0x00, 0x00, 0x00, 0x00, 0x00,
    0x00, 0x0F, 0x00, 0x00, 0x00, 0x00, 0x00, 0x00,
    0x00, 0x00, 0x0F, 0x00, 0x00, 0x00, 0x00, 0x00,
    0x00, 0x00, 0x00, 0x0F, 0x00, 0x00, 0x00, 0x00,
    0x00, 0x00, 0x00, 0x00, 0x0F, 0x00, 0x00, 0x00,

    0x00, 0x00, 0x00, 0x00, 0x00, 0x00, 0x00, 0x00,
    0x00, 0x00, 0x00, 0x00, 0x00, 0x00, 0x00, 0x00,
    0x00, 0x00, 0x00, 0x00, 0x00, 0x00, 0x00, 0x00,
    0x00, 0x00, 0x00, 0x00, 0x00, 0x00, 0x00, 0x00,
    0x00, 0x00, 0x00, 0x00, 0x00, 0x00, 0x0F, 0x00,
    0x00, 0x00, 0x00, 0x00, 0x00, 0x0F, 0x00, 0x00,
    0x00, 0x00, 0x00, 0x00, 0x0F, 0x00, 0x00, 0x00,
    0x00, 0x00, 0x00, 0x0F, 0x00, 0x00, 0x00, 0x00,

    0x00, 0x00, 0x00, 0x00, 0x00, 0x00, 0x00, 0x00,
    0x00, 0x00, 0x00, 0x00, 0x00, 0x00, 0x00, 0x00,
    0x00, 0x00, 0x00, 0x00, 0x00, 0x00, 0x00, 0x00,
    0x00, 0x00, 0x00, 0x00, 0x00, 0x00, 0x00, 0x00,
    0x0F, 0x00, 0x00, 0x00, 0x00, 0x00, 0x00, 0x00,
    0x00, 0x0F, 0x00, 0x00, 0x00, 0x00, 0x00, 0x00,
    0x00, 0x00, 0x0F, 0x00, 0x00, 0x0F, 0x0F, 0x0F,
    0x00, 0x00, 0x00, 0x0F, 0x0F, 0x00, 0x00, 0x00,

    0x00, 0x00, 0x00, 0x00, 0x00, 0x00, 0x00, 0x00,
    0x00, 0x00, 0x00, 0x00, 0x00, 0x00, 0x00, 0x00,
    0x00, 0x00, 0x00, 0x00, 0x00, 0x00, 0x00, 0x00,
    0x00, 0x00, 0x00, 0x00, 0x00, 0x00, 0x00, 0x00,
    0x00, 0x00, 0x00, 0x00, 0x00, 0x0F, 0x00, 0x00,
    0x00, 0x00, 0x00, 0x00, 0x0F, 0x00, 0x00, 0x00,
    0x0F, 0x0F, 0x0F, 0x0F, 0x0F, 0x00, 0x00, 0x00,
    0x00, 0x00, 0x0F, 0x00, 0x00, 0x0F, 0x0F, 0x00,

    // Tile 192 (48,2)
    0x00, 0x00, 0x00, 0x00, 0x00, 0x00, 0x00, 0x00,
    0x00, 0x00, 0x00, 0x00, 0x00, 0x00, 0x00, 0x00,
    0x00, 0x00, 0x00, 0x00, 0x00, 0x00, 0x00, 0x00,
    0x00, 0x00, 0x00, 0x00, 0x00, 0x00, 0x00, 0x00,
    0x05, 0x08, 0x05, 0x00, 0x00, 0x05, 0x08, 0x05,
    0x00, 0x05, 0x00, 0x00, 0x00, 0x00, 0x05, 0x05,
    0x00, 0x03, 0x00, 0x00, 0x00, 0x0F, 0x03, 0x03,
    0x00, 0x05, 0x03, 0x0F, 0x0F, 0x03, 0x05, 0x05,

    0x00, 0x00, 0x00, 0x00, 0x00, 0x00, 0x00, 0x00,
    0x00, 0x00, 0x00, 0x00, 0x00, 0x00, 0x00, 0x00,
    0x00, 0x00, 0x00, 0x00, 0x00, 0x00, 0x00, 0x00,
    0x00, 0x00, 0x00, 0x00, 0x00, 0x00, 0x00, 0x00,
    0x05, 0x00, 0x00, 0x05, 0x08, 0x05, 0x00, 0x00,
    0x00, 0x00, 0x00, 0x00, 0x05, 0x00, 0x00, 0x00,
    0x0F, 0x0F, 0x0F, 0x0F, 0x03, 0x00, 0x00, 0x00,
    0x03, 0x00, 0x00, 0x03, 0x03, 0x0F, 0x0F, 0x00,

    0x00, 0x00, 0x00, 0x00, 0x00, 0x00, 0x00, 0x00,
    0x00, 0x00, 0x00, 0x00, 0x00, 0x00, 0x00, 0x00,
    0x00, 0x00, 0x00, 0x00, 0x00, 0x00, 0x00, 0x00,
    0x00, 0x00, 0x00, 0x00, 0x00, 0x00, 0x00, 0x00,
    0x0A, 0x0F, 0x0A, 0x00, 0x00, 0x0A, 0x0F, 0x0A,
    0x00, 0x0A, 0x00, 0x00, 0x00, 0x00, 0x0A, 0x0A,
    0x00, 0x08, 0x00, 0x00, 0x00, 0x0F, 0x08, 0x08,
    0x00, 0x0A, 0x08, 0x0F, 0x0F, 0x08, 0x0A, 0x0A,

    0x00, 0x00, 0x00, 0x00, 0x00, 0x00, 0x00, 0x00,
    0x00, 0x00, 0x00, 0x00, 0x00, 0x00, 0x00, 0x00,
    0x00, 0x00, 0x00, 0x00, 0x00, 0x00, 0x00, 0x00,
    0x00, 0x00, 0x00, 0x00, 0x00, 0x00, 0x00, 0x00,
    0x0A, 0x00, 0x00, 0x09, 0x09, 0x09, 0x00, 0x00,
    0x00, 0x00, 0x00, 0x00, 0x09, 0x00, 0x00, 0x00,
    0x0F, 0x0F, 0x0F, 0x0F, 0x08, 0x00, 0x00, 0x00,
    0x08, 0x00, 0x00, 0x08, 0x08, 0x0F, 0x0F, 0x00,

    // Tile 196 (52,2)
    0x00, 0x00, 0x00, 0x00, 0x00, 0x00, 0x00, 0x00,
    0x00, 0x00, 0x00, 0x00, 0x00, 0x00, 0x00, 0x00,
    0x00, 0x00, 0x00, 0x00, 0x00, 0x00, 0x00, 0x00,
    0x00, 0x00, 0x00, 0x00, 0x00, 0x00, 0x00, 0x00,
    0x00, 0x0A, 0x0F, 0x0A, 0x00, 0x00, 0x0A, 0x0F,
    0x00, 0x00, 0x0A, 0x00, 0x00, 0x00, 0x00, 0x0A,
    0x00, 0x00, 0x08, 0x00, 0x00, 0x00, 0x00, 0x08,
    0x00, 0x00, 0x0A, 0x08, 0x00, 0x00, 0x08, 0x0A,

    0x00, 0x00, 0x00, 0x00, 0x00, 0x00, 0x00, 0x00,
    0x00, 0x00, 0x00, 0x00, 0x00, 0x00, 0x00, 0x00,
    0x00, 0x00, 0x00, 0x00, 0x00, 0x00, 0x00, 0x00,
    0x00, 0x00, 0x00, 0x00, 0x00, 0x00, 0x00, 0x00,
    0x0A, 0x0A, 0x00, 0x00, 0x0A, 0x0B, 0x08, 0x00,
    0x0A, 0x00, 0x00, 0x00, 0x00, 0x0B, 0x00, 0x00,
    0x08, 0x00, 0x00, 0x00, 0x00, 0x0B, 0x00, 0x00,
    0x0A, 0x08, 0x00, 0x00, 0x08, 0x0B, 0x00, 0x00,

    0x00, 0x00, 0x00, 0x00, 0x00, 0x00, 0x00, 0x00,
    0x00, 0x00, 0x00, 0x00, 0x00, 0x00, 0x00, 0x00,
    0x00, 0x00, 0x00, 0x00, 0x00, 0x00, 0x00, 0x00,
    0x00, 0x00, 0x00, 0x00, 0x00, 0x00, 0x00, 0x00,
    0x00, 0x00, 0x05, 0x05, 0x05, 0x03, 0x05, 0x05,
    0x00, 0x05, 0x08, 0x05, 0x03, 0x05, 0x08, 0x05,
    0x00, 0x05, 0x05, 0x05, 0x03, 0x05, 0x05, 0x05,
    0x00, 0x05, 0x05, 0x05, 0x03, 0x05, 0x05, 0x05,

    0x00, 0x00, 0x00, 0x00, 0x00, 0x00, 0x00, 0x00,
    0x00, 0x00, 0x00, 0x00, 0x00, 0x00, 0x00, 0x00,
    0x00, 0x00, 0x00, 0x00, 0x00, 0x00, 0x00, 0x00,
    0x00, 0x00, 0x00, 0x00, 0x00, 0x00, 0x00, 0x00,
    0x05, 0x05, 0x03, 0x05, 0x05, 0x05, 0x00, 0x00,
    0x05, 0x05, 0x05, 0x03, 0x05, 0x08, 0x05, 0x00,
    0x05, 0x05, 0x05, 0x03, 0x05, 0x05, 0x05, 0x00,
    0x05, 0x05, 0x05, 0x03, 0x05, 0x05, 0x05, 0x00,

    // Tile 200 (56,2)
    0x00, 0x00, 0x00, 0x00, 0x00, 0x00, 0x00, 0x00,
    0x00, 0x00, 0x00, 0x00, 0x00, 0x00, 0x00, 0x00,
    0x00, 0x00, 0x00, 0x00, 0x00, 0x00, 0x00, 0x00,
    0x00, 0x00, 0x00, 0x00, 0x00, 0x00, 0x00, 0x00,
    0x00, 0x00, 0x05, 0x05, 0x05, 0x0A, 0x05, 0x05,
    0x00, 0x05, 0x0A, 0x05, 0x0A, 0x05, 0x0A, 0x05,
    0x00, 0x05, 0x05, 0x05, 0x0A, 0x05, 0x05, 0x05,
    0x00, 0x05, 0x05, 0x05, 0x0A, 0x05, 0x05, 0x05,

    0x00, 0x00, 0x00, 0x00, 0x00, 0x00, 0x00, 0x00,
    0x00, 0x00, 0x00, 0x00, 0x00, 0x00, 0x00, 0x00,
    0x00, 0x00, 0x00, 0x00, 0x00, 0x00, 0x00, 0x00,
    0x00, 0x00, 0x00, 0x00, 0x00, 0x00, 0x00, 0x00,
    0x05, 0x05, 0x0A, 0x05, 0x05, 0x05, 0x00, 0x00,
    0x05, 0x05, 0x05, 0x0A, 0x05, 0x0A, 0x05, 0x00,
    0x05, 0x05, 0x05, 0x0A, 0x05, 0x05, 0x05, 0x00,
    0x05, 0x05, 0x05, 0x0A, 0x05, 0x05, 0x05, 0x00,

    0x00, 0x00, 0x00, 0x00, 0x00, 0x00, 0x00, 0x00,
    0x00, 0x00, 0x00, 0x00, 0x00, 0x00, 0x00, 0x00,
    0x00, 0x00, 0x00, 0x00, 0x00, 0x00, 0x00, 0x00,
    0x00, 0x00, 0x00, 0x00, 0x00, 0x00, 0x00, 0x00,
    0x00, 0x00, 0x05, 0x05, 0x05, 0x0A, 0x05, 0x05,
    0x00, 0x05, 0x05, 0x05, 0x0A, 0x05, 0x05, 0x05,
    0x00, 0x05, 0x05, 0x05, 0x0A, 0x05, 0x05, 0x05,
    0x00, 0x05, 0x05, 0x05, 0x0A, 0x05, 0x05, 0x05,

    0x00, 0x00, 0x00, 0x00, 0x00, 0x00, 0x00, 0x00,
    0x00, 0x00, 0x00, 0x00, 0x00, 0x00, 0x00, 0x00,
    0x00, 0x00, 0x00, 0x00, 0x00, 0x00, 0x00, 0x00,
    0x00, 0x00, 0x00, 0x00, 0x00, 0x00, 0x00, 0x00,
    0x05, 0x05, 0x0A, 0x05, 0x05, 0x05, 0x00, 0x00,
    0x05, 0x05, 0x05, 0x0A, 0x05, 0x05, 0x05, 0x00,
    0x05, 0x05, 0x05, 0x0A, 0x05, 0x05, 0x05, 0x00,
    0x05, 0x05, 0x05, 0x0A, 0x05, 0x05, 0x05, 0x00,

    // Tile 204 (60,2)
    0x00, 0x00, 0x00, 0x00, 0x00, 0x00, 0x00, 0x00,
    0x00, 0x00, 0x00, 0x00, 0x00, 0x00, 0x00, 0x00,
    0x00, 0x00, 0x00, 0x00, 0x00, 0x00, 0x00, 0x00,
    0x00, 0x00, 0x00, 0x00, 0x00, 0x00, 0x00, 0x00,
    0x00, 0x00, 0x00, 0x00, 0x00, 0x00, 0x00, 0x05,
    0x00, 0x00, 0x00, 0x00, 0x00, 0x00, 0x00, 0x05,
    0x00, 0x00, 0x00, 0x00, 0x00, 0x00, 0x09, 0x05,
    0x00, 0x00, 0x00, 0x00, 0x09, 0x09, 0x05, 0x09,

    0x00, 0x00, 0x00, 0x00, 0x00, 0x00, 0x00, 0x00,
    0x00, 0x00, 0x00, 0x00, 0x00, 0x00, 0x00, 0x00,
    0x00, 0x00, 0x00, 0x00, 0x00, 0x00, 0x00, 0x00,
    0x00, 0x00, 0x00, 0x00, 0x00, 0x00, 0x00, 0x00,
    0x00, 0x00, 0x00, 0x00, 0x00, 0x00, 0x00, 0x00,
    0x00, 0x00, 0x00, 0x00, 0x00, 0x00, 0x00, 0x00,
    0x00, 0x00, 0x00, 0x00, 0x00, 0x00, 0x00, 0x00,
    0x05, 0x09, 0x00, 0x00, 0x00, 0x00, 0x00, 0x00,

    0x00, 0x00, 0x00, 0x00, 0x00, 0x00, 0x00, 0x00,
    0x00, 0x00, 0x00, 0x00, 0x00, 0x00, 0x00, 0x00,
    0x00, 0x00, 0x00, 0x00, 0x00, 0x00, 0x00, 0x00,
    0x00, 0x00, 0x00, 0x00, 0x00, 0x00, 0x00, 0x00,
    0x00, 0x00, 0x00, 0x00, 0x00, 0x00, 0x00, 0x00,
    0x00, 0x00, 0x00, 0x00, 0x00, 0x00, 0x00, 0x00,
    0x00, 0x00, 0x00, 0x00, 0x00, 0x00, 0x0F, 0x05,
    0x00, 0x00, 0x00, 0x00, 0x0F, 0x0F, 0x05, 0x0F,

    0x00, 0x00, 0x00, 0x00, 0x00, 0x00, 0x00, 0x00,
    0x00, 0x00, 0x00, 0x00, 0x00, 0x00, 0x00, 0x00,
    0x00, 0x00, 0x00, 0x00, 0x00, 0x00, 0x00, 0x00,
    0x00, 0x00, 0x00, 0x00, 0x00, 0x00, 0x00, 0x00,
    0x00, 0x00, 0x00, 0x00, 0x00, 0x00, 0x00, 0x00,
    0x00, 0x05, 0x00, 0x00, 0x00, 0x00, 0x00, 0x00,
    0x05, 0x05, 0x05, 0x00, 0x00, 0x00, 0x00, 0x00,
    0x0F, 0x05, 0x05, 0x00, 0x05, 0x00, 0x00, 0x00,

    // Tile 208 (64,2)
    0x00, 0x00, 0x00, 0x00, 0x00, 0x00, 0x00, 0x00,
    0x00, 0x00, 0x00, 0x00, 0x00, 0x00, 0x00, 0x00,
    0x00, 0x00, 0x00, 0x00, 0x00, 0x00, 0x00, 0x00,
    0x00, 0x00, 0x00, 0x00, 0x00, 0x00, 0x00, 0x00,
    0x00, 0x00, 0x00, 0x00, 0x00, 0x05, 0x05, 0x05,
    0x00, 0x00, 0x00, 0x00, 0x05, 0x05, 0x05, 0x05,
    0x00, 0x00, 0x00, 0x00, 0x05, 0x05, 0x05, 0x05,
    0x00, 0x00, 0x00, 0x05, 0x0F, 0x05, 0x05, 0x05,

    0x00, 0x00, 0x00, 0x00, 0x00, 0x00, 0x00, 0x00,
    0x00, 0x00, 0x00, 0x00, 0x00, 0x00, 0x00, 0x00,
    0x00, 0x00, 0x00, 0x00, 0x00, 0x00, 0x00, 0x00,
    0x00, 0x00, 0x00, 0x00, 0x00, 0x00, 0x00, 0x00,
    0x05, 0x05, 0x05, 0x05, 0x00, 0x00, 0x00, 0x00,
    0x03, 0x05, 0x05, 0x05, 0x05, 0x00, 0x00, 0x00,
    0x05, 0x05, 0x05, 0x05, 0x05, 0x00, 0x00, 0x00,
    0x05, 0x05, 0x05, 0x05, 0x0F, 0x05, 0x00, 0x00,

    0x00, 0x00, 0x00, 0x00, 0x00, 0x00, 0x00, 0x00,
    0x00, 0x00, 0x00, 0x00, 0x00, 0x00, 0x00, 0x00,
    0x00, 0x00, 0x00, 0x00, 0x00, 0x00, 0x00, 0x00,
    0x00, 0x00, 0x00, 0x00, 0x00, 0x00, 0x00, 0x00,
    0x00, 0x00, 0x00, 0x00, 0x00, 0x05, 0x05, 0x05,
    0x00, 0x00, 0x00, 0x00, 0x05, 0x05, 0x05, 0x05,
    0x00, 0x00, 0x00, 0x00, 0x05, 0x0F, 0x05, 0x05,
    0x00, 0x00, 0x00, 0x05, 0x05, 0x0F, 0x0F, 0x05,

    0x00, 0x00, 0x00, 0x00, 0x00, 0x00, 0x00, 0x00,
    0x00, 0x00, 0x00, 0x00, 0x00, 0x00, 0x00, 0x00,
    0x00, 0x00, 0x00, 0x00, 0x00, 0x00, 0x00, 0x00,
    0x00, 0x00, 0x00, 0x00, 0x00, 0x00, 0x00, 0x00,
    0x05, 0x05, 0x05, 0x05, 0x00, 0x00, 0x00, 0x00,
    0x05, 0x05, 0x05, 0x05, 0x05, 0x00, 0x00, 0x00,
    0x05, 0x05, 0x05, 0x0F, 0x05, 0x05, 0x00, 0x00,
    0x05, 0x05, 0x05, 0x05, 0x05, 0x05, 0x00, 0x00,

    // Tile 212 (68,2)
    0x00, 0x00, 0x00, 0x00, 0x00, 0x00, 0x00, 0x00,
    0x00, 0x00, 0x00, 0x00, 0x00, 0x00, 0x00, 0x00,
    0x00, 0x00, 0x00, 0x00, 0x00, 0x00, 0x00, 0x00,
    0x00, 0x00, 0x00, 0x00, 0x00, 0x00, 0x00, 0x06,
    0x00, 0x00, 0x00, 0x00, 0x00, 0x00, 0x06, 0x0F,
    0x00, 0x00, 0x00, 0x00, 0x00, 0x00, 0x06, 0x06,
    0x00, 0x00, 0x00, 0x00, 0x00, 0x00, 0x06, 0x06,
    0x00, 0x00, 0x00, 0x00, 0x00, 0x06, 0x00, 0x06,

    0x00, 0x00, 0x00, 0x00, 0x00, 0x00, 0x00, 0x00,
    0x00, 0x00, 0x00, 0x00, 0x00, 0x00, 0x00, 0x00,
    0x00, 0x00, 0x00, 0x00, 0x00, 0x00, 0x00, 0x00,
    0x00, 0x00, 0x00, 0x00, 0x00, 0x00, 0x00, 0x00,
    0x06, 0x00, 0x00, 0x03, 0x00, 0x00, 0x00, 0x00,
    0x06, 0x00, 0x00, 0x03, 0x00, 0x00, 0x00, 0x00,
    0x06, 0x00, 0x00, 0x03, 0x03, 0x00, 0x00, 0x00,
    0x00, 0x06, 0x03, 0x03, 0x03, 0x03, 0x00, 0x00,

    0x00, 0x00, 0x00, 0x00, 0x00, 0x00, 0x00, 0x00,
    0x00, 0x00, 0x00, 0x00, 0x00, 0x00, 0x00, 0x00,
    0x00, 0x00, 0x00, 0x00, 0x00, 0x00, 0x00, 0x00,
    0x00, 0x00, 0x00, 0x00, 0x00, 0x03, 0x05, 0x08,
    0x00, 0x00, 0x00, 0x00, 0x03, 0x05, 0x0F, 0x03,
    0x00, 0x00, 0x00, 0x08, 0x08, 0x0F, 0x0F, 0x08,
    0x00, 0x00, 0x03, 0x05, 0x08, 0x03, 0x05, 0x03,
    0x00, 0x00, 0x05, 0x0F, 0x03, 0x05, 0x03, 0x03,

    0x00, 0x00, 0x00, 0x00, 0x00, 0x00, 0x00, 0x00,
    0x00, 0x00, 0x03, 0x00, 0x03, 0x00, 0x00, 0x00,
    0x03, 0x03, 0x00, 0x03, 0x00, 0x03, 0x00, 0x00,
    0x03, 0x05, 0x05, 0x03, 0x03, 0x00, 0x00, 0x00,
    0x05, 0x03, 0x03, 0x03, 0x03, 0x03, 0x00, 0x00,
    0x03, 0x05, 0x05, 0x03, 0x03, 0x00, 0x03, 0x00,
    0x03, 0x08, 0x05, 0x05, 0x03, 0x03, 0x00, 0x00,
    0x05, 0x03, 0x05, 0x03, 0x05, 0x00, 0x03, 0x00,

    // Tile 216 (0,3)
    0x00, 0x00, 0x00, 0x08, 0x09, 0x0A, 0x0F, 0x09,
    0x00, 0x00, 0x00, 0x08, 0x09, 0x0A, 0x09, 0x09,
    0x00, 0x00, 0x00, 0x08, 0x0F, 0x09, 0x09, 0x0F,
    0x00, 0x00, 0x00, 0x08, 0x09, 0x09, 0x09, 0x09,
    0x00, 0x00, 0x00, 0x08, 0x09, 0x0F, 0x09, 0x09,
    0x00, 0x00, 0x00, 0x08, 0x09, 0x09, 0x09, 0x09,
    0x00, 0x00, 0x00, 0x08, 0x09, 0x09, 0x09, 0x09,
    0x00, 0x00, 0x00, 0x08, 0x08, 0x08, 0x08, 0x08,

    0x0F, 0x09, 0x08, 0x00, 0x00, 0x08, 0x00, 0x00,
    0x09, 0x09, 0x08, 0x00, 0x00, 0x08, 0x00, 0x00,
    0x09, 0x09, 0x08, 0x00, 0x00, 0x08, 0x00, 0x00,
    0x09, 0x09, 0x08, 0x00, 0x08, 0x08, 0x00, 0x00,
    0x0F, 0x09, 0x08, 0x08, 0x00, 0x00, 0x00, 0x00,
    0x09, 0x09, 0x08, 0x00, 0x00, 0x00, 0x00, 0x00,
    0x09, 0x09, 0x08, 0x00, 0x00, 0x00, 0x00, 0x00,
    0x08, 0x08, 0x08, 0x00, 0x00, 0x00, 0x00, 0x00,

    0x00, 0x00, 0x00, 0x00, 0x03, 0x03, 0x03, 0x03,
    0x00, 0x00, 0x00, 0x00, 0x03, 0x03, 0x03, 0x03,
    0x00, 0x00, 0x00, 0x00, 0x03, 0x0F, 0x03, 0x0F,
    0x00, 0x00, 0x00, 0x00, 0x00, 0x0F, 0x0F, 0x0F,
    0x00, 0x00, 0x00, 0x00, 0x00, 0x00, 0x00, 0x0B,
    0x00, 0x00, 0x00, 0x00, 0x00, 0x00, 0x00, 0x0B,
    0x00, 0x00, 0x00, 0x00, 0x00, 0x00, 0x00, 0x0B,
    0x00, 0x00, 0x00, 0x00, 0x00, 0x00, 0x00, 0x0B,

    0x03, 0x03, 0x03, 0x03, 0x00, 0x00, 0x00, 0x00,
    0x03, 0x03, 0x03, 0x03, 0x00, 0x00, 0x00, 0x00,
    0x03, 0x03, 0x0F, 0x03, 0x00, 0x00, 0x00, 0x00,
    0x0F, 0x0F, 0x0F, 0x00, 0x00, 0x00, 0x00, 0x00,
    0x0B, 0x00, 0x00, 0x00, 0x00, 0x00, 0x00, 0x00,
    0x0B, 0x00, 0x00, 0x00, 0x00, 0x00, 0x00, 0x00,
    0x0B, 0x00, 0x00, 0x00, 0x00, 0x00, 0x00, 0x00,
    0x0B, 0x00, 0x00, 0x00, 0x00, 0x00, 0x00, 0x00,

    // Tile 220 (4,3)
    0x00, 0x00, 0x00, 0x00, 0x0A, 0x09, 0x09, 0x09,
    0x00, 0x00, 0x00, 0x00, 0x09, 0x09, 0x0A, 0x09,
    0x00, 0x00, 0x00, 0x00, 0x0A, 0x09, 0x09, 0x09,
    0x00, 0x00, 0x00, 0x00, 0x09, 0x09, 0x09, 0x09,
    0x00, 0x00, 0x00, 0x00, 0x08, 0x0B, 0x08, 0x08,
    0x00, 0x00, 0x00, 0x00, 0x00, 0x0B, 0x0B, 0x00,
    0x00, 0x00, 0x00, 0x00, 0x00, 0x0B, 0x0B, 0x00,
    0x00, 0x00, 0x00, 0x00, 0x00, 0x0B, 0x0B, 0x00,

    0x08, 0x09, 0x0A, 0x09, 0x08, 0x00, 0x00, 0x00,
    0x08, 0x09, 0x09, 0x09, 0x08, 0x00, 0x00, 0x00,
    0x08, 0x09, 0x09, 0x0A, 0x08, 0x00, 0x00, 0x00,
    0x08, 0x0A, 0x09, 0x09, 0x08, 0x00, 0x00, 0x00,
    0x08, 0x08, 0x0B, 0x08, 0x08, 0x00, 0x00, 0x00,
    0x00, 0x00, 0x0B, 0x0B, 0x00, 0x00, 0x00, 0x00,
    0x00, 0x00, 0x0B, 0x0B, 0x00, 0x00, 0x00, 0x00,
    0x00, 0x00, 0x0B, 0x0B, 0x00, 0x00, 0x00, 0x00,

    0x00, 0x00, 0x00, 0x08, 0x0B, 0x0B, 0x0B, 0x0B,
    0x00, 0x00, 0x00, 0x00, 0x08, 0x08, 0x08, 0x08,
    0x00, 0x00, 0x00, 0x00, 0x08, 0x08, 0x0B, 0x08,
    0x00, 0x00, 0x00, 0x00, 0x08, 0x0B, 0x08, 0x0B,
    0x00, 0x00, 0x00, 0x00, 0x00, 0x08, 0x08, 0x08,
    0x00, 0x00, 0x00, 0x00, 0x00, 0x0B, 0x0B, 0x08,
    0x00, 0x00, 0x00, 0x00, 0x00, 0x0B, 0x08, 0x0B,
    0x00, 0x00, 0x00, 0x00, 0x00, 0x08, 0x0B, 0x0B,

    0x0B, 0x0B, 0x0B, 0x08, 0x00, 0x00, 0x00, 0x00,
    0x08, 0x08, 0x08, 0x00, 0x00, 0x00, 0x00, 0x00,
    0x0B, 0x0B, 0x08, 0x00, 0x00, 0x00, 0x00, 0x00,
    0x08, 0x08, 0x0B, 0x00, 0x00, 0x00, 0x00, 0x00,
    0x08, 0x08, 0x00, 0x00, 0x00, 0x00, 0x00, 0x00,
    0x0B, 0x0B, 0x00, 0x00, 0x00, 0x00, 0x00, 0x00,
    0x08, 0x08, 0x00, 0x00, 0x00, 0x00, 0x00, 0x00,
    0x08, 0x08, 0x00, 0x00, 0x00, 0x00, 0x00, 0x00,

    // Tile 224 (8,3)
    0x00, 0x00, 0x00, 0x00, 0x00, 0x0A, 0x0A, 0x0A,
    0x00, 0x00, 0x00, 0x00, 0x0B, 0x0B, 0x0A, 0x0B,
    0x00, 0x00, 0x00, 0x00, 0x00, 0x08, 0x08, 0x08,
    0x00, 0x00, 0x00, 0x00, 0x00, 0x0B, 0x0B, 0x0B,
    0x00, 0x00, 0x00, 0x00, 0x00, 0x00, 0x0B, 0x0B,
    0x00, 0x00, 0x00, 0x00, 0x00, 0x00, 0x0B, 0x0B,
    0x00, 0x00, 0x00, 0x00, 0x00, 0x00, 0x00, 0x0B,
    0x00, 0x00, 0x00, 0x00, 0x00, 0x00, 0x00, 0x0B,

    0x0A, 0x0A, 0x0A, 0x00, 0x00, 0x00, 0x00, 0x00,
    0x0B, 0x0A, 0x08, 0x08, 0x00, 0x00, 0x00, 0x00,
    0x08, 0x08, 0x08, 0x00, 0x00, 0x00, 0x00, 0x00,
    0x0B, 0x08, 0x08, 0x00, 0x00, 0x00, 0x00, 0x00,
    0x0B, 0x08, 0x00, 0x00, 0x00, 0x00, 0x00, 0x00,
    0x0B, 0x08, 0x00, 0x00, 0x00, 0x00, 0x00, 0x00,
    0x0B, 0x00, 0x00, 0x00, 0x00, 0x00, 0x00, 0x00,
    0x0B, 0x00, 0x00, 0x00, 0x00, 0x00, 0x00, 0x00,

    0x00, 0x00, 0x00, 0x00, 0x00, 0x05, 0x0A, 0x05,
    0x00, 0x00, 0x00, 0x00, 0x05, 0x05, 0x05, 0x08,
    0x00, 0x00, 0x00, 0x00, 0x08, 0x05, 0x05, 0x08,
    0x00, 0x00, 0x00, 0x00, 0x03, 0x08, 0x08, 0x08,
    0x00, 0x00, 0x00, 0x0B, 0x0B, 0x03, 0x08, 0x08,
    0x00, 0x00, 0x0B, 0x0B, 0x00, 0x00, 0x00, 0x00,
    0x00, 0x0B, 0x0B, 0x00, 0x00, 0x00, 0x00, 0x00,
    0x0B, 0x0B, 0x00, 0x00, 0x00, 0x00, 0x00, 0x00,

    0x05, 0x08, 0x08, 0x08, 0x00, 0x00, 0x00, 0x00,
    0x08, 0x08, 0x08, 0x00, 0x00, 0x00, 0x00, 0x00,
    0x08, 0x08, 0x00, 0x00, 0x00, 0x00, 0x00, 0x00,
    0x08, 0x00, 0x00, 0x00, 0x00, 0x00, 0x00, 0x00,
    0x00, 0x00, 0x00, 0x00, 0x00, 0x00, 0x00, 0x00,
    0x00, 0x00, 0x00, 0x00, 0x00, 0x00, 0x00, 0x00,
    0x00, 0x00, 0x00, 0x00, 0x00, 0x00, 0x00, 0x00,
    0x00, 0x00, 0x00, 0x00, 0x00, 0x00, 0x00, 0x00,

    // Tile 228 (12,3)
    0x00, 0x00, 0x00, 0x00, 0x00, 0x00, 0x00, 0x09,
    0x00, 0x00, 0x00, 0x00, 0x00, 0x00, 0x00, 0x00,
    0x00, 0x00, 0x00, 0x00, 0x00, 0x00, 0x00, 0x00,
    0x00, 0x00, 0x00, 0x00, 0x00, 0x00, 0x00, 0x00,
    0x00, 0x00, 0x00, 0x00, 0x00, 0x00, 0x00, 0x00,
    0x00, 0x00, 0x00, 0x00, 0x00, 0x00, 0x00, 0x00,
    0x00, 0x00, 0x00, 0x00, 0x00, 0x00, 0x00, 0x09,
    0x00, 0x00, 0x00, 0x00, 0x00, 0x00, 0x09, 0x0F,

    0x09, 0x09, 0x00, 0x00, 0x00, 0x00, 0x00, 0x00,
    0x09, 0x00, 0x00, 0x00, 0x00, 0x00, 0x00, 0x00,
    0x09, 0x00, 0x00, 0x00, 0x00, 0x00, 0x00, 0x00,
    0x09, 0x00, 0x00, 0x00, 0x00, 0x00, 0x00, 0x00,
    0x09, 0x00, 0x00, 0x00, 0x00, 0x00, 0x00, 0x00,
    0x09, 0x00, 0x00, 0x00, 0x00, 0x00, 0x00, 0x00,
    0x0F, 0x09, 0x00, 0x00, 0x00, 0x00, 0x00, 0x00,
    0x09, 0x09, 0x09, 0x00, 0x00, 0x00, 0x00, 0x00,

    0x00, 0x00, 0x00, 0x08, 0x0F, 0x0A, 0x0A, 0x0C,
    0x00, 0x00, 0x00, 0x08, 0x00, 0x08, 0x0A, 0x0A,
    0x00, 0x00, 0x00, 0x00, 0x08, 0x0C, 0x08, 0x0A,
    0x00, 0x00, 0x00, 0x08, 0x00, 0x00, 0x00, 0x08,
    0x00, 0x00, 0x00, 0x08, 0x08, 0x00, 0x00, 0x08,
    0x00, 0x00, 0x00, 0x00, 0x00, 0x00, 0x00, 0x00,
    0x00, 0x00, 0x00, 0x00, 0x00, 0x00, 0x00, 0x00,
    0x00, 0x00, 0x00, 0x00, 0x00, 0x00, 0x00, 0x00,

    0x0C, 0x0A, 0x0A, 0x0A, 0x0A, 0x00, 0x0A, 0x0A,
    0x0A, 0x0A, 0x0A, 0x0A, 0x0A, 0x0A, 0x00, 0x0A,
    0x0A, 0x08, 0x0A, 0x08, 0x08, 0x0A, 0x00, 0x0A,
    0x0A, 0x0A, 0x0A, 0x08, 0x08, 0x0A, 0x00, 0x0A,
    0x08, 0x0A, 0x0A, 0x0A, 0x0A, 0x0A, 0x0A, 0x0A,
    0x08, 0x08, 0x0A, 0x0A, 0x0A, 0x0A, 0x0A, 0x00,
    0x08, 0x08, 0x00, 0x00, 0x00, 0x00, 0x00, 0x00,
    0x08, 0x00, 0x00, 0x00, 0x00, 0x00, 0x00, 0x00,

    // Tile 232 (16,3)
    0x00, 0x00, 0x00, 0x0A, 0x0A, 0x0A, 0x07, 0x0A,
    0x00, 0x00, 0x0A, 0x0A, 0x0A, 0x0A, 0x0A, 0x07,
    0x00, 0x00, 0x0A, 0x07, 0x07, 0x0A, 0x0A, 0x0A,
    0x00, 0x0A, 0x07, 0x07, 0x07, 0x0A, 0x0A, 0x0A,
    0x00, 0x07, 0x07, 0x07, 0x07, 0x0A, 0x0A, 0x0A,
    0x00, 0x07, 0x07, 0x07, 0x0A, 0x0A, 0x0A, 0x0A,
    0x0A, 0x0A, 0x0A, 0x0A, 0x0A, 0x0A, 0x0A, 0x0A,
    0x07, 0x07, 0x07, 0x07, 0x07, 0x07, 0x07, 0x07,

    0x0A, 0x0A, 0x0A, 0x0A, 0x07, 0x00, 0x00, 0x00,
    0x0A, 0x0A, 0x0A, 0x0A, 0x07, 0x00, 0x00, 0x00,
    0x07, 0x0A, 0x0A, 0x07, 0x07, 0x00, 0x00, 0x00,
    0x0A, 0x07, 0x07, 0x07, 0x00, 0x00, 0x00, 0x00,
    0x0A, 0x07, 0x07, 0x00, 0x00, 0x00, 0x00, 0x00,
    0x0A, 0x07, 0x07, 0x00, 0x00, 0x00, 0x00, 0x00,
    0x07, 0x07, 0x07, 0x00, 0x00, 0x00, 0x00, 0x00,
    0x07, 0x07, 0x00, 0x00, 0x00, 0x00, 0x00, 0x00,

    0x00, 0x0A, 0x0F, 0x0F, 0x0F, 0x0F, 0x0F, 0x0F,
    0x00, 0x05, 0x0F, 0x05, 0x05, 0x0F, 0x05, 0x0F,
    0x00, 0x05, 0x05, 0x0F, 0x05, 0x0F, 0x05, 0x05,
    0x00, 0x0A, 0x0F, 0x0F, 0x0F, 0x0F, 0x0F, 0x0F,
    0x00, 0x00, 0x0F, 0x0F, 0x0F, 0x0F, 0x0F, 0x0F,
    0x00, 0x00, 0x0A, 0x0A, 0x0A, 0x0A, 0x0A, 0x0A,
    0x00, 0x00, 0x00, 0x09, 0x09, 0x09, 0x09, 0x09,
    0x00, 0x00, 0x00, 0x00, 0x0F, 0x0F, 0x0F, 0x0F,

    0x0F, 0x0F, 0x0F, 0x0A, 0x09, 0x00, 0x00, 0x00,
    0x05, 0x05, 0x0F, 0x05, 0x09, 0x00, 0x00, 0x00,
    0x0F, 0x05, 0x0F, 0x05, 0x05, 0x00, 0x00, 0x00,
    0x0F, 0x0F, 0x0F, 0x0A, 0x09, 0x00, 0x00, 0x00,
    0x0F, 0x0F, 0x0A, 0x0A, 0x00, 0x00, 0x00, 0x00,
    0x0A, 0x0A, 0x0A, 0x09, 0x00, 0x00, 0x00, 0x00,
    0x09, 0x09, 0x09, 0x00, 0x00, 0x00, 0x00, 0x00,
    0x0A, 0x0A, 0x00, 0x00, 0x00, 0x00, 0x00, 0x00,

    // Tile 236 (20,3)
    0x00, 0x00, 0x00, 0x00, 0x00, 0x03, 0x08, 0x08,
    0x00, 0x00, 0x00, 0x00, 0x08, 0x08, 0x08, 0x08,
    0x00, 0x00, 0x00, 0x08, 0x08, 0x03, 0x08, 0x08,
    0x00, 0x00, 0x08, 0x0F, 0x0F, 0x08, 0x0F, 0x0F,
    0x09, 0x09, 0x09, 0x09, 0x09, 0x09, 0x09, 0x09,
    0x00, 0x09, 0x0A, 0x0A, 0x0A, 0x0F, 0x0F, 0x0F,
    0x00, 0x00, 0x00, 0x09, 0x0A, 0x0A, 0x0A, 0x0A,
    0x00, 0x00, 0x00, 0x00, 0x00, 0x09, 0x09, 0x09,

    0x08, 0x08, 0x00, 0x00, 0x00, 0x00, 0x00, 0x00,
    0x03, 0x08, 0x0F, 0x0F, 0x00, 0x00, 0x00, 0x00,
    0x08, 0x08, 0x0F, 0x0F, 0x0F, 0x05, 0x00, 0x00,
    0x08, 0x0F, 0x0F, 0x0F, 0x0F, 0x05, 0x05, 0x00,
    0x09, 0x09, 0x09, 0x09, 0x09, 0x09, 0x09, 0x09,
    0x0F, 0x0F, 0x0F, 0x0F, 0x0A, 0x0A, 0x09, 0x00,
    0x0A, 0x0A, 0x0A, 0x0A, 0x09, 0x00, 0x00, 0x00,
    0x09, 0x09, 0x09, 0x00, 0x00, 0x00, 0x00, 0x00,

    0x00, 0x00, 0x0A, 0x0F, 0x0F, 0x0F, 0x0F, 0x0F,
    0x00, 0x00, 0x0E, 0x0E, 0x0A, 0x0A, 0x0A, 0x0A,
    0x00, 0x00, 0x00, 0x0E, 0x0E, 0x0A, 0x0A, 0x0A,
    0x00, 0x00, 0x00, 0x00, 0x0E, 0x0E, 0x0A, 0x0A,
    0x00, 0x00, 0x00, 0x00, 0x00, 0x0E, 0x0E, 0x0A,
    0x00, 0x00, 0x00, 0x00, 0x00, 0x00, 0x0E, 0x0E,
    0x00, 0x00, 0x00, 0x00, 0x00, 0x00, 0x00, 0x0E,
    0x00, 0x00, 0x00, 0x00, 0x00, 0x00, 0x00, 0x00,

    0x0E, 0x0A, 0x0A, 0x0A, 0x0A, 0x0A, 0x0A, 0x00,
    0x07, 0x07, 0x07, 0x07, 0x0A, 0x0A, 0x0E, 0x00,
    0x07, 0x07, 0x07, 0x0A, 0x0A, 0x0E, 0x00, 0x00,
    0x07, 0x07, 0x07, 0x0A, 0x0E, 0x00, 0x00, 0x00,
    0x07, 0x07, 0x0A, 0x0E, 0x00, 0x00, 0x00, 0x00,
    0x07, 0x0A, 0x0E, 0x00, 0x00, 0x00, 0x00, 0x00,
    0x07, 0x0E, 0x00, 0x00, 0x00, 0x00, 0x00, 0x00,
    0x0E, 0x00, 0x00, 0x00, 0x00, 0x00, 0x00, 0x00,

    // Tile 240 (24,3)
    0x00, 0x00, 0x0C, 0x0F, 0x0F, 0x0F, 0x0F, 0x0F,
    0x00, 0x00, 0x0A, 0x0C, 0x08, 0x08, 0x08, 0x08,
    0x00, 0x00, 0x00, 0x0A, 0x0C, 0x08, 0x08, 0x08,
    0x00, 0x00, 0x00, 0x00, 0x0A, 0x0C, 0x08, 0x08,
    0x00, 0x00, 0x00, 0x00, 0x00, 0x0A, 0x0C, 0x08,
    0x00, 0x00, 0x00, 0x00, 0x00, 0x00, 0x0A, 0x0C,
    0x00, 0x00, 0x00, 0x00, 0x00, 0x00, 0x00, 0x0A,
    0x00, 0x00, 0x00, 0x00, 0x00, 0x00, 0x00, 0x00,

    0x0C, 0x08, 0x08, 0x08, 0x08, 0x08, 0x08, 0x00,
    0x0C, 0x0C, 0x0C, 0x0C, 0x08, 0x08, 0x0A, 0x00,
    0x0C, 0x0C, 0x0C, 0x08, 0x08, 0x0A, 0x00, 0x00,
    0x0C, 0x0C, 0x0C, 0x08, 0x0A, 0x00, 0x00, 0x00,
    0x0C, 0x0C, 0x08, 0x0A, 0x00, 0x00, 0x00, 0x00,
    0x0C, 0x08, 0x0A, 0x00, 0x00, 0x00, 0x00, 0x00,
    0x0C, 0x0A, 0x00, 0x00, 0x00, 0x00, 0x00, 0x00,
    0x0A, 0x00, 0x00, 0x00, 0x00, 0x00, 0x00, 0x00,

    0x00, 0x00, 0x0A, 0x0F, 0x0F, 0x0F, 0x0F, 0x0F,
    0x00, 0x00, 0x08, 0x0A, 0x07, 0x07, 0x07, 0x07,
    0x00, 0x00, 0x00, 0x08, 0x0A, 0x07, 0x07, 0x07,
    0x00, 0x00, 0x00, 0x00, 0x08, 0x0A, 0x07, 0x07,
    0x00, 0x00, 0x00, 0x00, 0x00, 0x08, 0x0A, 0x07,
    0x00, 0x00, 0x00, 0x00, 0x00, 0x00, 0x08, 0x0A,
    0x00, 0x00, 0x00, 0x00, 0x00, 0x00, 0x00, 0x08,
    0x00, 0x00, 0x00, 0x00, 0x00, 0x00, 0x00, 0x00,

    0x0A, 0x07, 0x07, 0x07, 0x07, 0x07, 0x07, 0x00,
    0x06, 0x06, 0x06, 0x06, 0x07, 0x07, 0x08, 0x00,
    0x06, 0x06, 0x06, 0x07, 0x07, 0x08, 0x00, 0x00,
    0x06, 0x06, 0x06, 0x07, 0x08, 0x00, 0x00, 0x00,
    0x06, 0x06, 0x0A, 0x08, 0x00, 0x00, 0x00, 0x00,
    0x06, 0x0A, 0x08, 0x00, 0x00, 0x00, 0x00, 0x00,
    0x06, 0x08, 0x00, 0x00, 0x00, 0x00, 0x00, 0x00,
    0x08, 0x00, 0x00, 0x00, 0x00, 0x00, 0x00, 0x00,

    // Tile 244 (28,3)
    0x00, 0x00, 0x09, 0x0F, 0x0F, 0x0F, 0x0F, 0x0F,
    0x00, 0x00, 0x0A, 0x09, 0x08, 0x08, 0x08, 0x08,
    0x00, 0x00, 0x00, 0x0A, 0x09, 0x08, 0x08, 0x08,
    0x00, 0x00, 0x00, 0x00, 0x0A, 0x09, 0x08, 0x08,
    0x00, 0x00, 0x00, 0x00, 0x00, 0x0A, 0x09, 0x08,
    0x00, 0x00, 0x00, 0x00, 0x00, 0x00, 0x0A, 0x09,
    0x00, 0x00, 0x00, 0x00, 0x00, 0x00, 0x00, 0x0A,
    0x00, 0x00, 0x00, 0x00, 0x00, 0x00, 0x00, 0x00,

    0x09, 0x08, 0x08, 0x08, 0x08, 0x08, 0x08, 0x00,
    0x05, 0x05, 0x05, 0x05, 0x08, 0x08, 0x09, 0x00,
    0x05, 0x05, 0x05, 0x08, 0x08, 0x09, 0x00, 0x00,
    0x05, 0x05, 0x05, 0x08, 0x09, 0x00, 0x00, 0x00,
    0x05, 0x05, 0x08, 0x09, 0x00, 0x00, 0x00, 0x00,
    0x05, 0x08, 0x09, 0x00, 0x00, 0x00, 0x00, 0x00,
    0x05, 0x09, 0x00, 0x00, 0x00, 0x00, 0x00, 0x00,
    0x09, 0x00, 0x00, 0x00, 0x00, 0x00, 0x00, 0x00,

    0x00, 0x09, 0x0B, 0x0F, 0x0F, 0x0F, 0x0F, 0x09,
    0x00, 0x0B, 0x09, 0x09, 0x08, 0x08, 0x09, 0x08,
    0x00, 0x00, 0x0B, 0x09, 0x09, 0x08, 0x09, 0x08,
    0x00, 0x00, 0x00, 0x0B, 0x09, 0x08, 0x09, 0x08,
    0x00, 0x00, 0x00, 0x00, 0x0B, 0x09, 0x09, 0x08,
    0x00, 0x00, 0x00, 0x00, 0x00, 0x0B, 0x09, 0x08,
    0x00, 0x00, 0x00, 0x00, 0x00, 0x00, 0x0B, 0x08,
    0x00, 0x00, 0x00, 0x00, 0x00, 0x00, 0x00, 0x09,

    0x09, 0x09, 0x09, 0x09, 0x09, 0x00, 0x00, 0x00,
    0x08, 0x08, 0x08, 0x08, 0x08, 0x00, 0x00, 0x00,
    0x08, 0x08, 0x08, 0x08, 0x09, 0x00, 0x00, 0x00,
    0x08, 0x08, 0x08, 0x09, 0x00, 0x00, 0x00, 0x00,
    0x08, 0x08, 0x09, 0x00, 0x00, 0x00, 0x00, 0x00,
    0x08, 0x09, 0x00, 0x00, 0x00, 0x00, 0x00, 0x00,
    0x09, 0x00, 0x00, 0x00, 0x00, 0x00, 0x00, 0x00,
    0x00, 0x00, 0x00, 0x00, 0x00, 0x00, 0x00, 0x00,

    // Tile 248 (32,3)
    0x0F, 0x0F, 0x0A, 0x0A, 0x07, 0x0A, 0x0A, 0x0A,
    0x0F, 0x0A, 0x0A, 0x0A, 0x07, 0x0A, 0x0A, 0x0A,
    0x00, 0x0A, 0x0A, 0x0A, 0x0A, 0x07, 0x0A, 0x0A,
    0x00, 0x00, 0x0A, 0x0A, 0x0A, 0x07, 0x0A, 0x0A,
    0x00, 0x00, 0x00, 0x0A, 0x0A, 0x0A, 0x0A, 0x08,
    0x00, 0x00, 0x03, 0x08, 0x0A, 0x0A, 0x08, 0x0B,
    0x00, 0x08, 0x08, 0x03, 0x08, 0x08, 0x0B, 0x08,
    0x08, 0x03, 0x08, 0x08, 0x0B, 0x0B, 0x08, 0x03,

    0x07, 0x07, 0x07, 0x07, 0x0A, 0x0A, 0x0A, 0x0A,
    0x07, 0x07, 0x07, 0x07, 0x0A, 0x0A, 0x07, 0x0A,
    0x07, 0x07, 0x07, 0x0A, 0x0A, 0x07, 0x07, 0x00,
    0x07, 0x07, 0x07, 0x0A, 0x07, 0x07, 0x00, 0x00,
    0x08, 0x07, 0x08, 0x07, 0x07, 0x00, 0x00, 0x00,
    0x08, 0x08, 0x08, 0x03, 0x03, 0x08, 0x00, 0x00,
    0x03, 0x08, 0x03, 0x08, 0x08, 0x08, 0x08, 0x00,
    0x0B, 0x03, 0x08, 0x03, 0x03, 0x08, 0x03, 0x08,

    0x0F, 0x0F, 0x08, 0x08, 0x05, 0x09, 0x09, 0x09,
    0x0F, 0x08, 0x08, 0x08, 0x05, 0x09, 0x09, 0x09,
    0x00, 0x08, 0x08, 0x08, 0x08, 0x05, 0x09, 0x09,
    0x00, 0x00, 0x08, 0x08, 0x08, 0x05, 0x09, 0x09,
    0x00, 0x00, 0x00, 0x08, 0x08, 0x08, 0x09, 0x08,
    0x00, 0x00, 0x03, 0x08, 0x08, 0x08, 0x08, 0x0B,
    0x00, 0x08, 0x08, 0x03, 0x08, 0x08, 0x0B, 0x08,
    0x08, 0x03, 0x08, 0x08, 0x0B, 0x0B, 0x08, 0x03,

    0x08, 0x08, 0x08, 0x05, 0x08, 0x08, 0x08, 0x08,
    0x08, 0x08, 0x08, 0x05, 0x08, 0x08, 0x05, 0x08,
    0x08, 0x08, 0x05, 0x08, 0x08, 0x05, 0x05, 0x00,
    0x08, 0x08, 0x05, 0x08, 0x05, 0x05, 0x00, 0x00,
    0x08, 0x08, 0x08, 0x05, 0x05, 0x00, 0x00, 0x00,
    0x08, 0x08, 0x08, 0x03, 0x03, 0x08, 0x00, 0x00,
    0x03, 0x08, 0x03, 0x08, 0x08, 0x08, 0x08, 0x00,
    0x0B, 0x03, 0x08, 0x03, 0x03, 0x08, 0x03, 0x08,

    // Tile 252 (36,3)
    0x0F, 0x0F, 0x07, 0x07, 0x07, 0x07, 0x07, 0x07,
    0x00, 0x0F, 0x07, 0x07, 0x07, 0x07, 0x07, 0x07,
    0x00, 0x00, 0x07, 0x07, 0x07, 0x07, 0x07, 0x07,
    0x00, 0x00, 0x07, 0x07, 0x07, 0x07, 0x07, 0x07,
    0x00, 0x00, 0x07, 0x07, 0x07, 0x07, 0x07, 0x07,
    0x00, 0x00, 0x00, 0x07, 0x07, 0x07, 0x07, 0x07,
    0x00, 0x00, 0x00, 0x00, 0x07, 0x07, 0x07, 0x07,
    0x00, 0x00, 0x00, 0x00, 0x00, 0x07, 0x07, 0x00,

    0x07, 0x07, 0x00, 0x0F, 0x0F, 0x0F, 0x0F, 0x0F,
    0x07, 0x07, 0x0E, 0x00, 0x00, 0x0F, 0x00, 0x00,
    0x07, 0x07, 0x00, 0x00, 0x00, 0x00, 0x00, 0x00,
    0x07, 0x07, 0x00, 0x00, 0x00, 0x00, 0x00, 0x00,
    0x07, 0x07, 0x00, 0x00, 0x00, 0x00, 0x00, 0x00,
    0x07, 0x00, 0x00, 0x00, 0x00, 0x00, 0x00, 0x00,
    0x00, 0x00, 0x00, 0x00, 0x00, 0x00, 0x00, 0x00,
    0x00, 0x00, 0x00, 0x00, 0x00, 0x00, 0x00, 0x00,

    0x0F, 0x0F, 0x05, 0x05, 0x05, 0x05, 0x05, 0x05,
    0x00, 0x0F, 0x05, 0x05, 0x05, 0x05, 0x05, 0x05,
    0x00, 0x00, 0x05, 0x05, 0x05, 0x05, 0x05, 0x05,
    0x00, 0x00, 0x05, 0x05, 0x05, 0x05, 0x05, 0x05,
    0x00, 0x00, 0x05, 0x05, 0x05, 0x05, 0x05, 0x05,
    0x00, 0x00, 0x00, 0x05, 0x05, 0x05, 0x05, 0x05,
    0x00, 0x00, 0x00, 0x00, 0x05, 0x05, 0x05, 0x05,
    0x00, 0x00, 0x00, 0x00, 0x00, 0x05, 0x05, 0x00,

    0x05, 0x05, 0x00, 0x0F, 0x0F, 0x0F, 0x0F, 0x0F,
    0x05, 0x05, 0x0A, 0x00, 0x00, 0x0F, 0x00, 0x00,
    0x05, 0x05, 0x00, 0x00, 0x00, 0x00, 0x00, 0x00,
    0x05, 0x05, 0x00, 0x00, 0x00, 0x00, 0x00, 0x00,
    0x05, 0x05, 0x00, 0x00, 0x00, 0x00, 0x00, 0x00,
    0x05, 0x00, 0x00, 0x00, 0x00, 0x00, 0x00, 0x00,
    0x00, 0x00, 0x00, 0x00, 0x00, 0x00, 0x00, 0x00,
    0x00, 0x00, 0x00, 0x00, 0x00, 0x00, 0x00, 0x00,

    // Tile 256 (40,3)
    0x00, 0x00, 0x00, 0x00, 0x05, 0x05, 0x05, 0x05,
    0x00, 0x00, 0x00, 0x00, 0x05, 0x05, 0x05, 0x05,
    0x00, 0x00, 0x00, 0x00, 0x05, 0x05, 0x05, 0x05,
    0x00, 0x00, 0x00, 0x00, 0x05, 0x05, 0x05, 0x05,
    0x00, 0x00, 0x00, 0x00, 0x05, 0x05, 0x05, 0x05,
    0x00, 0x00, 0x00, 0x00, 0x00, 0x05, 0x05, 0x05,
    0x00, 0x00, 0x00, 0x00, 0x00, 0x00, 0x05, 0x05,
    0x00, 0x00, 0x00, 0x00, 0x00, 0x00, 0x00, 0x05,

    0x05, 0x05, 0x05, 0x05, 0x00, 0x00, 0x00, 0x00,
    0x05, 0x05, 0x05, 0x05, 0x00, 0x00, 0x00, 0x00,
    0x05, 0x05, 0x05, 0x05, 0x00, 0x00, 0x00, 0x00,
    0x05, 0x05, 0x05, 0x05, 0x00, 0x00, 0x00, 0x00,
    0x05, 0x05, 0x05, 0x05, 0x00, 0x00, 0x00, 0x00,
    0x05, 0x05, 0x05, 0x00, 0x00, 0x00, 0x00, 0x00,
    0x05, 0x05, 0x00, 0x00, 0x00, 0x00, 0x00, 0x00,
    0x05, 0x00, 0x00, 0x00, 0x00, 0x00, 0x00, 0x00,

    0x00, 0x00, 0x00, 0x00, 0x00, 0x0F, 0x00, 0x00,
    0x00, 0x00, 0x00, 0x00, 0x00, 0x0F, 0x08, 0x08,
    0x00, 0x00, 0x00, 0x00, 0x00, 0x08, 0x0A, 0x07,
    0x00, 0x00, 0x00, 0x00, 0x08, 0x0A, 0x07, 0x07,
    0x00, 0x00, 0x00, 0x00, 0x08, 0x0A, 0x07, 0x0F,
    0x00, 0x00, 0x00, 0x00, 0x08, 0x0A, 0x07, 0x07,
    0x00, 0x00, 0x00, 0x00, 0x00, 0x08, 0x0A, 0x07,
    0x00, 0x00, 0x00, 0x00, 0x00, 0x00, 0x08, 0x08,

    0x00, 0x05, 0x0F, 0x00, 0x00, 0x00, 0x00, 0x00,
    0x08, 0x08, 0x0F, 0x05, 0x00, 0x00, 0x00, 0x00,
    0x07, 0x0A, 0x08, 0x00, 0x00, 0x00, 0x00, 0x00,
    0x07, 0x07, 0x0A, 0x08, 0x00, 0x00, 0x00, 0x00,
    0x07, 0x07, 0x0A, 0x08, 0x00, 0x00, 0x00, 0x00,
    0x07, 0x07, 0x0A, 0x08, 0x00, 0x00, 0x00, 0x00,
    0x07, 0x0A, 0x08, 0x00, 0x00, 0x00, 0x00, 0x00,
    0x08, 0x08, 0x00, 0x00, 0x00, 0x00, 0x00, 0x00,

    // Tile 260 (44,3)
    0x00, 0x00, 0x00, 0x00, 0x00, 0x0F, 0x00, 0x00,
    0x00, 0x00, 0x00, 0x00, 0x00, 0x0F, 0x08, 0x08,
    0x00, 0x00, 0x00, 0x00, 0x00, 0x08, 0x0A, 0x05,
    0x00, 0x00, 0x00, 0x00, 0x08, 0x0A, 0x05, 0x05,
    0x00, 0x00, 0x00, 0x00, 0x08, 0x0A, 0x05, 0x0F,
    0x00, 0x00, 0x00, 0x00, 0x08, 0x0A, 0x05, 0x05,
    0x00, 0x00, 0x00, 0x00, 0x00, 0x08, 0x0A, 0x05,
    0x00, 0x00, 0x00, 0x00, 0x00, 0x00, 0x08, 0x08,

    0x00, 0x05, 0x0F, 0x00, 0x00, 0x00, 0x00, 0x00,
    0x08, 0x08, 0x0F, 0x05, 0x00, 0x00, 0x00, 0x00,
    0x05, 0x0A, 0x08, 0x00, 0x00, 0x00, 0x00, 0x00,
    0x05, 0x05, 0x0A, 0x08, 0x00, 0x00, 0x00, 0x00,
    0x05, 0x05, 0x0A, 0x08, 0x00, 0x00, 0x00, 0x00,
    0x05, 0x05, 0x0A, 0x08, 0x00, 0x00, 0x00, 0x00,
    0x05, 0x0A, 0x08, 0x00, 0x00, 0x00, 0x00, 0x00,
    0x08, 0x08, 0x00, 0x00, 0x00, 0x00, 0x00, 0x00,

    0x00, 0x00, 0x0F, 0x00, 0x0F, 0x00, 0x00, 0x00,
    0x00, 0x00, 0x0F, 0x00, 0x0F, 0x08, 0x08, 0x08,
    0x00, 0x00, 0x00, 0x00, 0x08, 0x0A, 0x05, 0x05,
    0x00, 0x00, 0x00, 0x08, 0x0A, 0x05, 0x05, 0x05,
    0x00, 0x00, 0x00, 0x08, 0x0A, 0x05, 0x0F, 0x05,
    0x00, 0x00, 0x00, 0x08, 0x0A, 0x05, 0x05, 0x05,
    0x00, 0x00, 0x00, 0x00, 0x08, 0x0A, 0x05, 0x05,
    0x00, 0x00, 0x00, 0x00, 0x00, 0x08, 0x08, 0x08,

    0x00, 0x0F, 0x00, 0x00, 0x00, 0x00, 0x00, 0x0F,
    0x08, 0x0F, 0x00, 0x00, 0x00, 0x00, 0x00, 0x0F,
    0x0A, 0x08, 0x00, 0x00, 0x00, 0x00, 0x00, 0x00,
    0x05, 0x0A, 0x08, 0x00, 0x00, 0x00, 0x00, 0x00,
    0x05, 0x0A, 0x08, 0x00, 0x00, 0x00, 0x00, 0x00,
    0x05, 0x0A, 0x08, 0x00, 0x00, 0x00, 0x00, 0x00,
    0x0A, 0x08, 0x00, 0x00, 0x00, 0x00, 0x00, 0x00,
    0x08, 0x00, 0x00, 0x00, 0x00, 0x00, 0x00, 0x00,

    // Tile 264 (48,3)
    0x00, 0x05, 0x05, 0x03, 0x03, 0x05, 0x05, 0x05,
    0x00, 0x00, 0x05, 0x08, 0x08, 0x05, 0x05, 0x05,
    0x00, 0x05, 0x03, 0x03, 0x03, 0x03, 0x05, 0x05,
    0x05, 0x0F, 0x05, 0x08, 0x08, 0x05, 0x0F, 0x05,
    0x05, 0x05, 0x05, 0x08, 0x08, 0x05, 0x05, 0x05,
    0x00, 0x05, 0x03, 0x03, 0x03, 0x03, 0x05, 0x05,
    0x00, 0x05, 0x05, 0x08, 0x08, 0x05, 0x05, 0x05,
    0x00, 0x03, 0x03, 0x03, 0x03, 0x03, 0x03, 0x03,

    0x05, 0x03, 0x03, 0x03, 0x03, 0x00, 0x00, 0x0F,
    0x05, 0x05, 0x05, 0x03, 0x00, 0x00, 0x00, 0x0F,
    0x03, 0x03, 0x03, 0x03, 0x05, 0x00, 0x00, 0x00,
    0x05, 0x05, 0x05, 0x05, 0x0F, 0x05, 0x00, 0x00,
    0x05, 0x05, 0x05, 0x05, 0x05, 0x05, 0x00, 0x00,
    0x03, 0x03, 0x03, 0x03, 0x05, 0x00, 0x00, 0x00,
    0x05, 0x05, 0x05, 0x03, 0x03, 0x00, 0x00, 0x00,
    0x03, 0x03, 0x03, 0x03, 0x03, 0x00, 0x00, 0x00,

    0x00, 0x0A, 0x0A, 0x08, 0x08, 0x0A, 0x0A, 0x0A,
    0x00, 0x00, 0x0A, 0x0F, 0x0F, 0x0A, 0x0A, 0x0A,
    0x00, 0x05, 0x08, 0x08, 0x08, 0x08, 0x05, 0x05,
    0x05, 0x0F, 0x05, 0x0F, 0x0F, 0x05, 0x0F, 0x05,
    0x05, 0x05, 0x05, 0x0F, 0x0F, 0x05, 0x05, 0x05,
    0x00, 0x05, 0x08, 0x08, 0x08, 0x08, 0x05, 0x05,
    0x00, 0x0A, 0x0A, 0x0F, 0x0F, 0x0A, 0x0A, 0x0A,
    0x00, 0x08, 0x08, 0x08, 0x08, 0x08, 0x08, 0x08,

    0x0A, 0x08, 0x08, 0x08, 0x08, 0x00, 0x00, 0x0F,
    0x0A, 0x0A, 0x0A, 0x08, 0x00, 0x00, 0x00, 0x0F,
    0x08, 0x08, 0x08, 0x08, 0x05, 0x00, 0x00, 0x00,
    0x05, 0x0A, 0x0A, 0x05, 0x0F, 0x05, 0x00, 0x00,
    0x05, 0x0A, 0x0A, 0x05, 0x05, 0x05, 0x00, 0x00,
    0x08, 0x08, 0x08, 0x08, 0x05, 0x00, 0x00, 0x00,
    0x0A, 0x0A, 0x0A, 0x08, 0x08, 0x00, 0x00, 0x00,
    0x08, 0x08, 0x08, 0x08, 0x08, 0x00, 0x00, 0x00,

    // Tile 268 (52,3)
    0x00, 0x00, 0x0A, 0x0A, 0x08, 0x08, 0x0A, 0x0A,
    0x00, 0x00, 0x00, 0x0A, 0x0F, 0x0F, 0x0A, 0x0A,
    0x00, 0x00, 0x05, 0x08, 0x08, 0x08, 0x08, 0x05,
    0x00, 0x05, 0x0F, 0x05, 0x0F, 0x0F, 0x05, 0x0F,
    0x00, 0x05, 0x05, 0x05, 0x0F, 0x0F, 0x05, 0x05,
    0x00, 0x00, 0x05, 0x08, 0x08, 0x08, 0x08, 0x05,
    0x00, 0x00, 0x0A, 0x0A, 0x0F, 0x0F, 0x0A, 0x0A,
    0x00, 0x00, 0x08, 0x08, 0x08, 0x08, 0x08, 0x08,

    0x0A, 0x0A, 0x08, 0x08, 0x0B, 0x0B, 0x00, 0x00,
    0x0A, 0x0A, 0x0A, 0x0A, 0x0B, 0x00, 0x00, 0x05,
    0x05, 0x08, 0x08, 0x08, 0x08, 0x05, 0x00, 0x00,
    0x05, 0x05, 0x0A, 0x0A, 0x05, 0x0F, 0x05, 0x00,
    0x05, 0x05, 0x0A, 0x0A, 0x05, 0x05, 0x05, 0x00,
    0x05, 0x08, 0x08, 0x08, 0x08, 0x05, 0x00, 0x00,
    0x0A, 0x0A, 0x0A, 0x0A, 0x0B, 0x0B, 0x00, 0x00,
    0x08, 0x08, 0x08, 0x08, 0x08, 0x08, 0x00, 0x00,

    0x00, 0x00, 0x05, 0x05, 0x05, 0x03, 0x05, 0x05,
    0x00, 0x00, 0x00, 0x03, 0x08, 0x08, 0x03, 0x03,
    0x00, 0x00, 0x05, 0x03, 0x03, 0x03, 0x03, 0x05,
    0x00, 0x05, 0x0F, 0x05, 0x08, 0x08, 0x05, 0x0F,
    0x00, 0x05, 0x05, 0x05, 0x08, 0x08, 0x05, 0x05,
    0x00, 0x00, 0x05, 0x03, 0x03, 0x03, 0x03, 0x05,
    0x00, 0x00, 0x05, 0x05, 0x08, 0x08, 0x05, 0x05,
    0x00, 0x00, 0x03, 0x03, 0x03, 0x03, 0x03, 0x03,

    0x05, 0x05, 0x03, 0x05, 0x05, 0x05, 0x00, 0x00,
    0x03, 0x03, 0x03, 0x03, 0x03, 0x00, 0x00, 0x09,
    0x05, 0x03, 0x03, 0x03, 0x03, 0x05, 0x00, 0x00,
    0x05, 0x05, 0x05, 0x05, 0x05, 0x0F, 0x05, 0x00,
    0x05, 0x05, 0x05, 0x05, 0x05, 0x05, 0x05, 0x00,
    0x05, 0x03, 0x03, 0x03, 0x03, 0x05, 0x00, 0x00,
    0x05, 0x05, 0x05, 0x05, 0x03, 0x03, 0x00, 0x00,
    0x03, 0x03, 0x03, 0x03, 0x03, 0x03, 0x00, 0x00,

    // Tile 272 (56,3)
    0x00, 0x00, 0x05, 0x05, 0x05, 0x0A, 0x05, 0x05,
    0x00, 0x00, 0x00, 0x0A, 0x0F, 0x0F, 0x0A, 0x0A,
    0x00, 0x00, 0x05, 0x08, 0x08, 0x08, 0x08, 0x05,
    0x00, 0x05, 0x0F, 0x05, 0x0F, 0x0F, 0x05, 0x0F,
    0x00, 0x05, 0x05, 0x05, 0x0F, 0x0F, 0x05, 0x05,
    0x00, 0x00, 0x05, 0x08, 0x08, 0x08, 0x08, 0x05,
    0x00, 0x00, 0x0A, 0x0A, 0x0F, 0x0F, 0x0A, 0x0A,
    0x00, 0x00, 0x08, 0x08, 0x08, 0x08, 0x08, 0x08,

    0x05, 0x05, 0x0A, 0x05, 0x05, 0x05, 0x00, 0x00,
    0x0A, 0x0A, 0x0A, 0x0A, 0x08, 0x00, 0x00, 0x0B,
    0x05, 0x08, 0x08, 0x08, 0x08, 0x05, 0x00, 0x00,
    0x05, 0x05, 0x0A, 0x0A, 0x05, 0x0F, 0x05, 0x00,
    0x05, 0x05, 0x0A, 0x0A, 0x05, 0x05, 0x05, 0x00,
    0x05, 0x08, 0x08, 0x08, 0x08, 0x05, 0x00, 0x00,
    0x0A, 0x0A, 0x0A, 0x0A, 0x08, 0x08, 0x00, 0x00,
    0x08, 0x08, 0x08, 0x08, 0x08, 0x08, 0x00, 0x00,

    0x00, 0x00, 0x05, 0x05, 0x05, 0x0A, 0x05, 0x05,
    0x00, 0x00, 0x00, 0x0A, 0x0F, 0x0F, 0x0A, 0x0A,
    0x00, 0x00, 0x05, 0x08, 0x08, 0x08, 0x08, 0x05,
    0x00, 0x05, 0x0F, 0x05, 0x0F, 0x0F, 0x05, 0x0F,
    0x00, 0x05, 0x05, 0x05, 0x0F, 0x0F, 0x05, 0x05,
    0x00, 0x00, 0x05, 0x08, 0x08, 0x08, 0x08, 0x05,
    0x00, 0x00, 0x0A, 0x0A, 0x0F, 0x0F, 0x0A, 0x0A,
    0x00, 0x00, 0x08, 0x08, 0x08, 0x08, 0x08, 0x08,

    0x05, 0x05, 0x0A, 0x05, 0x05, 0x05, 0x00, 0x00,
    0x0A, 0x0A, 0x0A, 0x0A, 0x0B, 0x05, 0x05, 0x00,
    0x05, 0x08, 0x08, 0x08, 0x08, 0x05, 0x00, 0x00,
    0x05, 0x05, 0x0A, 0x0A, 0x05, 0x0F, 0x05, 0x00,
    0x05, 0x05, 0x0A, 0x0A, 0x05, 0x05, 0x05, 0x00,
    0x05, 0x08, 0x08, 0x08, 0x08, 0x05, 0x00, 0x00,
    0x0A, 0x0A, 0x0A, 0x0A, 0x0B, 0x0B, 0x00, 0x00,
    0x08, 0x08, 0x08, 0x08, 0x08, 0x08, 0x00, 0x00,

    // Tile 276 (60,3)
    0x00, 0x00, 0x00, 0x00, 0x00, 0x00, 0x05, 0x09,
    0x00, 0x00, 0x05, 0x05, 0x00, 0x05, 0x05, 0x05,
    0x00, 0x00, 0x00, 0x05, 0x05, 0x05, 0x00, 0x00,
    0x00, 0x00, 0x05, 0x0F, 0x05, 0x05, 0x05, 0x00,
    0x00, 0x00, 0x05, 0x0F, 0x05, 0x05, 0x05, 0x00,
    0x00, 0x00, 0x05, 0x05, 0x05, 0x05, 0x05, 0x00,
    0x00, 0x00, 0x05, 0x05, 0x05, 0x05, 0x05, 0x00,
    0x00, 0x00, 0x00, 0x05, 0x05, 0x05, 0x00, 0x00,

    0x05, 0x00, 0x00, 0x00, 0x00, 0x00, 0x00, 0x00,
    0x05, 0x05, 0x05, 0x05, 0x00, 0x00, 0x00, 0x00,
    0x00, 0x05, 0x05, 0x05, 0x00, 0x00, 0x00, 0x00,
    0x05, 0x0F, 0x05, 0x05, 0x05, 0x00, 0x00, 0x00,
    0x05, 0x0F, 0x05, 0x05, 0x05, 0x00, 0x00, 0x00,
    0x05, 0x05, 0x05, 0x05, 0x05, 0x00, 0x00, 0x00,
    0x05, 0x05, 0x05, 0x05, 0x05, 0x00, 0x00, 0x00,
    0x00, 0x05, 0x05, 0x05, 0x00, 0x00, 0x00, 0x00,

    0x00, 0x00, 0x00, 0x00, 0x00, 0x05, 0x05, 0x0F,
    0x00, 0x00, 0x05, 0x05, 0x00, 0x05, 0x09, 0x05,
    0x00, 0x00, 0x00, 0x00, 0x05, 0x05, 0x05, 0x05,
    0x00, 0x00, 0x00, 0x00, 0x05, 0x09, 0x05, 0x09,
    0x00, 0x00, 0x00, 0x05, 0x05, 0x05, 0x05, 0x05,
    0x00, 0x00, 0x00, 0x05, 0x09, 0x05, 0x09, 0x05,
    0x00, 0x00, 0x00, 0x05, 0x05, 0x05, 0x05, 0x05,
    0x00, 0x00, 0x00, 0x00, 0x05, 0x05, 0x05, 0x05,

    0x0F, 0x05, 0x05, 0x05, 0x05, 0x00, 0x00, 0x00,
    0x09, 0x05, 0x05, 0x05, 0x00, 0x00, 0x00, 0x00,
    0x05, 0x05, 0x05, 0x05, 0x05, 0x00, 0x00, 0x00,
    0x05, 0x09, 0x05, 0x05, 0x05, 0x00, 0x00, 0x00,
    0x05, 0x05, 0x05, 0x05, 0x05, 0x00, 0x00, 0x00,
    0x09, 0x05, 0x09, 0x05, 0x00, 0x00, 0x00, 0x00,
    0x05, 0x05, 0x05, 0x05, 0x00, 0x00, 0x00, 0x00,
    0x05, 0x05, 0x05, 0x00, 0x00, 0x00, 0x00, 0x00,

    // Tile 280 (64,3)
    0x00, 0x00, 0x00, 0x05, 0x05, 0x05, 0x05, 0x05,
    0x00, 0x00, 0x00, 0x05, 0x05, 0x05, 0x05, 0x05,
    0x00, 0x00, 0x00, 0x05, 0x05, 0x05, 0x0F, 0x05,
    0x00, 0x00, 0x00, 0x00, 0x05, 0x05, 0x05, 0x05,
    0x00, 0x00, 0x00, 0x00, 0x05, 0x05, 0x05, 0x05,
    0x00, 0x00, 0x00, 0x00, 0x05, 0x05, 0x05, 0x05,
    0x00, 0x00, 0x00, 0x00, 0x00, 0x05, 0x05, 0x05,
    0x00, 0x00, 0x00, 0x00, 0x00, 0x00, 0x00, 0x05,

    0x05, 0x05, 0x05, 0x05, 0x05, 0x05, 0x00, 0x00,
    0x05, 0x05, 0x05, 0x05, 0x05, 0x05, 0x00, 0x00,
    0x05, 0x05, 0x0F, 0x05, 0x05, 0x05, 0x00, 0x00,
    0x05, 0x05, 0x05, 0x05, 0x05, 0x00, 0x00, 0x00,
    0x05, 0x05, 0x05, 0x05, 0x05, 0x00, 0x00, 0x00,
    0x05, 0x05, 0x05, 0x05, 0x05, 0x00, 0x00, 0x00,
    0x05, 0x05, 0x05, 0x05, 0x00, 0x00, 0x00, 0x00,
    0x05, 0x05, 0x00, 0x00, 0x00, 0x00, 0x00, 0x00,

    0x00, 0x00, 0x00, 0x05, 0x05, 0x05, 0x05, 0x05,
    0x00, 0x00, 0x00, 0x05, 0x05, 0x05, 0x05, 0x05,
    0x00, 0x00, 0x00, 0x05, 0x05, 0x05, 0x05, 0x05,
    0x00, 0x00, 0x00, 0x05, 0x05, 0x05, 0x05, 0x05,
    0x00, 0x00, 0x00, 0x00, 0x08, 0x05, 0x05, 0x05,
    0x00, 0x00, 0x00, 0x00, 0x08, 0x08, 0x05, 0x08,
    0x00, 0x00, 0x00, 0x00, 0x00, 0x08, 0x08, 0x08,
    0x00, 0x00, 0x00, 0x00, 0x00, 0x00, 0x08, 0x08,

    0x05, 0x05, 0x05, 0x05, 0x05, 0x05, 0x00, 0x00,
    0x05, 0x05, 0x05, 0x05, 0x05, 0x05, 0x00, 0x00,
    0x05, 0x05, 0x05, 0x05, 0x05, 0x05, 0x00, 0x00,
    0x05, 0x05, 0x05, 0x05, 0x05, 0x05, 0x00, 0x00,
    0x08, 0x05, 0x05, 0x05, 0x08, 0x00, 0x00, 0x00,
    0x08, 0x08, 0x05, 0x08, 0x08, 0x00, 0x00, 0x00,
    0x08, 0x08, 0x08, 0x08, 0x00, 0x00, 0x00, 0x00,
    0x08, 0x08, 0x08, 0x00, 0x00, 0x00, 0x00, 0x00,

    // Tile 284 (68,3)
    0x00, 0x00, 0x00, 0x00, 0x06, 0x0F, 0x06, 0x00,
    0x00, 0x00, 0x00, 0x00, 0x06, 0x06, 0x06, 0x00,
    0x00, 0x00, 0x00, 0x00, 0x06, 0x06, 0x06, 0x00,
    0x00, 0x00, 0x00, 0x06, 0x00, 0x06, 0x00, 0x06,
    0x00, 0x00, 0x06, 0x0F, 0x06, 0x00, 0x06, 0x0F,
    0x00, 0x00, 0x06, 0x06, 0x06, 0x00, 0x06, 0x06,
    0x00, 0x00, 0x06, 0x06, 0x06, 0x00, 0x06, 0x06,
    0x00, 0x00, 0x00, 0x06, 0x00, 0x00, 0x00, 0x06,

    0x06, 0x0F, 0x06, 0x03, 0x00, 0x03, 0x00, 0x00,
    0x06, 0x06, 0x06, 0x00, 0x00, 0x00, 0x00, 0x00,
    0x06, 0x06, 0x06, 0x00, 0x00, 0x00, 0x00, 0x00,
    0x00, 0x06, 0x00, 0x06, 0x00, 0x00, 0x00, 0x00,
    0x06, 0x00, 0x06, 0x0F, 0x06, 0x00, 0x00, 0x00,
    0x06, 0x00, 0x06, 0x06, 0x06, 0x00, 0x00, 0x00,
    0x06, 0x00, 0x06, 0x06, 0x06, 0x00, 0x00, 0x00,
    0x00, 0x00, 0x00, 0x06, 0x00, 0x00, 0x00, 0x00,

    0x00, 0x08, 0x03, 0x08, 0x08, 0x03, 0x05, 0x08,
    0x00, 0x08, 0x03, 0x05, 0x08, 0x03, 0x05, 0x05,
    0x00, 0x03, 0x05, 0x03, 0x03, 0x05, 0x03, 0x03,
    0x00, 0x08, 0x03, 0x08, 0x08, 0x03, 0x08, 0x08,
    0x00, 0x08, 0x03, 0x05, 0x08, 0x03, 0x05, 0x08,
    0x00, 0x03, 0x05, 0x03, 0x03, 0x03, 0x03, 0x03,
    0x00, 0x03, 0x03, 0x08, 0x08, 0x03, 0x08, 0x08,
    0x00, 0x00, 0x03, 0x05, 0x08, 0x03, 0x05, 0x08,

    0x03, 0x08, 0x03, 0x03, 0x05, 0x00, 0x00, 0x00,
    0x03, 0x03, 0x08, 0x03, 0x03, 0x00, 0x00, 0x00,
    0x05, 0x03, 0x03, 0x05, 0x00, 0x00, 0x00, 0x00,
    0x03, 0x08, 0x08, 0x03, 0x00, 0x00, 0x00, 0x00,
    0x03, 0x05, 0x08, 0x00, 0x00, 0x00, 0x00, 0x00,
    0x05, 0x03, 0x03, 0x00, 0x00, 0x00, 0x00, 0x00,
    0x03, 0x08, 0x00, 0x00, 0x00, 0x00, 0x00, 0x00,
    0x03, 0x00, 0x00, 0x00, 0x00, 0x00, 0x00, 0x00,

    // Tile 288 (0,4)
    0x00, 0x00, 0x00, 0x00, 0x00, 0x00, 0x00, 0x00,
    0x00, 0x00, 0x00, 0x00, 0x00, 0x00, 0x00, 0x00,
    0x00, 0x00, 0x00, 0x00, 0x00, 0x00, 0x00, 0x00,
    0x00, 0x00, 0x00, 0x00, 0x00, 0x00, 0x00, 0x00,
    0x00, 0x00, 0x00, 0x00, 0x00, 0x00, 0x00, 0x0F,
    0x00, 0x00, 0x00, 0x00, 0x00, 0x00, 0x0F, 0x0F,
    0x00, 0x0F, 0x0A, 0x00, 0x00, 0x00, 0x0F, 0x0A,
    0x00, 0x0A, 0x0A, 0x0F, 0x00, 0x0F, 0x0A, 0x0A,

    0x00, 0x00, 0x00, 0x00, 0x00, 0x00, 0x00, 0x00,
    0x00, 0x00, 0x00, 0x00, 0x00, 0x00, 0x00, 0x00,
    0x00, 0x00, 0x00, 0x00, 0x00, 0x00, 0x00, 0x00,
    0x00, 0x00, 0x00, 0x00, 0x00, 0x00, 0x00, 0x00,
    0x0F, 0x0A, 0x00, 0x00, 0x00, 0x00, 0x00, 0x00,
    0x0A, 0x0A, 0x0A, 0x00, 0x00, 0x00, 0x0A, 0x0F,
    0x0A, 0x0F, 0x0F, 0x00, 0x00, 0x0A, 0x0F, 0x0A,
    0x0F, 0x0F, 0x0A, 0x0A, 0x00, 0x0F, 0x0A, 0x0A,

    0x00, 0x00, 0x00, 0x00, 0x00, 0x00, 0x00, 0x00,
    0x00, 0x00, 0x00, 0x00, 0x00, 0x00, 0x00, 0x00,
    0x00, 0x00, 0x00, 0x00, 0x00, 0x00, 0x00, 0x00,
    0x00, 0x00, 0x00, 0x00, 0x00, 0x00, 0x00, 0x00,
    0x00, 0x00, 0x00, 0x00, 0x00, 0x00, 0x00, 0x0A,
    0x00, 0x00, 0x00, 0x00, 0x00, 0x00, 0x0A, 0x0A,
    0x00, 0x0A, 0x06, 0x00, 0x00, 0x00, 0x0A, 0x06,
    0x00, 0x06, 0x06, 0x0A, 0x00, 0x0A, 0x06, 0x06,

    0x00, 0x00, 0x00, 0x00, 0x00, 0x00, 0x00, 0x00,
    0x00, 0x00, 0x00, 0x00, 0x00, 0x00, 0x00, 0x00,
    0x00, 0x00, 0x00, 0x00, 0x00, 0x00, 0x00, 0x00,
    0x00, 0x00, 0x00, 0x00, 0x00, 0x00, 0x00, 0x00,
    0x0A, 0x06, 0x00, 0x00, 0x00, 0x00, 0x00, 0x00,
    0x06, 0x06, 0x06, 0x00, 0x00, 0x00, 0x06, 0x0A,
    0x06, 0x0A, 0x0A, 0x00, 0x00, 0x06, 0x0A, 0x06,
    0x0A, 0x0A, 0x06, 0x06, 0x00, 0x0A, 0x06, 0x06,

    // Tile 292 (4,4)
    0x00, 0x00, 0x00, 0x00, 0x00, 0x00, 0x00, 0x00,
    0x00, 0x00, 0x00, 0x00, 0x00, 0x00, 0x00, 0x00,
    0x00, 0x00, 0x00, 0x00, 0x00, 0x00, 0x00, 0x00,
    0x00, 0x00, 0x00, 0x00, 0x00, 0x00, 0x00, 0x00,
    0x00, 0x00, 0x00, 0x00, 0x00, 0x00, 0x00, 0x09,
    0x00, 0x00, 0x00, 0x00, 0x00, 0x00, 0x09, 0x09,
    0x00, 0x09, 0x08, 0x00, 0x00, 0x00, 0x09, 0x08,
    0x00, 0x08, 0x08, 0x09, 0x00, 0x09, 0x08, 0x08,

    0x00, 0x00, 0x00, 0x00, 0x00, 0x00, 0x00, 0x00,
    0x00, 0x00, 0x00, 0x00, 0x00, 0x00, 0x00, 0x00,
    0x00, 0x00, 0x00, 0x00, 0x00, 0x00, 0x00, 0x00,
    0x00, 0x00, 0x00, 0x00, 0x00, 0x00, 0x00, 0x00,
    0x09, 0x08, 0x00, 0x00, 0x00, 0x00, 0x00, 0x00,
    0x08, 0x08, 0x08, 0x00, 0x00, 0x00, 0x08, 0x09,
    0x08, 0x09, 0x09, 0x00, 0x00, 0x08, 0x09, 0x08,
    0x09, 0x09, 0x08, 0x08, 0x00, 0x09, 0x08, 0x08,

    0x00, 0x00, 0x00, 0x00, 0x00, 0x00, 0x00, 0x00,
    0x00, 0x00, 0x00, 0x00, 0x00, 0x00, 0x00, 0x00,
    0x00, 0x00, 0x00, 0x00, 0x00, 0x00, 0x00, 0x00,
    0x00, 0x00, 0x00, 0x00, 0x00, 0x0B, 0x0B, 0x0B,
    0x00, 0x00, 0x00, 0x0B, 0x0B, 0x00, 0x00, 0x00,
    0x00, 0x00, 0x0B, 0x00, 0x00, 0x00, 0x00, 0x00,
    0x00, 0x00, 0x0B, 0x00, 0x00, 0x00, 0x00, 0x00,
    0x00, 0x0F, 0x00, 0x00, 0x00, 0x00, 0x00, 0x00,

    0x00, 0x00, 0x00, 0x00, 0x00, 0x00, 0x00, 0x00,
    0x00, 0x00, 0x00, 0x00, 0x00, 0x00, 0x00, 0x00,
    0x00, 0x00, 0x00, 0x00, 0x00, 0x00, 0x00, 0x00,
    0x0B, 0x0B, 0x0B, 0x00, 0x00, 0x00, 0x00, 0x00,
    0x00, 0x00, 0x00, 0x0B, 0x0B, 0x00, 0x00, 0x00,
    0x00, 0x00, 0x00, 0x00, 0x00, 0x0B, 0x00, 0x00,
    0x00, 0x00, 0x00, 0x00, 0x00, 0x0B, 0x00, 0x00,
    0x00, 0x00, 0x00, 0x00, 0x00, 0x00, 0x0B, 0x00,

    // Tile 296 (8,4)
    0x00, 0x00, 0x00, 0x00, 0x00, 0x00, 0x00, 0x00,
    0x00, 0x00, 0x00, 0x00, 0x00, 0x00, 0x00, 0x0A,
    0x00, 0x00, 0x00, 0x00, 0x0A, 0x05, 0x00, 0x05,
    0x00, 0x00, 0x00, 0x00, 0x05, 0x05, 0x00, 0x00,
    0x00, 0x00, 0x0A, 0x05, 0x00, 0x00, 0x00, 0x00,
    0x00, 0x00, 0x05, 0x05, 0x00, 0x00, 0x00, 0x00,
    0x00, 0x00, 0x00, 0x00, 0x00, 0x00, 0x00, 0x00,
    0x00, 0x0A, 0x05, 0x00, 0x00, 0x00, 0x00, 0x00,

    0x00, 0x00, 0x00, 0x00, 0x00, 0x00, 0x00, 0x00,
    0x05, 0x00, 0x00, 0x00, 0x00, 0x00, 0x00, 0x00,
    0x05, 0x00, 0x0A, 0x05, 0x00, 0x00, 0x00, 0x00,
    0x00, 0x00, 0x05, 0x05, 0x00, 0x00, 0x00, 0x00,
    0x00, 0x00, 0x00, 0x00, 0x0A, 0x05, 0x00, 0x00,
    0x00, 0x00, 0x00, 0x00, 0x05, 0x05, 0x00, 0x00,
    0x00, 0x00, 0x00, 0x00, 0x00, 0x00, 0x00, 0x00,
    0x00, 0x00, 0x00, 0x00, 0x00, 0x0A, 0x05, 0x00,

    0x00, 0x00, 0x00, 0x00, 0x00, 0x00, 0x00, 0x00,
    0x00, 0x00, 0x00, 0x00, 0x00, 0x00, 0x00, 0x0F,
    0x00, 0x00, 0x00, 0x00, 0x0F, 0x0E, 0x00, 0x0E,
    0x00, 0x00, 0x00, 0x00, 0x0E, 0x0E, 0x00, 0x00,
    0x00, 0x00, 0x0F, 0x0E, 0x00, 0x00, 0x00, 0x00,
    0x00, 0x00, 0x0E, 0x0E, 0x00, 0x00, 0x00, 0x00,
    0x00, 0x00, 0x00, 0x00, 0x00, 0x00, 0x00, 0x00,
    0x00, 0x0F, 0x0E, 0x00, 0x00, 0x00, 0x00, 0x00,

    0x00, 0x00, 0x00, 0x00, 0x00, 0x00, 0x00, 0x00,
    0x0E, 0x00, 0x00, 0x00, 0x00, 0x00, 0x00, 0x00,
    0x0E, 0x00, 0x0F, 0x0E, 0x00, 0x00, 0x00, 0x00,
    0x00, 0x00, 0x0E, 0x0E, 0x00, 0x00, 0x00, 0x00,
    0x00, 0x00, 0x00, 0x00, 0x0F, 0x0E, 0x00, 0x00,
    0x00, 0x00, 0x00, 0x00, 0x0E, 0x0E, 0x00, 0x00,
    0x00, 0x00, 0x00, 0x00, 0x00, 0x00, 0x00, 0x00,
    0x00, 0x00, 0x00, 0x00, 0x00, 0x0F, 0x0E, 0x00,

    // Tile 300 (12,4)
    0x00, 0x00, 0x00, 0x00, 0x00, 0x00, 0x00, 0x00,
    0x00, 0x00, 0x00, 0x00, 0x00, 0x00, 0x00, 0x00,
    0x00, 0x00, 0x00, 0x00, 0x00, 0x00, 0x00, 0x00,
    0x00, 0x00, 0x00, 0x00, 0x00, 0x00, 0x00, 0x00,
    0x00, 0x00, 0x00, 0x00, 0x00, 0x00, 0x00, 0x00,
    0x00, 0x00, 0x00, 0x00, 0x00, 0x00, 0x00, 0x00,
    0x00, 0x00, 0x00, 0x00, 0x00, 0x00, 0x00, 0x00,
    0x00, 0x00, 0x00, 0x00, 0x00, 0x00, 0x00, 0x00,

    0x00, 0x00, 0x00, 0x00, 0x00, 0x00, 0x00, 0x00,
    0x00, 0x00, 0x00, 0x00, 0x00, 0x00, 0x00, 0x00,
    0x00, 0x00, 0x00, 0x00, 0x00, 0x00, 0x00, 0x00,
    0x00, 0x00, 0x00, 0x00, 0x00, 0x00, 0x00, 0x00,
    0x00, 0x00, 0x00, 0x00, 0x00, 0x00, 0x00, 0x00,
    0x00, 0x00, 0x00, 0x00, 0x00, 0x00, 0x00, 0x00,
    0x00, 0x00, 0x00, 0x00, 0x00, 0x00, 0x00, 0x00,
    0x0F, 0x00, 0x00, 0x00, 0x00, 0x00, 0x00, 0x00,

    0x00, 0x00, 0x00, 0x00, 0x00, 0x00, 0x00, 0x00,
    0x00, 0x00, 0x00, 0x00, 0x00, 0x00, 0x09, 0x09,
    0x00, 0x00, 0x00, 0x00, 0x09, 0x09, 0x08, 0x08,
    0x00, 0x00, 0x00, 0x09, 0x08, 0x08, 0x09, 0x09,
    0x00, 0x00, 0x00, 0x09, 0x08, 0x09, 0x09, 0x00,
    0x00, 0x00, 0x09, 0x08, 0x09, 0x09, 0x09, 0x00,
    0x00, 0x00, 0x09, 0x08, 0x09, 0x09, 0x09, 0x00,
    0x00, 0x00, 0x09, 0x08, 0x09, 0x09, 0x09, 0x00,

    0x00, 0x00, 0x00, 0x00, 0x00, 0x00, 0x00, 0x00,
    0x09, 0x00, 0x00, 0x00, 0x00, 0x00, 0x00, 0x00,
    0x08, 0x09, 0x09, 0x00, 0x00, 0x00, 0x00, 0x00,
    0x09, 0x08, 0x08, 0x09, 0x00, 0x00, 0x00, 0x00,
    0x09, 0x09, 0x08, 0x09, 0x00, 0x00, 0x00, 0x00,
    0x09, 0x09, 0x09, 0x08, 0x09, 0x00, 0x00, 0x00,
    0x09, 0x09, 0x09, 0x08, 0x09, 0x00, 0x00, 0x00,
    0x09, 0x09, 0x09, 0x08, 0x09, 0x00, 0x00, 0x00,

    // Tile 304 (16,4)
    0x00, 0x00, 0x00, 0x00, 0x00, 0x00, 0x00, 0x00,
    0x00, 0x00, 0x00, 0x00, 0x00, 0x00, 0x00, 0x00,
    0x00, 0x00, 0x00, 0x00, 0x00, 0x00, 0x00, 0x00,
    0x00, 0x00, 0x00, 0x00, 0x06, 0x06, 0x06, 0x06,
    0x00, 0x00, 0x00, 0x06, 0x06, 0x06, 0x06, 0x06,
    0x00, 0x00, 0x06, 0x06, 0x0A, 0x06, 0x06, 0x06,
    0x00, 0x00, 0x06, 0x0A, 0x0F, 0x0A, 0x06, 0x06,
    0x00, 0x06, 0x06, 0x0A, 0x0A, 0x0A, 0x06, 0x06,

    0x00, 0x00, 0x00, 0x00, 0x00, 0x00, 0x00, 0x00,
    0x00, 0x00, 0x00, 0x00, 0x00, 0x00, 0x00, 0x00,
    0x00, 0x00, 0x00, 0x00, 0x00, 0x00, 0x00, 0x00,
    0x06, 0x00, 0x06, 0x08, 0x08, 0x00, 0x08, 0x00,
    0x06, 0x06, 0x06, 0x06, 0x00, 0x08, 0x00, 0x00,
    0x06, 0x06, 0x06, 0x00, 0x00, 0x00, 0x00, 0x00,
    0x06, 0x06, 0x06, 0x00, 0x00, 0x00, 0x00, 0x00,
    0x06, 0x06, 0x06, 0x06, 0x00, 0x00, 0x00, 0x00,

    0x00, 0x00, 0x00, 0x00, 0x00, 0x00, 0x00, 0x00,
    0x00, 0x00, 0x00, 0x00, 0x00, 0x00, 0x00, 0x00,
    0x00, 0x00, 0x00, 0x00, 0x00, 0x00, 0x08, 0x08,
    0x00, 0x00, 0x00, 0x00, 0x08, 0x08, 0x08, 0x09,
    0x00, 0x00, 0x00, 0x08, 0x08, 0x08, 0x09, 0x08,
    0x00, 0x00, 0x00, 0x08, 0x08, 0x08, 0x09, 0x08,
    0x00, 0x00, 0x08, 0x08, 0x08, 0x09, 0x08, 0x08,
    0x00, 0x00, 0x08, 0x08, 0x08, 0x09, 0x08, 0x08,

    0x0A, 0x00, 0x00, 0x00, 0x00, 0x00, 0x00, 0x00,
    0x0A, 0x00, 0x00, 0x00, 0x00, 0x00, 0x00, 0x00,
    0x09, 0x08, 0x08, 0x00, 0x00, 0x00, 0x00, 0x00,
    0x08, 0x09, 0x08, 0x08, 0x08, 0x00, 0x00, 0x00,
    0x08, 0x08, 0x09, 0x08, 0x08, 0x08, 0x00, 0x00,
    0x08, 0x08, 0x09, 0x08, 0x08, 0x08, 0x00, 0x00,
    0x08, 0x08, 0x08, 0x09, 0x08, 0x08, 0x08, 0x00,
    0x08, 0x08, 0x08, 0x09, 0x08, 0x08, 0x08, 0x00,

    // Tile 308 (20,4)
    0x00, 0x00, 0x00, 0x00, 0x00, 0x00, 0x00, 0x00,
    0x00, 0x00, 0x00, 0x00, 0x00, 0x00, 0x00, 0x00,
    0x00, 0x00, 0x00, 0x00, 0x00, 0x00, 0x07, 0x07,
    0x00, 0x00, 0x00, 0x00, 0x07, 0x07, 0x07, 0x08,
    0x00, 0x00, 0x00, 0x07, 0x07, 0x07, 0x08, 0x07,
    0x00, 0x00, 0x00, 0x07, 0x07, 0x07, 0x08, 0x07,
    0x00, 0x00, 0x07, 0x07, 0x07, 0x08, 0x07, 0x07,
    0x00, 0x00, 0x07, 0x07, 0x07, 0x08, 0x07, 0x07,

    0x0A, 0x00, 0x00, 0x00, 0x00, 0x00, 0x00, 0x00,
    0x0A, 0x00, 0x00, 0x00, 0x00, 0x00, 0x00, 0x00,
    0x08, 0x07, 0x07, 0x00, 0x00, 0x00, 0x00, 0x00,
    0x07, 0x08, 0x07, 0x07, 0x07, 0x00, 0x00, 0x00,
    0x07, 0x07, 0x08, 0x07, 0x07, 0x07, 0x00, 0x00,
    0x07, 0x07, 0x08, 0x07, 0x07, 0x07, 0x00, 0x00,
    0x07, 0x07, 0x07, 0x08, 0x07, 0x07, 0x07, 0x00,
    0x07, 0x07, 0x07, 0x08, 0x07, 0x07, 0x07, 0x00,

    0x00, 0x00, 0x00, 0x00, 0x00, 0x00, 0x00, 0x0A,
    0x00, 0x00, 0x00, 0x00, 0x00, 0x00, 0x00, 0x0A,
    0x00, 0x00, 0x00, 0x00, 0x00, 0x0A, 0x0A, 0x0E,
    0x00, 0x00, 0x00, 0x0A, 0x0A, 0x0A, 0x0E, 0x0A,
    0x00, 0x00, 0x0A, 0x0A, 0x0A, 0x0E, 0x0A, 0x0A,
    0x00, 0x00, 0x0A, 0x0A, 0x0A, 0x0E, 0x0A, 0x0A,
    0x00, 0x0A, 0x0A, 0x0A, 0x0E, 0x0A, 0x0A, 0x0A,
    0x00, 0x0A, 0x0A, 0x0A, 0x0E, 0x0A, 0x0A, 0x0A,

    0x00, 0x00, 0x00, 0x00, 0x00, 0x00, 0x00, 0x00,
    0x00, 0x00, 0x00, 0x00, 0x00, 0x00, 0x00, 0x00,
    0x0A, 0x0A, 0x00, 0x00, 0x00, 0x00, 0x00, 0x00,
    0x0E, 0x0A, 0x0A, 0x0A, 0x00, 0x00, 0x00, 0x00,
    0x0A, 0x0E, 0x0A, 0x0A, 0x0A, 0x00, 0x00, 0x00,
    0x0A, 0x0E, 0x0A, 0x0A, 0x0A, 0x00, 0x00, 0x00,
    0x0A, 0x0A, 0x0E, 0x0A, 0x0A, 0x0A, 0x00, 0x00,
    0x0A, 0x0A, 0x0E, 0x0A, 0x0A, 0x0A, 0x00, 0x00,

    // Tile 312 (24,4)
    0x00, 0x00, 0x00, 0x00, 0x00, 0x00, 0x0A, 0x0F,
    0x00, 0x00, 0x00, 0x00, 0x00, 0x00, 0x00, 0x0A,
    0x00, 0x00, 0x00, 0x00, 0x00, 0x00, 0x00, 0x0A,
    0x00, 0x00, 0x00, 0x00, 0x00, 0x00, 0x00, 0x0A,
    0x00, 0x00, 0x00, 0x00, 0x00, 0x00, 0x0A, 0x0F,
    0x00, 0x00, 0x00, 0x00, 0x00, 0x0A, 0x0F, 0x0A,
    0x00, 0x00, 0x00, 0x00, 0x0A, 0x0A, 0x0A, 0x0A,
    0x00, 0x00, 0x00, 0x00, 0x08, 0x09, 0x09, 0x09,

    0x0A, 0x0A, 0x0A, 0x00, 0x00, 0x00, 0x00, 0x00,
    0x0F, 0x0A, 0x00, 0x00, 0x00, 0x00, 0x00, 0x00,
    0x0F, 0x0A, 0x00, 0x00, 0x00, 0x00, 0x00, 0x00,
    0x0F, 0x0A, 0x00, 0x00, 0x00, 0x00, 0x00, 0x00,
    0x0A, 0x0A, 0x0A, 0x00, 0x00, 0x00, 0x00, 0x00,
    0x0A, 0x0A, 0x0A, 0x0A, 0x00, 0x00, 0x00, 0x00,
    0x0A, 0x0A, 0x0A, 0x0A, 0x0A, 0x00, 0x00, 0x00,
    0x09, 0x09, 0x09, 0x09, 0x08, 0x00, 0x00, 0x00,

    0x00, 0x00, 0x00, 0x00, 0x00, 0x0A, 0x0F, 0x0A,
    0x00, 0x00, 0x00, 0x00, 0x00, 0x00, 0x0A, 0x0F,
    0x00, 0x00, 0x00, 0x00, 0x00, 0x00, 0x0A, 0x0F,
    0x00, 0x00, 0x00, 0x00, 0x00, 0x00, 0x0A, 0x0F,
    0x00, 0x00, 0x00, 0x00, 0x00, 0x0A, 0x0F, 0x0A,
    0x00, 0x00, 0x00, 0x00, 0x0A, 0x0F, 0x0A, 0x0A,
    0x00, 0x00, 0x00, 0x0A, 0x0A, 0x0A, 0x0A, 0x0A,
    0x00, 0x00, 0x00, 0x03, 0x07, 0x07, 0x07, 0x07,

    0x0A, 0x0A, 0x00, 0x00, 0x00, 0x00, 0x00, 0x00,
    0x0A, 0x00, 0x00, 0x00, 0x00, 0x00, 0x00, 0x00,
    0x0A, 0x00, 0x00, 0x00, 0x00, 0x00, 0x00, 0x00,
    0x0A, 0x00, 0x00, 0x00, 0x00, 0x00, 0x00, 0x00,
    0x0A, 0x0A, 0x00, 0x00, 0x00, 0x00, 0x00, 0x00,
    0x0A, 0x0A, 0x0A, 0x00, 0x00, 0x00, 0x00, 0x00,
    0x0A, 0x0A, 0x0A, 0x0A, 0x00, 0x00, 0x00, 0x00,
    0x07, 0x07, 0x07, 0x03, 0x00, 0x00, 0x00, 0x00,

    // Tile 316 (28,4)
    0x00, 0x00, 0x00, 0x00, 0x00, 0x00, 0x0A, 0x0F,
    0x00, 0x00, 0x00, 0x00, 0x00, 0x00, 0x00, 0x0A,
    0x00, 0x00, 0x00, 0x00, 0x00, 0x00, 0x00, 0x0A,
    0x00, 0x00, 0x00, 0x00, 0x00, 0x00, 0x00, 0x0A,
    0x00, 0x00, 0x00, 0x00, 0x00, 0x00, 0x0A, 0x0F,
    0x00, 0x00, 0x00, 0x00, 0x00, 0x0A, 0x0F, 0x0A,
    0x00, 0x00, 0x00, 0x00, 0x0A, 0x0A, 0x0A, 0x0A,
    0x00, 0x00, 0x00, 0x00, 0x03, 0x05, 0x05, 0x05,

    0x0A, 0x0A, 0x0A, 0x00, 0x00, 0x00, 0x00, 0x00,
    0x0F, 0x0A, 0x00, 0x00, 0x00, 0x00, 0x00, 0x00,
    0x0F, 0x0A, 0x00, 0x00, 0x00, 0x00, 0x00, 0x00,
    0x0F, 0x0A, 0x00, 0x00, 0x00, 0x00, 0x00, 0x00,
    0x0A, 0x0A, 0x0A, 0x00, 0x00, 0x00, 0x00, 0x00,
    0x0A, 0x0A, 0x0A, 0x0A, 0x00, 0x00, 0x00, 0x00,
    0x0A, 0x0A, 0x0A, 0x0A, 0x0A, 0x00, 0x00, 0x00,
    0x05, 0x05, 0x05, 0x05, 0x03, 0x00, 0x00, 0x00,

    0x00, 0x00, 0x00, 0x00, 0x00, 0x00, 0x0A, 0x0F,
    0x00, 0x00, 0x00, 0x00, 0x00, 0x00, 0x00, 0x0A,
    0x00, 0x00, 0x00, 0x00, 0x00, 0x00, 0x00, 0x0A,
    0x00, 0x00, 0x00, 0x00, 0x00, 0x00, 0x00, 0x0A,
    0x00, 0x00, 0x00, 0x00, 0x00, 0x00, 0x0A, 0x0F,
    0x00, 0x00, 0x00, 0x00, 0x00, 0x0A, 0x0F, 0x0A,
    0x00, 0x00, 0x00, 0x00, 0x0A, 0x0A, 0x0A, 0x0A,
    0x00, 0x00, 0x00, 0x00, 0x09, 0x09, 0x09, 0x09,

    0x0A, 0x0A, 0x0A, 0x00, 0x00, 0x00, 0x00, 0x00,
    0x0F, 0x0A, 0x00, 0x00, 0x00, 0x00, 0x00, 0x00,
    0x0F, 0x0A, 0x00, 0x00, 0x00, 0x00, 0x00, 0x00,
    0x0F, 0x0A, 0x00, 0x00, 0x00, 0x00, 0x00, 0x00,
    0x0A, 0x0A, 0x0A, 0x00, 0x00, 0x00, 0x00, 0x00,
    0x0A, 0x0A, 0x0A, 0x0A, 0x00, 0x00, 0x00, 0x00,
    0x0A, 0x0A, 0x0A, 0x0A, 0x0A, 0x00, 0x00, 0x00,
    0x09, 0x09, 0x09, 0x09, 0x09, 0x00, 0x00, 0x00,

    // Tile 320 (32,4)
    0x00, 0x00, 0x00, 0x00, 0x00, 0x00, 0x0A, 0x0F,
    0x00, 0x00, 0x00, 0x00, 0x00, 0x00, 0x00, 0x0A,
    0x00, 0x00, 0x00, 0x00, 0x00, 0x00, 0x00, 0x0A,
    0x00, 0x00, 0x00, 0x00, 0x00, 0x00, 0x00, 0x0A,
    0x00, 0x00, 0x00, 0x00, 0x00, 0x00, 0x0A, 0x0F,
    0x00, 0x00, 0x00, 0x00, 0x00, 0x0A, 0x0F, 0x0A,
    0x00, 0x00, 0x00, 0x00, 0x0A, 0x0A, 0x0A, 0x0A,
    0x00, 0x00, 0x00, 0x00, 0x07, 0x0A, 0x0A, 0x0A,

    0x0A, 0x0A, 0x0A, 0x00, 0x00, 0x00, 0x00, 0x00,
    0x0F, 0x0A, 0x00, 0x00, 0x00, 0x00, 0x00, 0x00,
    0x0F, 0x0A, 0x00, 0x00, 0x00, 0x00, 0x00, 0x00,
    0x0F, 0x0A, 0x00, 0x00, 0x00, 0x00, 0x00, 0x00,
    0x0A, 0x0A, 0x0A, 0x00, 0x00, 0x00, 0x00, 0x00,
    0x0A, 0x0A, 0x0A, 0x0A, 0x00, 0x00, 0x00, 0x00,
    0x0A, 0x0A, 0x0A, 0x0A, 0x0A, 0x00, 0x00, 0x00,
    0x0A, 0x0A, 0x0A, 0x0A, 0x07, 0x00, 0x00, 0x00,

    0x00, 0x00, 0x00, 0x00, 0x00, 0x00, 0x00, 0x00,
    0x00, 0x00, 0x00, 0x00, 0x05, 0x05, 0x05, 0x00,
    0x00, 0x00, 0x00, 0x05, 0x05, 0x05, 0x05, 0x05,
    0x00, 0x00, 0x00, 0x05, 0x05, 0x05, 0x05, 0x05,
    0x00, 0x00, 0x05, 0x05, 0x05, 0x05, 0x05, 0x05,
    0x00, 0x00, 0x05, 0x05, 0x05, 0x05, 0x05, 0x05,
    0x00, 0x00, 0x05, 0x05, 0x05, 0x05, 0x05, 0x05,
    0x00, 0x00, 0x05, 0x05, 0x05, 0x05, 0x05, 0x05,

    0x00, 0x00, 0x00, 0x00, 0x00, 0x00, 0x00, 0x00,
    0x00, 0x00, 0x05, 0x05, 0x05, 0x00, 0x00, 0x00,
    0x00, 0x05, 0x05, 0x05, 0x05, 0x05, 0x00, 0x00,
    0x05, 0x05, 0x05, 0x05, 0x05, 0x05, 0x00, 0x00,
    0x05, 0x05, 0x05, 0x05, 0x05, 0x05, 0x05, 0x00,
    0x05, 0x05, 0x05, 0x05, 0x05, 0x05, 0x05, 0x00,
    0x05, 0x05, 0x05, 0x05, 0x05, 0x05, 0x05, 0x00,
    0x05, 0x05, 0x05, 0x05, 0x05, 0x05, 0x05, 0x00,

    // Tile 324 (36,4)
    0x00, 0x00, 0x00, 0x00, 0x00, 0x00, 0x00, 0x00,
    0x00, 0x00, 0x00, 0x00, 0x08, 0x08, 0x08, 0x00,
    0x00, 0x00, 0x00, 0x08, 0x08, 0x08, 0x08, 0x08,
    0x00, 0x00, 0x00, 0x08, 0x08, 0x08, 0x08, 0x08,
    0x00, 0x00, 0x08, 0x08, 0x08, 0x08, 0x08, 0x0A,
    0x00, 0x00, 0x08, 0x08, 0x08, 0x08, 0x0A, 0x0A,
    0x00, 0x00, 0x08, 0x08, 0x08, 0x0A, 0x0A, 0x0A,
    0x00, 0x00, 0x08, 0x08, 0x08, 0x0A, 0x0A, 0x08,

    0x00, 0x00, 0x00, 0x00, 0x00, 0x00, 0x00, 0x00,
    0x00, 0x00, 0x08, 0x08, 0x08, 0x00, 0x00, 0x00,
    0x00, 0x08, 0x08, 0x08, 0x08, 0x08, 0x00, 0x00,
    0x08, 0x08, 0x0A, 0x08, 0x08, 0x08, 0x00, 0x00,
    0x0A, 0x0A, 0x08, 0x08, 0x08, 0x08, 0x08, 0x00,
    0x0A, 0x0A, 0x0A, 0x08, 0x08, 0x08, 0x08, 0x00,
    0x0A, 0x0A, 0x0A, 0x0A, 0x08, 0x08, 0x08, 0x00,
    0x0A, 0x08, 0x0A, 0x0A, 0x08, 0x08, 0x08, 0x00,

    0x00, 0x00, 0x00, 0x00, 0x00, 0x00, 0x00, 0x00,
    0x00, 0x00, 0x00, 0x00, 0x09, 0x09, 0x09, 0x00,
    0x00, 0x00, 0x00, 0x09, 0x09, 0x09, 0x09, 0x09,
    0x00, 0x00, 0x00, 0x09, 0x09, 0x09, 0x09, 0x09,
    0x00, 0x00, 0x09, 0x09, 0x09, 0x09, 0x09, 0x07,
    0x00, 0x00, 0x09, 0x09, 0x09, 0x09, 0x07, 0x07,
    0x00, 0x00, 0x09, 0x09, 0x09, 0x07, 0x07, 0x07,
    0x00, 0x00, 0x09, 0x09, 0x09, 0x07, 0x07, 0x09,

    0x00, 0x00, 0x00, 0x00, 0x00, 0x00, 0x00, 0x00,
    0x00, 0x00, 0x09, 0x09, 0x09, 0x00, 0x00, 0x00,
    0x00, 0x09, 0x09, 0x09, 0x09, 0x09, 0x00, 0x00,
    0x09, 0x09, 0x07, 0x09, 0x09, 0x09, 0x00, 0x00,
    0x07, 0x07, 0x09, 0x09, 0x09, 0x09, 0x09, 0x00,
    0x07, 0x07, 0x07, 0x09, 0x09, 0x09, 0x09, 0x00,
    0x07, 0x07, 0x07, 0x07, 0x09, 0x09, 0x09, 0x00,
    0x07, 0x09, 0x07, 0x07, 0x09, 0x09, 0x09, 0x00,

    // Tile 328 (40,4)
    0x00, 0x00, 0x00, 0x00, 0x00, 0x00, 0x00, 0x00,
    0x00, 0x00, 0x00, 0x00, 0x09, 0x09, 0x09, 0x00,
    0x00, 0x00, 0x00, 0x09, 0x09, 0x09, 0x09, 0x09,
    0x00, 0x00, 0x00, 0x09, 0x09, 0x09, 0x09, 0x09,
    0x00, 0x00, 0x09, 0x09, 0x09, 0x09, 0x09, 0x06,
    0x00, 0x00, 0x09, 0x09, 0x09, 0x09, 0x06, 0x06,
    0x00, 0x00, 0x09, 0x09, 0x09, 0x06, 0x06, 0x06,
    0x00, 0x00, 0x09, 0x09, 0x09, 0x06, 0x06, 0x09,

    0x00, 0x00, 0x00, 0x00, 0x00, 0x00, 0x00, 0x00,
    0x00, 0x00, 0x09, 0x09, 0x09, 0x00, 0x00, 0x00,
    0x00, 0x09, 0x09, 0x09, 0x09, 0x09, 0x00, 0x00,
    0x09, 0x09, 0x06, 0x09, 0x09, 0x09, 0x00, 0x00,
    0x06, 0x06, 0x09, 0x09, 0x09, 0x09, 0x09, 0x00,
    0x06, 0x06, 0x06, 0x09, 0x09, 0x09, 0x09, 0x00,
    0x06, 0x06, 0x06, 0x06, 0x09, 0x09, 0x09, 0x00,
    0x06, 0x09, 0x06, 0x06, 0x09, 0x09, 0x09, 0x00,

    0x00, 0x00, 0x00, 0x00, 0x00, 0x00, 0x00, 0x00,
    0x00, 0x00, 0x00, 0x00, 0x0F, 0x0F, 0x0F, 0x00,
    0x00, 0x00, 0x00, 0x0F, 0x0F, 0x0F, 0x0F, 0x0F,
    0x00, 0x00, 0x00, 0x0F, 0x0F, 0x0F, 0x0F, 0x0F,
    0x00, 0x00, 0x0F, 0x0F, 0x0F, 0x0F, 0x0F, 0x06,
    0x00, 0x00, 0x0F, 0x0F, 0x0F, 0x0F, 0x06, 0x06,
    0x00, 0x00, 0x0F, 0x0F, 0x0F, 0x06, 0x06, 0x06,
    0x00, 0x00, 0x0F, 0x0F, 0x0F, 0x06, 0x06, 0x0F,

    0x00, 0x00, 0x00, 0x00, 0x00, 0x00, 0x00, 0x00,
    0x00, 0x00, 0x0F, 0x0F, 0x0F, 0x00, 0x00, 0x00,
    0x00, 0x0F, 0x0F, 0x0F, 0x0F, 0x0F, 0x00, 0x00,
    0x0F, 0x0F, 0x06, 0x0F, 0x0F, 0x0F, 0x00, 0x00,
    0x06, 0x06, 0x0F, 0x0F, 0x0F, 0x0F, 0x0F, 0x00,
    0x06, 0x06, 0x06, 0x0F, 0x0F, 0x0F, 0x0F, 0x00,
    0x06, 0x06, 0x06, 0x06, 0x0F, 0x0F, 0x0F, 0x00,
    0x06, 0x0F, 0x06, 0x06, 0x0F, 0x0F, 0x0F, 0x00,

    // Tile 332 (44,4)
    0x00, 0x00, 0x00, 0x00, 0x00, 0x00, 0x00, 0x00,
    0x00, 0x00, 0x00, 0x00, 0x06, 0x06, 0x06, 0x00,
    0x00, 0x00, 0x00, 0x06, 0x06, 0x06, 0x06, 0x06,
    0x00, 0x00, 0x00, 0x06, 0x06, 0x06, 0x06, 0x06,
    0x00, 0x00, 0x06, 0x06, 0x06, 0x06, 0x06, 0x0F,
    0x00, 0x00, 0x06, 0x06, 0x06, 0x06, 0x0F, 0x0F,
    0x00, 0x00, 0x06, 0x06, 0x06, 0x0F, 0x0F, 0x0F,
    0x00, 0x00, 0x06, 0x06, 0x06, 0x0F, 0x0F, 0x06,

    0x00, 0x00, 0x00, 0x00, 0x00, 0x00, 0x00, 0x00,
    0x00, 0x00, 0x06, 0x06, 0x06, 0x00, 0x00, 0x00,
    0x00, 0x06, 0x06, 0x06, 0x06, 0x06, 0x00, 0x00,
    0x06, 0x06, 0x0F, 0x06, 0x06, 0x06, 0x00, 0x00,
    0x0F, 0x0F, 0x06, 0x06, 0x06, 0x06, 0x06, 0x00,
    0x0F, 0x0F, 0x0F, 0x06, 0x06, 0x06, 0x06, 0x00,
    0x0F, 0x0F, 0x0F, 0x0F, 0x06, 0x06, 0x06, 0x00,
    0x0F, 0x06, 0x0F, 0x0F, 0x06, 0x06, 0x06, 0x00,

    0x00, 0x00, 0x00, 0x00, 0x00, 0x00, 0x00, 0x00,
    0x00, 0x00, 0x00, 0x00, 0x06, 0x06, 0x06, 0x00,
    0x00, 0x00, 0x00, 0x06, 0x06, 0x06, 0x06, 0x06,
    0x00, 0x00, 0x00, 0x06, 0x06, 0x06, 0x06, 0x06,
    0x00, 0x00, 0x06, 0x06, 0x06, 0x06, 0x06, 0x09,
    0x00, 0x00, 0x06, 0x06, 0x06, 0x06, 0x09, 0x09,
    0x00, 0x00, 0x06, 0x06, 0x06, 0x09, 0x09, 0x09,
    0x00, 0x00, 0x06, 0x06, 0x06, 0x09, 0x09, 0x06,

    0x00, 0x00, 0x00, 0x00, 0x00, 0x00, 0x00, 0x00,
    0x00, 0x00, 0x06, 0x06, 0x06, 0x00, 0x00, 0x00,
    0x00, 0x06, 0x06, 0x06, 0x06, 0x06, 0x00, 0x00,
    0x06, 0x06, 0x09, 0x06, 0x06, 0x06, 0x00, 0x00,
    0x09, 0x09, 0x06, 0x06, 0x06, 0x06, 0x06, 0x00,
    0x09, 0x09, 0x09, 0x06, 0x06, 0x06, 0x06, 0x00,
    0x09, 0x09, 0x09, 0x09, 0x06, 0x06, 0x06, 0x00,
    0x09, 0x06, 0x09, 0x09, 0x06, 0x06, 0x06, 0x00,

    // Tile 336 (48,4)
    0x00, 0x00, 0x00, 0x00, 0x00, 0x00, 0x00, 0x00,
    0x00, 0x00, 0x00, 0x00, 0x07, 0x07, 0x07, 0x00,
    0x00, 0x00, 0x00, 0x07, 0x07, 0x07, 0x07, 0x07,
    0x00, 0x00, 0x00, 0x07, 0x07, 0x07, 0x07, 0x07,
    0x00, 0x00, 0x07, 0x07, 0x07, 0x07, 0x07, 0x09,
    0x00, 0x00, 0x07, 0x07, 0x07, 0x07, 0x09, 0x09,
    0x00, 0x00, 0x07, 0x07, 0x07, 0x09, 0x09, 0x09,
    0x00, 0x00, 0x07, 0x07, 0x07, 0x09, 0x09, 0x07,

    0x00, 0x00, 0x00, 0x00, 0x00, 0x00, 0x00, 0x00,
    0x00, 0x00, 0x07, 0x07, 0x07, 0x00, 0x00, 0x00,
    0x00, 0x07, 0x07, 0x07, 0x07, 0x07, 0x00, 0x00,
    0x07, 0x07, 0x09, 0x07, 0x07, 0x07, 0x00, 0x00,
    0x09, 0x09, 0x07, 0x07, 0x07, 0x07, 0x07, 0x00,
    0x09, 0x09, 0x09, 0x07, 0x07, 0x07, 0x07, 0x00,
    0x09, 0x09, 0x09, 0x09, 0x07, 0x07, 0x07, 0x00,
    0x09, 0x07, 0x09, 0x09, 0x07, 0x07, 0x07, 0x00,

    0x00, 0x00, 0x00, 0x00, 0x00, 0x00, 0x00, 0x00,
    0x00, 0x00, 0x00, 0x00, 0x0A, 0x0A, 0x0A, 0x00,
    0x00, 0x00, 0x00, 0x0A, 0x0A, 0x0A, 0x0A, 0x0A,
    0x00, 0x00, 0x00, 0x0A, 0x0A, 0x0A, 0x0A, 0x0A,
    0x00, 0x00, 0x0A, 0x0A, 0x0A, 0x0A, 0x0A, 0x08,
    0x00, 0x00, 0x0A, 0x0A, 0x0A, 0x0A, 0x08, 0x08,
    0x00, 0x00, 0x0A, 0x0A, 0x0A, 0x08, 0x08, 0x08,
    0x00, 0x00, 0x0A, 0x0A, 0x0A, 0x08, 0x08, 0x0A,

    0x00, 0x00, 0x00, 0x00, 0x00, 0x00, 0x00, 0x00,
    0x00, 0x00, 0x0A, 0x0A, 0x0A, 0x00, 0x00, 0x00,
    0x00, 0x0A, 0x0A, 0x0A, 0x0A, 0x0A, 0x00, 0x00,
    0x0A, 0x0A, 0x08, 0x0A, 0x0A, 0x0A, 0x00, 0x00,
    0x08, 0x08, 0x0A, 0x0A, 0x0A, 0x0A, 0x0A, 0x00,
    0x08, 0x08, 0x08, 0x0A, 0x0A, 0x0A, 0x0A, 0x00,
    0x08, 0x08, 0x08, 0x08, 0x0A, 0x0A, 0x0A, 0x00,
    0x08, 0x0A, 0x08, 0x08, 0x0A, 0x0A, 0x0A, 0x00,

    // Tile 340 (52,4)
    0x00, 0x00, 0x00, 0x00, 0x00, 0x00, 0x00, 0x00,
    0x00, 0x00, 0x00, 0x00, 0x00, 0x00, 0x00, 0x00,
    0x00, 0x00, 0x00, 0x00, 0x00, 0x00, 0x00, 0x0A,
    0x00, 0x00, 0x00, 0x00, 0x00, 0x0A, 0x0A, 0x0F,
    0x00, 0x00, 0x00, 0x00, 0x0A, 0x0A, 0x0F, 0x0F,
    0x00, 0x00, 0x00, 0x00, 0x0A, 0x0A, 0x0A, 0x0A,
    0x00, 0x00, 0x00, 0x00, 0x0F, 0x0A, 0x0A, 0x0A,
    0x00, 0x00, 0x00, 0x00, 0x00, 0x0F, 0x0F, 0x0A,

    0x00, 0x00, 0x00, 0x00, 0x00, 0x00, 0x00, 0x00,
    0x00, 0x00, 0x00, 0x00, 0x00, 0x00, 0x00, 0x00,
    0x0A, 0x00, 0x00, 0x00, 0x00, 0x00, 0x00, 0x00,
    0x0A, 0x0A, 0x0A, 0x00, 0x00, 0x00, 0x00, 0x00,
    0x0A, 0x0A, 0x0A, 0x0A, 0x00, 0x00, 0x00, 0x00,
    0x0A, 0x0A, 0x0A, 0x0A, 0x00, 0x00, 0x00, 0x00,
    0x0A, 0x0A, 0x0A, 0x0F, 0x00, 0x00, 0x00, 0x00,
    0x0A, 0x0F, 0x0F, 0x00, 0x00, 0x00, 0x00, 0x00,

    0x00, 0x00, 0x00, 0x00, 0x00, 0x00, 0x00, 0x00,
    0x00, 0x00, 0x00, 0x00, 0x00, 0x00, 0x00, 0x00,
    0x00, 0x00, 0x00, 0x00, 0x00, 0x00, 0x00, 0x0A,
    0x00, 0x00, 0x00, 0x00, 0x00, 0x0A, 0x0A, 0x0F,
    0x00, 0x00, 0x00, 0x00, 0x0A, 0x0A, 0x0F, 0x0F,
    0x00, 0x00, 0x00, 0x00, 0x0A, 0x0A, 0x0A, 0x0A,
    0x00, 0x00, 0x00, 0x00, 0x0F, 0x0A, 0x0A, 0x0A,
    0x00, 0x00, 0x00, 0x00, 0x00, 0x0F, 0x0F, 0x0A,

    0x00, 0x00, 0x00, 0x00, 0x00, 0x00, 0x00, 0x00,
    0x00, 0x00, 0x00, 0x00, 0x00, 0x00, 0x00, 0x00,
    0x0A, 0x00, 0x00, 0x00, 0x00, 0x00, 0x00, 0x00,
    0x0A, 0x0A, 0x0A, 0x00, 0x00, 0x00, 0x00, 0x00,
    0x0A, 0x0A, 0x0A, 0x0A, 0x00, 0x00, 0x00, 0x00,
    0x0A, 0x0A, 0x0A, 0x0A, 0x00, 0x00, 0x00, 0x00,
    0x0A, 0x0A, 0x0A, 0x0F, 0x00, 0x00, 0x00, 0x00,
    0x0A, 0x0F, 0x0F, 0x00, 0x00, 0x00, 0x00, 0x00,

    // Tile 344 (56,4)
    0x00, 0x00, 0x00, 0x00, 0x00, 0x00, 0x00, 0x00,
    0x00, 0x00, 0x00, 0x00, 0x00, 0x00, 0x00, 0x00,
    0x00, 0x00, 0x00, 0x00, 0x00, 0x00, 0x00, 0x05,
    0x00, 0x00, 0x00, 0x00, 0x00, 0x05, 0x05, 0x0F,
    0x00, 0x00, 0x00, 0x00, 0x05, 0x05, 0x0F, 0x0F,
    0x00, 0x00, 0x00, 0x00, 0x05, 0x05, 0x05, 0x05,
    0x00, 0x00, 0x00, 0x00, 0x0F, 0x05, 0x05, 0x05,
    0x00, 0x00, 0x00, 0x00, 0x00, 0x0F, 0x0F, 0x05,

    0x00, 0x00, 0x00, 0x00, 0x00, 0x00, 0x00, 0x00,
    0x00, 0x00, 0x00, 0x00, 0x00, 0x00, 0x00, 0x00,
    0x05, 0x00, 0x00, 0x00, 0x00, 0x00, 0x00, 0x00,
    0x05, 0x05, 0x05, 0x00, 0x00, 0x00, 0x00, 0x00,
    0x05, 0x05, 0x05, 0x05, 0x00, 0x00, 0x00, 0x00,
    0x05, 0x05, 0x05, 0x05, 0x00, 0x00, 0x00, 0x00,
    0x05, 0x05, 0x05, 0x0F, 0x00, 0x00, 0x00, 0x00,
    0x05, 0x0F, 0x0F, 0x00, 0x00, 0x00, 0x00, 0x00,

    0x00, 0x00, 0x00, 0x00, 0x00, 0x00, 0x00, 0x00,
    0x00, 0x00, 0x00, 0x00, 0x00, 0x00, 0x00, 0x00,
    0x00, 0x00, 0x00, 0x00, 0x00, 0x00, 0x00, 0x0A,
    0x00, 0x00, 0x00, 0x00, 0x00, 0x00, 0x0A, 0x0A,
    0x00, 0x00, 0x00, 0x00, 0x00, 0x00, 0x00, 0x0A,
    0x00, 0x00, 0x00, 0x00, 0x00, 0x00, 0x00, 0x0A,
    0x00, 0x00, 0x00, 0x00, 0x0A, 0x00, 0x00, 0x0A,
    0x00, 0x00, 0x00, 0x0A, 0x0A, 0x0A, 0x0A, 0x0A,

    0x00, 0x00, 0x00, 0x00, 0x00, 0x00, 0x00, 0x00,
    0x00, 0x00, 0x00, 0x00, 0x00, 0x00, 0x00, 0x00,
    0x0A, 0x0A, 0x00, 0x00, 0x00, 0x00, 0x00, 0x00,
    0x05, 0x0A, 0x0A, 0x00, 0x00, 0x00, 0x00, 0x00,
    0x05, 0x0A, 0x00, 0x00, 0x00, 0x00, 0x00, 0x00,
    0x05, 0x0A, 0x00, 0x00, 0x00, 0x00, 0x00, 0x00,
    0x05, 0x0A, 0x00, 0x00, 0x0A, 0x00, 0x00, 0x00,
    0x05, 0x0A, 0x0A, 0x0A, 0x0A, 0x0A, 0x00, 0x00,

    // Tile 348 (60,4)
    0x00, 0x00, 0x00, 0x00, 0x00, 0x00, 0x00, 0x00,
    0x00, 0x00, 0x00, 0x00, 0x00, 0x00, 0x00, 0x00,
    0x00, 0x00, 0x00, 0x00, 0x00, 0x00, 0x00, 0x0A,
    0x00, 0x00, 0x00, 0x00, 0x00, 0x00, 0x0A, 0x0A,
    0x00, 0x00, 0x00, 0x00, 0x00, 0x00, 0x00, 0x0A,
    0x00, 0x00, 0x00, 0x00, 0x00, 0x00, 0x00, 0x0A,
    0x00, 0x00, 0x00, 0x00, 0x0A, 0x00, 0x00, 0x0A,
    0x00, 0x00, 0x00, 0x0A, 0x0A, 0x0A, 0x0A, 0x0A,

    0x00, 0x00, 0x00, 0x00, 0x00, 0x00, 0x00, 0x00,
    0x00, 0x00, 0x00, 0x00, 0x00, 0x00, 0x00, 0x00,
    0x0A, 0x0A, 0x00, 0x00, 0x00, 0x00, 0x00, 0x00,
    0x05, 0x0A, 0x0A, 0x00, 0x00, 0x00, 0x00, 0x00,
    0x05, 0x0A, 0x00, 0x00, 0x00, 0x00, 0x00, 0x00,
    0x05, 0x0A, 0x00, 0x00, 0x00, 0x00, 0x00, 0x00,
    0x05, 0x0A, 0x00, 0x00, 0x0A, 0x00, 0x00, 0x00,
    0x05, 0x0A, 0x0A, 0x0A, 0x0A, 0x0A, 0x00, 0x00,

    0x00, 0x00, 0x00, 0x00, 0x00, 0x00, 0x00, 0x00,
    0x00, 0x00, 0x00, 0x00, 0x00, 0x00, 0x00, 0x00,
    0x00, 0x00, 0x00, 0x00, 0x00, 0x00, 0x00, 0x05,
    0x00, 0x00, 0x00, 0x00, 0x00, 0x00, 0x05, 0x05,
    0x00, 0x00, 0x00, 0x00, 0x00, 0x00, 0x00, 0x05,
    0x00, 0x00, 0x00, 0x00, 0x00, 0x00, 0x00, 0x05,
    0x00, 0x00, 0x00, 0x00, 0x05, 0x00, 0x00, 0x05,
    0x00, 0x00, 0x00, 0x05, 0x05, 0x05, 0x05, 0x05,

    0x00, 0x00, 0x00, 0x00, 0x00, 0x00, 0x00, 0x00,
    0x00, 0x00, 0x00, 0x00, 0x00, 0x00, 0x00, 0x00,
    0x05, 0x05, 0x00, 0x00, 0x00, 0x00, 0x00, 0x00,
    0x08, 0x05, 0x05, 0x00, 0x00, 0x00, 0x00, 0x00,
    0x08, 0x05, 0x00, 0x00, 0x00, 0x00, 0x00, 0x00,
    0x08, 0x05, 0x00, 0x00, 0x00, 0x00, 0x00, 0x00,
    0x08, 0x05, 0x00, 0x00, 0x05, 0x00, 0x00, 0x00,
    0x08, 0x05, 0x05, 0x05, 0x05, 0x05, 0x00, 0x00,

    // Tile 352 (64,4)
    0x00, 0x00, 0x00, 0x00, 0x00, 0x00, 0x0F, 0x0A,
    0x00, 0x00, 0x00, 0x00, 0x00, 0x00, 0x00, 0x0A,
    0x00, 0x00, 0x00, 0x00, 0x00, 0x00, 0x0F, 0x0A,
    0x00, 0x00, 0x00, 0x0A, 0x0A, 0x0A, 0x0A, 0x0A,
    0x00, 0x00, 0x00, 0x08, 0x08, 0x08, 0x08, 0x08,
    0x0A, 0x0A, 0x0A, 0x0A, 0x0A, 0x0A, 0x0A, 0x0A,
    0x08, 0x08, 0x0A, 0x0A, 0x0F, 0x0F, 0x0A, 0x0A,
    0x00, 0x00, 0x08, 0x0A, 0x0F, 0x0F, 0x0A, 0x0A,

    0x0A, 0x00, 0x00, 0x00, 0x00, 0x00, 0x00, 0x00,
    0x00, 0x00, 0x00, 0x00, 0x00, 0x00, 0x00, 0x00,
    0x0A, 0x00, 0x00, 0x00, 0x00, 0x00, 0x00, 0x00,
    0x0A, 0x0A, 0x0A, 0x0A, 0x00, 0x00, 0x00, 0x00,
    0x08, 0x08, 0x08, 0x08, 0x00, 0x0A, 0x0A, 0x00,
    0x0A, 0x0A, 0x0A, 0x0A, 0x0A, 0x00, 0x00, 0x0A,
    0x0A, 0x0A, 0x0A, 0x0A, 0x0A, 0x00, 0x00, 0x0A,
    0x0A, 0x0A, 0x0A, 0x0A, 0x08, 0x00, 0x00, 0x0A,

    0x00, 0x00, 0x00, 0x00, 0x00, 0x00, 0x0F, 0x0A,
    0x00, 0x00, 0x00, 0x00, 0x00, 0x00, 0x00, 0x0A,
    0x00, 0x00, 0x00, 0x00, 0x00, 0x00, 0x0F, 0x0A,
    0x00, 0x00, 0x00, 0x0A, 0x0A, 0x0A, 0x0A, 0x0A,
    0x00, 0x00, 0x00, 0x08, 0x08, 0x08, 0x08, 0x08,
    0x0A, 0x0A, 0x0A, 0x0A, 0x0A, 0x0A, 0x0A, 0x0A,
    0x08, 0x08, 0x0A, 0x0A, 0x0F, 0x0F, 0x0A, 0x0A,
    0x00, 0x00, 0x08, 0x0A, 0x0F, 0x0F, 0x0A, 0x0A,

    0x0A, 0x00, 0x00, 0x00, 0x00, 0x00, 0x00, 0x00,
    0x00, 0x00, 0x00, 0x00, 0x00, 0x00, 0x00, 0x00,
    0x0A, 0x00, 0x00, 0x00, 0x00, 0x00, 0x00, 0x00,
    0x0A, 0x0A, 0x0A, 0x0A, 0x00, 0x00, 0x00, 0x00,
    0x08, 0x08, 0x08, 0x08, 0x00, 0x0A, 0x0A, 0x00,
    0x0A, 0x0A, 0x0A, 0x0A, 0x0A, 0x00, 0x00, 0x0A,
    0x0A, 0x0A, 0x0A, 0x0A, 0x0A, 0x00, 0x00, 0x0A,
    0x0A, 0x0A, 0x0A, 0x0A, 0x08, 0x00, 0x00, 0x0A,

    // Tile 356 (68,4)
    0x00, 0x00, 0x00, 0x00, 0x00, 0x00, 0x0F, 0x05,
    0x00, 0x00, 0x00, 0x00, 0x00, 0x00, 0x00, 0x05,
    0x00, 0x00, 0x00, 0x00, 0x00, 0x00, 0x0F, 0x05,
    0x00, 0x00, 0x00, 0x05, 0x05, 0x05, 0x05, 0x05,
    0x00, 0x00, 0x00, 0x03, 0x03, 0x03, 0x03, 0x03,
    0x05, 0x05, 0x05, 0x05, 0x05, 0x05, 0x05, 0x05,
    0x03, 0x03, 0x05, 0x05, 0x0F, 0x0F, 0x05, 0x05,
    0x00, 0x00, 0x03, 0x05, 0x0F, 0x0F, 0x05, 0x05,

    0x05, 0x00, 0x00, 0x00, 0x00, 0x00, 0x00, 0x00,
    0x00, 0x00, 0x00, 0x00, 0x00, 0x00, 0x00, 0x00,
    0x05, 0x00, 0x00, 0x00, 0x00, 0x00, 0x00, 0x00,
    0x05, 0x05, 0x05, 0x05, 0x00, 0x00, 0x00, 0x00,
    0x03, 0x03, 0x03, 0x03, 0x00, 0x05, 0x05, 0x00,
    0x05, 0x05, 0x05, 0x05, 0x05, 0x00, 0x00, 0x05,
    0x05, 0x05, 0x05, 0x05, 0x05, 0x00, 0x00, 0x05,
    0x05, 0x05, 0x05, 0x05, 0x03, 0x00, 0x00, 0x05,

    0x00, 0x00, 0x00, 0x00, 0x00, 0x00, 0x0F, 0x0A,
    0x00, 0x00, 0x00, 0x00, 0x00, 0x00, 0x00, 0x0A,
    0x00, 0x00, 0x00, 0x00, 0x00, 0x00, 0x0F, 0x0A,
    0x00, 0x00, 0x00, 0x0A, 0x0A, 0x0A, 0x0A, 0x0A,
    0x00, 0x00, 0x00, 0x07, 0x07, 0x07, 0x07, 0x07,
    0x0A, 0x0A, 0x0A, 0x0A, 0x0A, 0x0A, 0x0A, 0x0A,
    0x07, 0x07, 0x0A, 0x0A, 0x0F, 0x0F, 0x0A, 0x0A,
    0x00, 0x00, 0x07, 0x0A, 0x0F, 0x0F, 0x0A, 0x0A,

    0x0A, 0x00, 0x00, 0x00, 0x00, 0x00, 0x00, 0x00,
    0x00, 0x00, 0x00, 0x00, 0x00, 0x00, 0x00, 0x00,
    0x0A, 0x00, 0x00, 0x00, 0x00, 0x00, 0x00, 0x00,
    0x0A, 0x0A, 0x0A, 0x0A, 0x00, 0x00, 0x00, 0x00,
    0x07, 0x07, 0x07, 0x07, 0x00, 0x0A, 0x0A, 0x00,
    0x0A, 0x0A, 0x0A, 0x0A, 0x0A, 0x00, 0x00, 0x0A,
    0x0A, 0x0A, 0x0A, 0x0A, 0x0A, 0x00, 0x00, 0x0A,
    0x0A, 0x0A, 0x0A, 0x0A, 0x07, 0x00, 0x00, 0x0A,

    // Tile 360 (0,5)
    0x00, 0x0A, 0x0F, 0x0A, 0x0A, 0x0A, 0x0A, 0x0F,
    0x00, 0x0F, 0x0A, 0x0A, 0x0A, 0x0A, 0x0F, 0x0F,
    0x00, 0x0A, 0x0A, 0x0F, 0x0A, 0x0F, 0x0F, 0x0A,
    0x00, 0x0A, 0x0F, 0x0A, 0x00, 0x00, 0x0A, 0x0A,
    0x00, 0x0F, 0x0A, 0x00, 0x00, 0x00, 0x0A, 0x0F,
    0x00, 0x00, 0x00, 0x00, 0x00, 0x00, 0x00, 0x0A,
    0x00, 0x00, 0x00, 0x00, 0x00, 0x00, 0x00, 0x00,
    0x00, 0x00, 0x00, 0x00, 0x00, 0x00, 0x00, 0x00,

    0x0F, 0x0A, 0x0A, 0x0F, 0x0A, 0x0A, 0x0A, 0x0F,
    0x0A, 0x0A, 0x0F, 0x0F, 0x0A, 0x0A, 0x0F, 0x0A,
    0x0A, 0x0F, 0x0F, 0x0A, 0x00, 0x0F, 0x0A, 0x0A,
    0x0F, 0x0F, 0x0A, 0x00, 0x00, 0x00, 0x0A, 0x0F,
    0x0F, 0x0A, 0x0A, 0x00, 0x00, 0x00, 0x00, 0x00,
    0x0A, 0x0A, 0x00, 0x00, 0x00, 0x00, 0x00, 0x00,
    0x00, 0x00, 0x00, 0x00, 0x00, 0x00, 0x00, 0x00,
    0x00, 0x00, 0x00, 0x00, 0x00, 0x00, 0x00, 0x00,

    0x00, 0x06, 0x0A, 0x06, 0x06, 0x06, 0x06, 0x0A,
    0x00, 0x0A, 0x06, 0x06, 0x06, 0x06, 0x0A, 0x0A,
    0x00, 0x06, 0x06, 0x0A, 0x06, 0x0A, 0x0A, 0x06,
    0x00, 0x06, 0x0A, 0x06, 0x00, 0x00, 0x06, 0x06,
    0x00, 0x0A, 0x06, 0x00, 0x00, 0x00, 0x06, 0x0A,
    0x00, 0x00, 0x00, 0x00, 0x00, 0x00, 0x00, 0x06,
    0x00, 0x00, 0x00, 0x00, 0x00, 0x00, 0x00, 0x00,
    0x00, 0x00, 0x00, 0x00, 0x00, 0x00, 0x00, 0x00,

    0x0A, 0x06, 0x06, 0x0A, 0x06, 0x06, 0x06, 0x0A,
    0x06, 0x06, 0x0A, 0x0A, 0x06, 0x06, 0x0A, 0x06,
    0x06, 0x0A, 0x0A, 0x06, 0x00, 0x0A, 0x06, 0x06,
    0x0A, 0x0A, 0x06, 0x00, 0x00, 0x00, 0x06, 0x0A,
    0x0A, 0x06, 0x06, 0x00, 0x00, 0x00, 0x00, 0x00,
    0x06, 0x06, 0x00, 0x00, 0x00, 0x00, 0x00, 0x00,
    0x00, 0x00, 0x00, 0x00, 0x00, 0x00, 0x00, 0x00,
    0x00, 0x00, 0x00, 0x00, 0x00, 0x00, 0x00, 0x00,

    // Tile 364 (4,5)
    0x00, 0x08, 0x09, 0x08, 0x08, 0x08, 0x08, 0x09,
    0x00, 0x09, 0x08, 0x08, 0x08, 0x08, 0x09, 0x09,
    0x00, 0x08, 0x08, 0x09, 0x08, 0x09, 0x09, 0x08,
    0x00, 0x08, 0x09, 0x08, 0x00, 0x00, 0x08, 0x08,
    0x00, 0x09, 0x08, 0x00, 0x00, 0x00, 0x08, 0x09,
    0x00, 0x00, 0x00, 0x00, 0x00, 0x00, 0x00, 0x08,
    0x00, 0x00, 0x00, 0x00, 0x00, 0x00, 0x00, 0x00,
    0x00, 0x00, 0x00, 0x00, 0x00, 0x00, 0x00, 0x00,

    0x09, 0x08, 0x08, 0x09, 0x08, 0x08, 0x08, 0x09,
    0x08, 0x08, 0x09, 0x09, 0x08, 0x08, 0x09, 0x08,
    0x08, 0x09, 0x09, 0x08, 0x00, 0x09, 0x08, 0x08,
    0x09, 0x09, 0x08, 0x00, 0x00, 0x00, 0x08, 0x09,
    0x09, 0x08, 0x08, 0x00, 0x00, 0x00, 0x00, 0x00,
    0x08, 0x08, 0x00, 0x00, 0x00, 0x00, 0x00, 0x00,
    0x00, 0x00, 0x00, 0x00, 0x00, 0x00, 0x00, 0x00,
    0x00, 0x00, 0x00, 0x00, 0x00, 0x00, 0x00, 0x00,

    0x00, 0x0F, 0x00, 0x00, 0x00, 0x00, 0x00, 0x00,
    0x00, 0x0F, 0x00, 0x00, 0x00, 0x00, 0x00, 0x00,
    0x00, 0x0F, 0x00, 0x00, 0x00, 0x00, 0x00, 0x0F,
    0x00, 0x00, 0x0F, 0x00, 0x00, 0x00, 0x0F, 0x08,
    0x00, 0x00, 0x0B, 0x0F, 0x0F, 0x0F, 0x0F, 0x0F,
    0x00, 0x00, 0x00, 0x00, 0x0B, 0x0B, 0x0F, 0x08,
    0x00, 0x00, 0x00, 0x00, 0x00, 0x00, 0x0F, 0x08,
    0x00, 0x00, 0x00, 0x00, 0x00, 0x00, 0x00, 0x0B,

    0x00, 0x00, 0x00, 0x00, 0x00, 0x00, 0x0B, 0x00,
    0x00, 0x00, 0x00, 0x00, 0x00, 0x00, 0x0B, 0x00,
    0x0F, 0x00, 0x00, 0x00, 0x00, 0x00, 0x0B, 0x00,
    0x08, 0x0B, 0x00, 0x00, 0x00, 0x0B, 0x00, 0x00,
    0x08, 0x0B, 0x0B, 0x0B, 0x0B, 0x0B, 0x00, 0x00,
    0x08, 0x0B, 0x0B, 0x0B, 0x00, 0x00, 0x00, 0x00,
    0x08, 0x0B, 0x00, 0x00, 0x00, 0x00, 0x00, 0x00,
    0x0B, 0x00, 0x00, 0x00, 0x00, 0x00, 0x00, 0x00,

    // Tile 368 (8,5)
    0x00, 0x05, 0x05, 0x00, 0x00, 0x00, 0x00, 0x00,
    0x00, 0x00, 0x00, 0x00, 0x00, 0x00, 0x00, 0x00,
    0x00, 0x00, 0x0A, 0x05, 0x00, 0x00, 0x00, 0x00,
    0x00, 0x00, 0x05, 0x05, 0x00, 0x00, 0x00, 0x00,
    0x00, 0x00, 0x00, 0x00, 0x00, 0x00, 0x00, 0x00,
    0x00, 0x00, 0x00, 0x00, 0x0A, 0x05, 0x00, 0x00,
    0x00, 0x00, 0x00, 0x00, 0x05, 0x05, 0x00, 0x0A,
    0x00, 0x00, 0x00, 0x00, 0x00, 0x00, 0x00, 0x05,

    0x00, 0x00, 0x00, 0x00, 0x00, 0x05, 0x05, 0x00,
    0x00, 0x00, 0x00, 0x00, 0x00, 0x00, 0x00, 0x00,
    0x00, 0x00, 0x00, 0x00, 0x0A, 0x05, 0x00, 0x00,
    0x00, 0x00, 0x00, 0x00, 0x05, 0x05, 0x00, 0x00,
    0x00, 0x00, 0x00, 0x00, 0x00, 0x00, 0x00, 0x00,
    0x00, 0x00, 0x0A, 0x05, 0x00, 0x00, 0x00, 0x00,
    0x05, 0x00, 0x05, 0x05, 0x00, 0x00, 0x00, 0x00,
    0x05, 0x00, 0x00, 0x00, 0x00, 0x00, 0x00, 0x00,

    0x00, 0x0E, 0x0E, 0x00, 0x00, 0x00, 0x00, 0x00,
    0x00, 0x00, 0x00, 0x00, 0x00, 0x00, 0x00, 0x00,
    0x00, 0x00, 0x0F, 0x0E, 0x00, 0x00, 0x00, 0x00,
    0x00, 0x00, 0x0E, 0x0E, 0x00, 0x00, 0x00, 0x00,
    0x00, 0x00, 0x00, 0x00, 0x00, 0x00, 0x00, 0x00,
    0x00, 0x00, 0x00, 0x00, 0x0F, 0x0E, 0x00, 0x00,
    0x00, 0x00, 0x00, 0x00, 0x0E, 0x0E, 0x00, 0x0F,
    0x00, 0x00, 0x00, 0x00, 0x00, 0x00, 0x00, 0x0E,

    0x00, 0x00, 0x00, 0x00, 0x00, 0x0E, 0x0E, 0x00,
    0x00, 0x00, 0x00, 0x00, 0x00, 0x00, 0x00, 0x00,
    0x00, 0x00, 0x00, 0x00, 0x0F, 0x0E, 0x00, 0x00,
    0x00, 0x00, 0x00, 0x00, 0x0E, 0x0E, 0x00, 0x00,
    0x00, 0x00, 0x00, 0x00, 0x00, 0x00, 0x00, 0x00,
    0x00, 0x00, 0x0F, 0x0E, 0x00, 0x00, 0x00, 0x00,
    0x0E, 0x00, 0x0E, 0x0E, 0x00, 0x00, 0x00, 0x00,
    0x0E, 0x00, 0x00, 0x00, 0x00, 0x00, 0x00, 0x00,

    // Tile 372 (12,5)
    0x00, 0x00, 0x00, 0x07, 0x07, 0x07, 0x07, 0x0F,
    0x00, 0x00, 0x07, 0x00, 0x00, 0x00, 0x00, 0x07,
    0x00, 0x00, 0x07, 0x07, 0x07, 0x07, 0x07, 0x07,
    0x00, 0x00, 0x07, 0x07, 0x07, 0x07, 0x07, 0x07,
    0x00, 0x00, 0x07, 0x07, 0x07, 0x07, 0x07, 0x07,
    0x00, 0x00, 0x0F, 0x07, 0x07, 0x07, 0x07, 0x07,
    0x00, 0x00, 0x00, 0x0F, 0x0F, 0x0F, 0x0F, 0x07,
    0x00, 0x00, 0x00, 0x00, 0x00, 0x00, 0x00, 0x0F,

    0x0F, 0x0F, 0x00, 0x00, 0x00, 0x00, 0x00, 0x00,
    0x0F, 0x07, 0x0F, 0x00, 0x00, 0x00, 0x00, 0x00,
    0x0F, 0x0F, 0x0F, 0x0F, 0x00, 0x00, 0x00, 0x00,
    0x07, 0x07, 0x0F, 0x07, 0x07, 0x07, 0x00, 0x00,
    0x07, 0x07, 0x07, 0x07, 0x07, 0x07, 0x07, 0x00,
    0x07, 0x07, 0x07, 0x07, 0x07, 0x07, 0x07, 0x00,
    0x07, 0x07, 0x07, 0x07, 0x07, 0x07, 0x0F, 0x00,
    0x0F, 0x0F, 0x0F, 0x0F, 0x0F, 0x0F, 0x00, 0x00,

    0x00, 0x00, 0x09, 0x08, 0x09, 0x09, 0x09, 0x00,
    0x00, 0x00, 0x09, 0x08, 0x09, 0x09, 0x09, 0x09,
    0x00, 0x00, 0x09, 0x08, 0x09, 0x09, 0x09, 0x09,
    0x00, 0x00, 0x00, 0x09, 0x08, 0x09, 0x09, 0x09,
    0x00, 0x00, 0x00, 0x09, 0x08, 0x08, 0x09, 0x09,
    0x00, 0x00, 0x00, 0x00, 0x09, 0x09, 0x08, 0x08,
    0x00, 0x00, 0x00, 0x00, 0x03, 0x03, 0x09, 0x09,
    0x00, 0x00, 0x00, 0x08, 0x00, 0x00, 0x00, 0x00,

    0x00, 0x00, 0x09, 0x08, 0x09, 0x00, 0x00, 0x00,
    0x09, 0x09, 0x09, 0x08, 0x09, 0x00, 0x00, 0x00,
    0x09, 0x09, 0x09, 0x08, 0x09, 0x00, 0x00, 0x00,
    0x09, 0x09, 0x08, 0x09, 0x00, 0x00, 0x00, 0x00,
    0x09, 0x08, 0x08, 0x09, 0x00, 0x00, 0x00, 0x00,
    0x08, 0x09, 0x09, 0x00, 0x00, 0x00, 0x00, 0x00,
    0x09, 0x03, 0x03, 0x00, 0x00, 0x00, 0x00, 0x00,
    0x00, 0x00, 0x00, 0x08, 0x00, 0x00, 0x00, 0x00,

    // Tile 376 (16,5)
    0x00, 0x06, 0x06, 0x06, 0x0A, 0x06, 0x06, 0x06,
    0x00, 0x06, 0x06, 0x06, 0x06, 0x06, 0x06, 0x06,
    0x00, 0x06, 0x06, 0x06, 0x06, 0x06, 0x06, 0x06,
    0x00, 0x06, 0x06, 0x06, 0x06, 0x06, 0x06, 0x06,
    0x00, 0x00, 0x06, 0x06, 0x06, 0x06, 0x06, 0x06,
    0x00, 0x00, 0x06, 0x06, 0x06, 0x06, 0x06, 0x06,
    0x00, 0x00, 0x00, 0x06, 0x06, 0x06, 0x06, 0x06,
    0x00, 0x00, 0x00, 0x00, 0x06, 0x06, 0x06, 0x06,

    0x06, 0x06, 0x06, 0x06, 0x00, 0x00, 0x00, 0x00,
    0x06, 0x06, 0x06, 0x06, 0x00, 0x00, 0x00, 0x00,
    0x06, 0x06, 0x06, 0x06, 0x00, 0x00, 0x00, 0x00,
    0x06, 0x0A, 0x06, 0x06, 0x00, 0x00, 0x00, 0x00,
    0x06, 0x0A, 0x06, 0x00, 0x00, 0x00, 0x00, 0x00,
    0x0A, 0x06, 0x06, 0x00, 0x00, 0x00, 0x00, 0x00,
    0x06, 0x06, 0x00, 0x00, 0x00, 0x00, 0x00, 0x00,
    0x06, 0x00, 0x00, 0x00, 0x00, 0x00, 0x00, 0x00,

    0x00, 0x00, 0x09, 0x08, 0x08, 0x09, 0x08, 0x08,
    0x00, 0x00, 0x09, 0x00, 0x00, 0x09, 0x00, 0x00,
    0x00, 0x00, 0x00, 0x00, 0x00, 0x00, 0x00, 0x00,
    0x00, 0x00, 0x00, 0x00, 0x00, 0x00, 0x00, 0x00,
    0x00, 0x00, 0x00, 0x00, 0x00, 0x00, 0x00, 0x00,
    0x00, 0x00, 0x00, 0x00, 0x00, 0x00, 0x00, 0x00,
    0x00, 0x00, 0x00, 0x00, 0x00, 0x00, 0x00, 0x00,
    0x00, 0x00, 0x00, 0x00, 0x00, 0x00, 0x00, 0x00,

    0x08, 0x08, 0x08, 0x09, 0x08, 0x08, 0x09, 0x00,
    0x09, 0x00, 0x00, 0x09, 0x00, 0x00, 0x09, 0x00,
    0x0A, 0x00, 0x00, 0x00, 0x00, 0x00, 0x00, 0x00,
    0x0A, 0x00, 0x00, 0x00, 0x00, 0x00, 0x00, 0x00,
    0x0A, 0x00, 0x00, 0x00, 0x00, 0x00, 0x00, 0x00,
    0x09, 0x00, 0x00, 0x09, 0x00, 0x00, 0x00, 0x00,
    0x09, 0x00, 0x00, 0x09, 0x00, 0x00, 0x00, 0x00,
    0x00, 0x09, 0x09, 0x00, 0x00, 0x00, 0x00, 0x00,

    // Tile 380 (20,5)
    0x00, 0x00, 0x08, 0x07, 0x07, 0x08, 0x07, 0x07,
    0x00, 0x00, 0x08, 0x00, 0x00, 0x08, 0x00, 0x00,
    0x00, 0x00, 0x00, 0x00, 0x00, 0x00, 0x00, 0x00,
    0x00, 0x00, 0x00, 0x00, 0x00, 0x00, 0x00, 0x00,
    0x00, 0x00, 0x00, 0x00, 0x00, 0x00, 0x00, 0x00,
    0x00, 0x00, 0x00, 0x00, 0x00, 0x00, 0x00, 0x00,
    0x00, 0x00, 0x00, 0x00, 0x00, 0x00, 0x00, 0x00,
    0x00, 0x00, 0x00, 0x00, 0x00, 0x00, 0x00, 0x00,

    0x07, 0x07, 0x07, 0x08, 0x07, 0x07, 0x08, 0x00,
    0x08, 0x00, 0x00, 0x08, 0x00, 0x00, 0x08, 0x00,
    0x0A, 0x00, 0x00, 0x00, 0x00, 0x00, 0x00, 0x00,
    0x0A, 0x00, 0x00, 0x00, 0x00, 0x00, 0x00, 0x00,
    0x0A, 0x00, 0x00, 0x00, 0x00, 0x00, 0x00, 0x00,
    0x09, 0x00, 0x00, 0x09, 0x00, 0x00, 0x00, 0x00,
    0x09, 0x00, 0x00, 0x09, 0x00, 0x00, 0x00, 0x00,
    0x00, 0x09, 0x09, 0x00, 0x00, 0x00, 0x00, 0x00,

    0x00, 0x0E, 0x0A, 0x0A, 0x0E, 0x0A, 0x0A, 0x0A,
    0x00, 0x0E, 0x00, 0x00, 0x0E, 0x00, 0x00, 0x0E,
    0x00, 0x00, 0x00, 0x00, 0x00, 0x00, 0x00, 0x0A,
    0x00, 0x00, 0x00, 0x00, 0x00, 0x00, 0x00, 0x0A,
    0x00, 0x00, 0x00, 0x00, 0x00, 0x00, 0x00, 0x0A,
    0x00, 0x00, 0x00, 0x00, 0x00, 0x00, 0x00, 0x08,
    0x00, 0x00, 0x00, 0x00, 0x00, 0x00, 0x00, 0x08,
    0x00, 0x00, 0x00, 0x00, 0x00, 0x00, 0x00, 0x00,

    0x0A, 0x0A, 0x0E, 0x0A, 0x0A, 0x0E, 0x00, 0x00,
    0x00, 0x00, 0x0E, 0x00, 0x00, 0x0E, 0x00, 0x00,
    0x00, 0x00, 0x00, 0x00, 0x00, 0x00, 0x00, 0x00,
    0x00, 0x00, 0x00, 0x00, 0x00, 0x00, 0x00, 0x00,
    0x00, 0x00, 0x00, 0x00, 0x00, 0x00, 0x00, 0x00,
    0x00, 0x00, 0x08, 0x00, 0x00, 0x00, 0x00, 0x00,
    0x00, 0x00, 0x08, 0x00, 0x00, 0x00, 0x00, 0x00,
    0x08, 0x08, 0x00, 0x00, 0x00, 0x00, 0x00, 0x00,

    // Tile 384 (24,5)
    0x00, 0x00, 0x00, 0x08, 0x09, 0x0F, 0x0F, 0x09,
    0x00, 0x00, 0x00, 0x08, 0x09, 0x0F, 0x0F, 0x09,
    0x00, 0x00, 0x00, 0x08, 0x09, 0x0F, 0x0F, 0x09,
    0x00, 0x00, 0x00, 0x08, 0x09, 0x09, 0x09, 0x09,
    0x00, 0x00, 0x00, 0x08, 0x09, 0x09, 0x0F, 0x09,
    0x00, 0x00, 0x00, 0x08, 0x09, 0x09, 0x09, 0x09,
    0x00, 0x00, 0x00, 0x00, 0x08, 0x09, 0x09, 0x09,
    0x00, 0x00, 0x00, 0x00, 0x00, 0x08, 0x08, 0x08,

    0x09, 0x09, 0x09, 0x09, 0x09, 0x08, 0x00, 0x00,
    0x09, 0x09, 0x09, 0x09, 0x09, 0x08, 0x00, 0x00,
    0x09, 0x09, 0x09, 0x09, 0x09, 0x08, 0x00, 0x00,
    0x09, 0x09, 0x09, 0x09, 0x09, 0x08, 0x00, 0x00,
    0x09, 0x09, 0x09, 0x09, 0x09, 0x08, 0x00, 0x00,
    0x09, 0x09, 0x09, 0x09, 0x09, 0x08, 0x00, 0x00,
    0x09, 0x09, 0x09, 0x09, 0x08, 0x00, 0x00, 0x00,
    0x08, 0x08, 0x08, 0x08, 0x00, 0x00, 0x00, 0x00,

    0x00, 0x00, 0x03, 0x07, 0x0F, 0x0F, 0x07, 0x07,
    0x00, 0x00, 0x03, 0x07, 0x0F, 0x0F, 0x07, 0x07,
    0x00, 0x00, 0x03, 0x07, 0x0F, 0x0F, 0x07, 0x07,
    0x00, 0x00, 0x03, 0x07, 0x07, 0x07, 0x07, 0x07,
    0x00, 0x00, 0x03, 0x07, 0x07, 0x0F, 0x07, 0x07,
    0x00, 0x00, 0x03, 0x07, 0x07, 0x07, 0x07, 0x07,
    0x00, 0x00, 0x00, 0x03, 0x07, 0x07, 0x07, 0x07,
    0x00, 0x00, 0x00, 0x00, 0x03, 0x03, 0x03, 0x03,

    0x07, 0x07, 0x07, 0x07, 0x03, 0x00, 0x00, 0x00,
    0x07, 0x07, 0x07, 0x07, 0x03, 0x00, 0x00, 0x00,
    0x07, 0x07, 0x07, 0x07, 0x03, 0x00, 0x00, 0x00,
    0x07, 0x07, 0x07, 0x07, 0x03, 0x00, 0x00, 0x00,
    0x07, 0x07, 0x07, 0x07, 0x03, 0x00, 0x00, 0x00,
    0x07, 0x07, 0x07, 0x07, 0x03, 0x00, 0x00, 0x00,
    0x07, 0x07, 0x07, 0x03, 0x00, 0x00, 0x00, 0x00,
    0x03, 0x03, 0x03, 0x00, 0x00, 0x00, 0x00, 0x00,

    // Tile 388 (28,5)
    0x00, 0x00, 0x00, 0x03, 0x05, 0x0F, 0x0F, 0x05,
    0x00, 0x00, 0x00, 0x03, 0x05, 0x0F, 0x0F, 0x05,
    0x00, 0x00, 0x00, 0x03, 0x05, 0x0F, 0x0F, 0x05,
    0x00, 0x00, 0x00, 0x03, 0x05, 0x05, 0x05, 0x05,
    0x00, 0x00, 0x00, 0x03, 0x05, 0x05, 0x0F, 0x05,
    0x00, 0x00, 0x00, 0x03, 0x05, 0x05, 0x05, 0x05,
    0x00, 0x00, 0x00, 0x00, 0x03, 0x05, 0x05, 0x05,
    0x00, 0x00, 0x00, 0x00, 0x00, 0x03, 0x03, 0x03,

    0x05, 0x05, 0x05, 0x05, 0x05, 0x03, 0x00, 0x00,
    0x05, 0x05, 0x05, 0x05, 0x05, 0x03, 0x00, 0x00,
    0x05, 0x05, 0x05, 0x05, 0x05, 0x03, 0x00, 0x00,
    0x05, 0x05, 0x05, 0x05, 0x05, 0x03, 0x00, 0x00,
    0x05, 0x05, 0x05, 0x05, 0x05, 0x03, 0x00, 0x00,
    0x05, 0x05, 0x05, 0x05, 0x05, 0x03, 0x00, 0x00,
    0x05, 0x05, 0x05, 0x05, 0x03, 0x00, 0x00, 0x00,
    0x03, 0x03, 0x03, 0x03, 0x00, 0x00, 0x00, 0x00,

    0x00, 0x00, 0x00, 0x09, 0x09, 0x0F, 0x0F, 0x09,
    0x00, 0x00, 0x00, 0x09, 0x09, 0x0F, 0x0F, 0x09,
    0x00, 0x00, 0x00, 0x09, 0x09, 0x0F, 0x0F, 0x09,
    0x00, 0x00, 0x00, 0x09, 0x09, 0x09, 0x09, 0x09,
    0x00, 0x00, 0x00, 0x09, 0x09, 0x09, 0x0F, 0x09,
    0x00, 0x00, 0x00, 0x09, 0x09, 0x09, 0x09, 0x09,
    0x00, 0x00, 0x00, 0x00, 0x09, 0x09, 0x09, 0x09,
    0x00, 0x00, 0x00, 0x00, 0x00, 0x09, 0x09, 0x09,

    0x09, 0x09, 0x09, 0x09, 0x09, 0x09, 0x00, 0x00,
    0x09, 0x09, 0x09, 0x09, 0x09, 0x09, 0x00, 0x00,
    0x09, 0x09, 0x09, 0x09, 0x09, 0x09, 0x00, 0x00,
    0x09, 0x09, 0x09, 0x09, 0x09, 0x09, 0x00, 0x00,
    0x09, 0x09, 0x09, 0x09, 0x09, 0x09, 0x00, 0x00,
    0x09, 0x09, 0x09, 0x09, 0x09, 0x09, 0x00, 0x00,
    0x09, 0x09, 0x09, 0x09, 0x09, 0x00, 0x00, 0x00,
    0x09, 0x09, 0x09, 0x09, 0x00, 0x00, 0x00, 0x00,

    // Tile 392 (32,5)
    0x00, 0x00, 0x00, 0x07, 0x0A, 0x0F, 0x0F, 0x0A,
    0x00, 0x00, 0x00, 0x07, 0x0A, 0x0F, 0x0F, 0x0A,
    0x00, 0x00, 0x00, 0x07, 0x0A, 0x0F, 0x0F, 0x0A,
    0x00, 0x00, 0x00, 0x07, 0x0A, 0x0A, 0x0A, 0x0A,
    0x00, 0x00, 0x00, 0x07, 0x0A, 0x0A, 0x0F, 0x0A,
    0x00, 0x00, 0x00, 0x07, 0x0A, 0x0A, 0x0A, 0x0A,
    0x00, 0x00, 0x00, 0x00, 0x07, 0x0A, 0x0A, 0x0A,
    0x00, 0x00, 0x00, 0x00, 0x00, 0x07, 0x07, 0x07,

    0x0A, 0x0A, 0x0A, 0x0A, 0x0A, 0x07, 0x00, 0x00,
    0x0A, 0x0A, 0x0A, 0x0A, 0x0A, 0x07, 0x00, 0x00,
    0x0A, 0x0A, 0x0A, 0x0A, 0x0A, 0x07, 0x00, 0x00,
    0x0A, 0x0A, 0x0A, 0x0A, 0x0A, 0x07, 0x00, 0x00,
    0x0A, 0x0A, 0x0A, 0x0A, 0x0A, 0x07, 0x00, 0x00,
    0x0A, 0x0A, 0x0A, 0x0A, 0x0A, 0x07, 0x00, 0x00,
    0x0A, 0x0A, 0x0A, 0x0A, 0x07, 0x00, 0x00, 0x00,
    0x07, 0x07, 0x07, 0x07, 0x00, 0x00, 0x00, 0x00,

    0x00, 0x00, 0x05, 0x05, 0x05, 0x05, 0x05, 0x05,
    0x00, 0x00, 0x00, 0x05, 0x05, 0x05, 0x05, 0x05,
    0x00, 0x00, 0x00, 0x05, 0x05, 0x05, 0x05, 0x05,
    0x00, 0x00, 0x00, 0x00, 0x05, 0x05, 0x05, 0x05,
    0x00, 0x00, 0x00, 0x00, 0x00, 0x05, 0x05, 0x05,
    0x00, 0x00, 0x00, 0x00, 0x00, 0x00, 0x05, 0x05,
    0x00, 0x00, 0x00, 0x00, 0x00, 0x00, 0x00, 0x05,
    0x00, 0x00, 0x00, 0x00, 0x00, 0x00, 0x00, 0x00,

    0x05, 0x05, 0x05, 0x05, 0x05, 0x05, 0x05, 0x00,
    0x05, 0x05, 0x05, 0x05, 0x05, 0x05, 0x00, 0x00,
    0x05, 0x05, 0x05, 0x05, 0x05, 0x05, 0x00, 0x00,
    0x05, 0x05, 0x05, 0x05, 0x05, 0x00, 0x00, 0x00,
    0x05, 0x05, 0x05, 0x05, 0x00, 0x00, 0x00, 0x00,
    0x05, 0x05, 0x05, 0x00, 0x00, 0x00, 0x00, 0x00,
    0x05, 0x05, 0x00, 0x00, 0x00, 0x00, 0x00, 0x00,
    0x05, 0x00, 0x00, 0x00, 0x00, 0x00, 0x00, 0x00,

    // Tile 396 (36,5)
    0x00, 0x00, 0x08, 0x08, 0x08, 0x0A, 0x0A, 0x08,
    0x00, 0x00, 0x00, 0x08, 0x08, 0x0A, 0x0A, 0x08,
    0x00, 0x00, 0x00, 0x08, 0x08, 0x08, 0x0A, 0x0A,
    0x00, 0x00, 0x00, 0x00, 0x08, 0x0A, 0x0A, 0x0A,
    0x00, 0x00, 0x00, 0x00, 0x00, 0x08, 0x08, 0x08,
    0x00, 0x00, 0x00, 0x00, 0x00, 0x00, 0x08, 0x08,
    0x00, 0x00, 0x00, 0x00, 0x00, 0x00, 0x00, 0x08,
    0x00, 0x00, 0x00, 0x00, 0x00, 0x00, 0x00, 0x00,

    0x0A, 0x08, 0x0A, 0x0A, 0x08, 0x08, 0x08, 0x00,
    0x0A, 0x08, 0x0A, 0x0A, 0x08, 0x08, 0x00, 0x00,
    0x0A, 0x0A, 0x0A, 0x08, 0x08, 0x08, 0x00, 0x00,
    0x08, 0x0A, 0x0A, 0x0A, 0x08, 0x00, 0x00, 0x00,
    0x08, 0x08, 0x08, 0x08, 0x00, 0x00, 0x00, 0x00,
    0x08, 0x08, 0x08, 0x00, 0x00, 0x00, 0x00, 0x00,
    0x08, 0x08, 0x00, 0x00, 0x00, 0x00, 0x00, 0x00,
    0x08, 0x00, 0x00, 0x00, 0x00, 0x00, 0x00, 0x00,

    0x00, 0x00, 0x09, 0x09, 0x09, 0x07, 0x07, 0x09,
    0x00, 0x00, 0x00, 0x09, 0x09, 0x07, 0x07, 0x09,
    0x00, 0x00, 0x00, 0x09, 0x09, 0x09, 0x07, 0x07,
    0x00, 0x00, 0x00, 0x00, 0x09, 0x07, 0x07, 0x07,
    0x00, 0x00, 0x00, 0x00, 0x00, 0x09, 0x09, 0x09,
    0x00, 0x00, 0x00, 0x00, 0x00, 0x00, 0x09, 0x09,
    0x00, 0x00, 0x00, 0x00, 0x00, 0x00, 0x00, 0x09,
    0x00, 0x00, 0x00, 0x00, 0x00, 0x00, 0x00, 0x00,

    0x07, 0x09, 0x07, 0x07, 0x09, 0x09, 0x09, 0x00,
    0x07, 0x09, 0x07, 0x07, 0x09, 0x09, 0x00, 0x00,
    0x07, 0x07, 0x07, 0x09, 0x09, 0x09, 0x00, 0x00,
    0x09, 0x07, 0x07, 0x07, 0x09, 0x00, 0x00, 0x00,
    0x09, 0x09, 0x09, 0x09, 0x00, 0x00, 0x00, 0x00,
    0x09, 0x09, 0x09, 0x00, 0x00, 0x00, 0x00, 0x00,
    0x09, 0x09, 0x00, 0x00, 0x00, 0x00, 0x00, 0x00,
    0x09, 0x00, 0x00, 0x00, 0x00, 0x00, 0x00, 0x00,

    // Tile 400 (40,5)
    0x00, 0x00, 0x09, 0x09, 0x09, 0x06, 0x06, 0x09,
    0x00, 0x00, 0x00, 0x09, 0x09, 0x06, 0x06, 0x09,
    0x00, 0x00, 0x00, 0x09, 0x09, 0x09, 0x06, 0x06,
    0x00, 0x00, 0x00, 0x00, 0x09, 0x06, 0x06, 0x06,
    0x00, 0x00, 0x00, 0x00, 0x00, 0x09, 0x09, 0x09,
    0x00, 0x00, 0x00, 0x00, 0x00, 0x00, 0x09, 0x09,
    0x00, 0x00, 0x00, 0x00, 0x00, 0x00, 0x00, 0x09,
    0x00, 0x00, 0x00, 0x00, 0x00, 0x00, 0x00, 0x00,

    0x06, 0x09, 0x06, 0x06, 0x09, 0x09, 0x09, 0x00,
    0x06, 0x09, 0x06, 0x06, 0x09, 0x09, 0x00, 0x00,
    0x06, 0x06, 0x06, 0x09, 0x09, 0x09, 0x00, 0x00,
    0x09, 0x06, 0x06, 0x06, 0x09, 0x00, 0x00, 0x00,
    0x09, 0x09, 0x09, 0x09, 0x00, 0x00, 0x00, 0x00,
    0x09, 0x09, 0x09, 0x00, 0x00, 0x00, 0x00, 0x00,
    0x09, 0x09, 0x00, 0x00, 0x00, 0x00, 0x00, 0x00,
    0x09, 0x00, 0x00, 0x00, 0x00, 0x00, 0x00, 0x00,

    0x00, 0x00, 0x0F, 0x0F, 0x0F, 0x06, 0x06, 0x0F,
    0x00, 0x00, 0x00, 0x0F, 0x0F, 0x06, 0x06, 0x0F,
    0x00, 0x00, 0x00, 0x0F, 0x0F, 0x0F, 0x06, 0x06,
    0x00, 0x00, 0x00, 0x00, 0x0F, 0x06, 0x06, 0x06,
    0x00, 0x00, 0x00, 0x00, 0x00, 0x0F, 0x0F, 0x0F,
    0x00, 0x00, 0x00, 0x00, 0x00, 0x00, 0x0F, 0x0F,
    0x00, 0x00, 0x00, 0x00, 0x00, 0x00, 0x00, 0x0F,
    0x00, 0x00, 0x00, 0x00, 0x00, 0x00, 0x00, 0x00,

    0x06, 0x0F, 0x06, 0x06, 0x0F, 0x0F, 0x0F, 0x00,
    0x06, 0x0F, 0x06, 0x06, 0x0F, 0x0F, 0x00, 0x00,
    0x06, 0x06, 0x06, 0x0F, 0x0F, 0x0F, 0x00, 0x00,
    0x0F, 0x06, 0x06, 0x06, 0x0F, 0x00, 0x00, 0x00,
    0x0F, 0x0F, 0x0F, 0x0F, 0x00, 0x00, 0x00, 0x00,
    0x0F, 0x0F, 0x0F, 0x00, 0x00, 0x00, 0x00, 0x00,
    0x0F, 0x0F, 0x00, 0x00, 0x00, 0x00, 0x00, 0x00,
    0x0F, 0x00, 0x00, 0x00, 0x00, 0x00, 0x00, 0x00,

    // Tile 404 (44,5)
    0x00, 0x00, 0x06, 0x06, 0x06, 0x0F, 0x0F, 0x06,
    0x00, 0x00, 0x00, 0x06, 0x06, 0x0F, 0x0F, 0x06,
    0x00, 0x00, 0x00, 0x06, 0x06, 0x06, 0x0F, 0x0F,
    0x00, 0x00, 0x00, 0x00, 0x06, 0x0F, 0x0F, 0x0F,
    0x00, 0x00, 0x00, 0x00, 0x00, 0x06, 0x06, 0x06,
    0x00, 0x00, 0x00, 0x00, 0x00, 0x00, 0x06, 0x06,
    0x00, 0x00, 0x00, 0x00, 0x00, 0x00, 0x00, 0x06,
    0x00, 0x00, 0x00, 0x00, 0x00, 0x00, 0x00, 0x00,

    0x0F, 0x06, 0x0F, 0x0F, 0x06, 0x06, 0x06, 0x00,
    0x0F, 0x06, 0x0F, 0x0F, 0x06, 0x06, 0x00, 0x00,
    0x0F, 0x0F, 0x0F, 0x06, 0x06, 0x06, 0x00, 0x00,
    0x06, 0x0F, 0x0F, 0x0F, 0x06, 0x00, 0x00, 0x00,
    0x06, 0x06, 0x06, 0x06, 0x00, 0x00, 0x00, 0x00,
    0x06, 0x06, 0x06, 0x00, 0x00, 0x00, 0x00, 0x00,
    0x06, 0x06, 0x00, 0x00, 0x00, 0x00, 0x00, 0x00,
    0x06, 0x00, 0x00, 0x00, 0x00, 0x00, 0x00, 0x00,

    0x00, 0x00, 0x06, 0x06, 0x06, 0x09, 0x09, 0x06,
    0x00, 0x00, 0x00, 0x06, 0x06, 0x09, 0x09, 0x06,
    0x00, 0x00, 0x00, 0x06, 0x06, 0x06, 0x09, 0x09,
    0x00, 0x00, 0x00, 0x00, 0x06, 0x09, 0x09, 0x09,
    0x00, 0x00, 0x00, 0x00, 0x00, 0x06, 0x06, 0x06,
    0x00, 0x00, 0x00, 0x00, 0x00, 0x00, 0x06, 0x06,
    0x00, 0x00, 0x00, 0x00, 0x00, 0x00, 0x00, 0x06,
    0x00, 0x00, 0x00, 0x00, 0x00, 0x00, 0x00, 0x00,

    0x09, 0x06, 0x09, 0x09, 0x06, 0x06, 0x06, 0x00,
    0x09, 0x06, 0x09, 0x09, 0x06, 0x06, 0x00, 0x00,
    0x09, 0x09, 0x09, 0x06, 0x06, 0x06, 0x00, 0x00,
    0x06, 0x09, 0x09, 0x09, 0x06, 0x00, 0x00, 0x00,
    0x06, 0x06, 0x06, 0x06, 0x00, 0x00, 0x00, 0x00,
    0x06, 0x06, 0x06, 0x00, 0x00, 0x00, 0x00, 0x00,
    0x06, 0x06, 0x00, 0x00, 0x00, 0x00, 0x00, 0x00,
    0x06, 0x00, 0x00, 0x00, 0x00, 0x00, 0x00, 0x00,

    // Tile 408 (48,5)
    0x00, 0x00, 0x07, 0x07, 0x07, 0x09, 0x09, 0x07,
    0x00, 0x00, 0x00, 0x07, 0x07, 0x09, 0x09, 0x07,
    0x00, 0x00, 0x00, 0x07, 0x07, 0x07, 0x09, 0x09,
    0x00, 0x00, 0x00, 0x00, 0x07, 0x09, 0x09, 0x09,
    0x00, 0x00, 0x00, 0x00, 0x00, 0x07, 0x07, 0x07,
    0x00, 0x00, 0x00, 0x00, 0x00, 0x00, 0x07, 0x07,
    0x00, 0x00, 0x00, 0x00, 0x00, 0x00, 0x00, 0x07,
    0x00, 0x00, 0x00, 0x00, 0x00, 0x00, 0x00, 0x00,

    0x09, 0x07, 0x09, 0x09, 0x07, 0x07, 0x07, 0x00,
    0x09, 0x07, 0x09, 0x09, 0x07, 0x07, 0x00, 0x00,
    0x09, 0x09, 0x09, 0x07, 0x07, 0x07, 0x00, 0x00,
    0x07, 0x09, 0x09, 0x09, 0x07, 0x00, 0x00, 0x00,
    0x07, 0x07, 0x07, 0x07, 0x00, 0x00, 0x00, 0x00,
    0x07, 0x07, 0x07, 0x00, 0x00, 0x00, 0x00, 0x00,
    0x07, 0x07, 0x00, 0x00, 0x00, 0x00, 0x00, 0x00,
    0x07, 0x00, 0x00, 0x00, 0x00, 0x00, 0x00, 0x00,

    0x00, 0x00, 0x0A, 0x0A, 0x0A, 0x08, 0x08, 0x0A,
    0x00, 0x00, 0x00, 0x0A, 0x0A, 0x08, 0x08, 0x0A,
    0x00, 0x00, 0x00, 0x0A, 0x0A, 0x0A, 0x08, 0x08,
    0x00, 0x00, 0x00, 0x00, 0x0A, 0x08, 0x08, 0x08,
    0x00, 0x00, 0x00, 0x00, 0x00, 0x0A, 0x0A, 0x0A,
    0x00, 0x00, 0x00, 0x00, 0x00, 0x00, 0x0A, 0x0A,
    0x00, 0x00, 0x00, 0x00, 0x00, 0x00, 0x00, 0x0A,
    0x00, 0x00, 0x00, 0x00, 0x00, 0x00, 0x00, 0x00,

    0x08, 0x0A, 0x08, 0x08, 0x0A, 0x0A, 0x0A, 0x00,
    0x08, 0x0A, 0x08, 0x08, 0x0A, 0x0A, 0x00, 0x00,
    0x08, 0x08, 0x08, 0x0A, 0x0A, 0x0A, 0x00, 0x00,
    0x0A, 0x08, 0x08, 0x08, 0x0A, 0x00, 0x00, 0x00,
    0x0A, 0x0A, 0x0A, 0x0A, 0x00, 0x00, 0x00, 0x00,
    0x0A, 0x0A, 0x0A, 0x00, 0x00, 0x00, 0x00, 0x00,
    0x0A, 0x0A, 0x00, 0x00, 0x00, 0x00, 0x00, 0x00,
    0x0A, 0x00, 0x00, 0x00, 0x00, 0x00, 0x00, 0x00,

    // Tile 412 (52,5)
    0x00, 0x00, 0x00, 0x00, 0x00, 0x00, 0x00, 0x0F,
    0x00, 0x00, 0x00, 0x00, 0x00, 0x00, 0x0F, 0x0F,
    0x00, 0x00, 0x00, 0x00, 0x00, 0x0F, 0x00, 0x00,
    0x00, 0x00, 0x00, 0x00, 0x0F, 0x00, 0x00, 0x00,
    0x00, 0x00, 0x00, 0x00, 0x0F, 0x00, 0x00, 0x00,
    0x00, 0x00, 0x00, 0x00, 0x0F, 0x00, 0x00, 0x00,
    0x00, 0x00, 0x00, 0x00, 0x00, 0x0F, 0x00, 0x00,
    0x00, 0x00, 0x00, 0x00, 0x00, 0x00, 0x0F, 0x0F,

    0x0F, 0x00, 0x00, 0x00, 0x00, 0x00, 0x00, 0x00,
    0x0F, 0x0F, 0x00, 0x00, 0x00, 0x00, 0x00, 0x00,
    0x00, 0x00, 0x0F, 0x00, 0x00, 0x00, 0x00, 0x00,
    0x00, 0x00, 0x00, 0x0F, 0x00, 0x00, 0x00, 0x00,
    0x00, 0x00, 0x00, 0x0F, 0x00, 0x00, 0x00, 0x00,
    0x00, 0x00, 0x00, 0x0F, 0x00, 0x00, 0x00, 0x00,
    0x00, 0x00, 0x0F, 0x00, 0x00, 0x00, 0x00, 0x00,
    0x0F, 0x0F, 0x00, 0x00, 0x00, 0x00, 0x00, 0x00,

    0x00, 0x00, 0x00, 0x00, 0x00, 0x00, 0x00, 0x0F,
    0x00, 0x00, 0x00, 0x00, 0x00, 0x00, 0x0F, 0x0F,
    0x00, 0x00, 0x00, 0x00, 0x00, 0x0F, 0x00, 0x00,
    0x00, 0x00, 0x00, 0x00, 0x0F, 0x00, 0x00, 0x00,
    0x00, 0x00, 0x00, 0x00, 0x0F, 0x00, 0x00, 0x00,
    0x00, 0x00, 0x00, 0x00, 0x0F, 0x00, 0x00, 0x00,
    0x00, 0x00, 0x00, 0x00, 0x00, 0x0F, 0x00, 0x00,
    0x00, 0x00, 0x00, 0x00, 0x00, 0x00, 0x0F, 0x0F,

    0x0F, 0x00, 0x00, 0x00, 0x00, 0x00, 0x00, 0x00,
    0x0F, 0x0F, 0x00, 0x00, 0x00, 0x00, 0x00, 0x00,
    0x00, 0x00, 0x0F, 0x00, 0x00, 0x00, 0x00, 0x00,
    0x00, 0x00, 0x00, 0x0F, 0x00, 0x00, 0x00, 0x00,
    0x00, 0x00, 0x00, 0x0F, 0x00, 0x00, 0x00, 0x00,
    0x00, 0x00, 0x00, 0x0F, 0x00, 0x00, 0x00, 0x00,
    0x00, 0x00, 0x0F, 0x00, 0x00, 0x00, 0x00, 0x00,
    0x0F, 0x0F, 0x00, 0x00, 0x00, 0x00, 0x00, 0x00,

    // Tile 416 (56,5)
    0x00, 0x00, 0x00, 0x00, 0x00, 0x00, 0x00, 0x0F,
    0x00, 0x00, 0x00, 0x00, 0x00, 0x00, 0x0F, 0x0F,
    0x00, 0x00, 0x00, 0x00, 0x00, 0x0F, 0x00, 0x00,
    0x00, 0x00, 0x00, 0x00, 0x0F, 0x00, 0x00, 0x00,
    0x00, 0x00, 0x00, 0x00, 0x0F, 0x00, 0x00, 0x00,
    0x00, 0x00, 0x00, 0x00, 0x0F, 0x00, 0x00, 0x00,
    0x00, 0x00, 0x00, 0x00, 0x00, 0x0F, 0x00, 0x00,
    0x00, 0x00, 0x00, 0x00, 0x00, 0x00, 0x0F, 0x0F,

    0x0F, 0x00, 0x00, 0x00, 0x00, 0x00, 0x00, 0x00,
    0x0F, 0x0F, 0x00, 0x00, 0x00, 0x00, 0x00, 0x00,
    0x00, 0x00, 0x0F, 0x00, 0x00, 0x00, 0x00, 0x00,
    0x00, 0x00, 0x00, 0x0F, 0x00, 0x00, 0x00, 0x00,
    0x00, 0x00, 0x00, 0x0F, 0x00, 0x00, 0x00, 0x00,
    0x00, 0x00, 0x00, 0x0F, 0x00, 0x00, 0x00, 0x00,
    0x00, 0x00, 0x0F, 0x00, 0x00, 0x00, 0x00, 0x00,
    0x0F, 0x0F, 0x00, 0x00, 0x00, 0x00, 0x00, 0x00,

    0x00, 0x00, 0x00, 0x0A, 0x05, 0x05, 0x05, 0x05,
    0x00, 0x00, 0x00, 0x0A, 0x0A, 0x0A, 0x0A, 0x0A,
    0x00, 0x00, 0x00, 0x00, 0x0A, 0x00, 0x00, 0x0A,
    0x00, 0x00, 0x00, 0x00, 0x00, 0x00, 0x00, 0x0A,
    0x00, 0x00, 0x00, 0x00, 0x00, 0x00, 0x00, 0x0A,
    0x00, 0x00, 0x00, 0x00, 0x00, 0x00, 0x00, 0x0A,
    0x00, 0x00, 0x00, 0x00, 0x00, 0x00, 0x0A, 0x0A,
    0x00, 0x00, 0x00, 0x00, 0x00, 0x00, 0x00, 0x0A,

    0x0A, 0x05, 0x05, 0x05, 0x05, 0x0A, 0x00, 0x00,
    0x05, 0x0A, 0x0A, 0x0A, 0x0A, 0x0A, 0x00, 0x00,
    0x05, 0x0A, 0x00, 0x00, 0x0A, 0x00, 0x00, 0x00,
    0x05, 0x0A, 0x00, 0x00, 0x00, 0x00, 0x00, 0x00,
    0x05, 0x0A, 0x00, 0x00, 0x00, 0x00, 0x00, 0x00,
    0x05, 0x0A, 0x00, 0x00, 0x00, 0x00, 0x00, 0x00,
    0x05, 0x0A, 0x0A, 0x00, 0x00, 0x00, 0x00, 0x00,
    0x0A, 0x0A, 0x00, 0x00, 0x00, 0x00, 0x00, 0x00,

    // Tile 420 (60,5)
    0x00, 0x00, 0x00, 0x0A, 0x05, 0x05, 0x05, 0x05,
    0x00, 0x00, 0x00, 0x0A, 0x0A, 0x0A, 0x0A, 0x0A,
    0x00, 0x00, 0x00, 0x00, 0x0A, 0x00, 0x00, 0x0A,
    0x00, 0x00, 0x00, 0x00, 0x00, 0x00, 0x00, 0x0A,
    0x00, 0x00, 0x00, 0x00, 0x00, 0x00, 0x00, 0x0A,
    0x00, 0x00, 0x00, 0x00, 0x00, 0x00, 0x00, 0x0A,
    0x00, 0x00, 0x00, 0x00, 0x00, 0x00, 0x0A, 0x0A,
    0x00, 0x00, 0x00, 0x00, 0x00, 0x00, 0x00, 0x0A,

    0x0A, 0x05, 0x05, 0x05, 0x05, 0x0A, 0x00, 0x00,
    0x05, 0x0A, 0x0A, 0x0A, 0x0A, 0x0A, 0x00, 0x00,
    0x05, 0x0A, 0x00, 0x00, 0x0A, 0x00, 0x00, 0x00,
    0x05, 0x0A, 0x00, 0x00, 0x00, 0x00, 0x00, 0x00,
    0x05, 0x0A, 0x00, 0x00, 0x00, 0x00, 0x00, 0x00,
    0x05, 0x0A, 0x00, 0x00, 0x00, 0x00, 0x00, 0x00,
    0x05, 0x0A, 0x0A, 0x00, 0x00, 0x00, 0x00, 0x00,
    0x0A, 0x0A, 0x00, 0x00, 0x00, 0x00, 0x00, 0x00,

    0x00, 0x00, 0x00, 0x05, 0x08, 0x08, 0x08, 0x08,
    0x00, 0x00, 0x00, 0x05, 0x05, 0x05, 0x05, 0x05,
    0x00, 0x00, 0x00, 0x00, 0x05, 0x00, 0x00, 0x05,
    0x00, 0x00, 0x00, 0x00, 0x00, 0x00, 0x00, 0x05,
    0x00, 0x00, 0x00, 0x00, 0x00, 0x00, 0x00, 0x05,
    0x00, 0x00, 0x00, 0x00, 0x00, 0x00, 0x00, 0x05,
    0x00, 0x00, 0x00, 0x00, 0x00, 0x00, 0x05, 0x05,
    0x00, 0x00, 0x00, 0x00, 0x00, 0x00, 0x00, 0x05,

    0x0A, 0x08, 0x08, 0x08, 0x08, 0x05, 0x00, 0x00,
    0x08, 0x05, 0x05, 0x05, 0x05, 0x05, 0x00, 0x00,
    0x08, 0x05, 0x00, 0x00, 0x05, 0x00, 0x00, 0x00,
    0x08, 0x05, 0x00, 0x00, 0x00, 0x00, 0x00, 0x00,
    0x08, 0x05, 0x00, 0x00, 0x00, 0x00, 0x00, 0x00,
    0x08, 0x05, 0x00, 0x00, 0x00, 0x00, 0x00, 0x00,
    0x08, 0x05, 0x05, 0x00, 0x00, 0x00, 0x00, 0x00,
    0x05, 0x05, 0x00, 0x00, 0x00, 0x00, 0x00, 0x00,

    // Tile 424 (64,5)
    0x00, 0x00, 0x08, 0x0A, 0x0A, 0x0A, 0x0A, 0x0A,
    0x00, 0x00, 0x00, 0x08, 0x0A, 0x0A, 0x0A, 0x0A,
    0x00, 0x00, 0x00, 0x08, 0x0A, 0x0A, 0x0A, 0x0A,
    0x00, 0x00, 0x00, 0x00, 0x08, 0x08, 0x0A, 0x0A,
    0x00, 0x00, 0x00, 0x00, 0x00, 0x00, 0x08, 0x08,
    0x00, 0x00, 0x00, 0x00, 0x00, 0x00, 0x00, 0x0A,
    0x00, 0x00, 0x00, 0x00, 0x00, 0x00, 0x0A, 0x0A,
    0x00, 0x00, 0x00, 0x00, 0x0A, 0x0A, 0x0A, 0x0A,

    0x0A, 0x0A, 0x0A, 0x0A, 0x08, 0x00, 0x00, 0x0A,
    0x0A, 0x0A, 0x0A, 0x08, 0x00, 0x00, 0x0A, 0x00,
    0x0A, 0x0A, 0x0A, 0x08, 0x0A, 0x0A, 0x00, 0x00,
    0x0A, 0x08, 0x08, 0x00, 0x00, 0x00, 0x00, 0x00,
    0x08, 0x00, 0x00, 0x00, 0x00, 0x00, 0x00, 0x00,
    0x00, 0x00, 0x00, 0x00, 0x00, 0x00, 0x00, 0x00,
    0x0A, 0x00, 0x00, 0x00, 0x00, 0x00, 0x00, 0x00,
    0x0A, 0x0A, 0x0A, 0x00, 0x00, 0x00, 0x00, 0x00,

    0x00, 0x00, 0x08, 0x0A, 0x0A, 0x0A, 0x0A, 0x0A,
    0x00, 0x00, 0x00, 0x08, 0x0A, 0x0A, 0x0A, 0x0A,
    0x00, 0x00, 0x00, 0x08, 0x0A, 0x0A, 0x0A, 0x0A,
    0x00, 0x00, 0x00, 0x00, 0x08, 0x08, 0x0A, 0x0A,
    0x00, 0x00, 0x00, 0x00, 0x00, 0x00, 0x08, 0x08,
    0x00, 0x00, 0x00, 0x00, 0x00, 0x00, 0x00, 0x0A,
    0x00, 0x00, 0x00, 0x00, 0x00, 0x00, 0x0A, 0x0A,
    0x00, 0x00, 0x00, 0x00, 0x0A, 0x0A, 0x0A, 0x0A,

    0x0A, 0x0A, 0x0A, 0x0A, 0x08, 0x00, 0x00, 0x0A,
    0x0A, 0x0A, 0x0A, 0x08, 0x00, 0x00, 0x0A, 0x00,
    0x0A, 0x0A, 0x0A, 0x08, 0x0A, 0x0A, 0x00, 0x00,
    0x0A, 0x08, 0x08, 0x00, 0x00, 0x00, 0x00, 0x00,
    0x08, 0x00, 0x00, 0x00, 0x00, 0x00, 0x00, 0x00,
    0x00, 0x00, 0x00, 0x00, 0x00, 0x00, 0x00, 0x00,
    0x0A, 0x00, 0x00, 0x00, 0x00, 0x00, 0x00, 0x00,
    0x0A, 0x0A, 0x0A, 0x00, 0x00, 0x00, 0x00, 0x00,

    // Tile 428 (68,5)
    0x00, 0x00, 0x03, 0x05, 0x05, 0x05, 0x05, 0x05,
    0x00, 0x00, 0x00, 0x03, 0x05, 0x05, 0x05, 0x05,
    0x00, 0x00, 0x00, 0x03, 0x05, 0x05, 0x05, 0x05,
    0x00, 0x00, 0x00, 0x00, 0x03, 0x03, 0x05, 0x05,
    0x00, 0x00, 0x00, 0x00, 0x00, 0x00, 0x03, 0x03,
    0x00, 0x00, 0x00, 0x00, 0x00, 0x00, 0x00, 0x05,
    0x00, 0x00, 0x00, 0x00, 0x00, 0x00, 0x05, 0x05,
    0x00, 0x00, 0x00, 0x00, 0x05, 0x05, 0x05, 0x05,

    0x05, 0x05, 0x05, 0x05, 0x03, 0x00, 0x00, 0x05,
    0x05, 0x05, 0x05, 0x03, 0x00, 0x00, 0x05, 0x00,
    0x05, 0x05, 0x05, 0x03, 0x05, 0x05, 0x00, 0x00,
    0x05, 0x03, 0x03, 0x00, 0x00, 0x00, 0x00, 0x00,
    0x03, 0x00, 0x00, 0x00, 0x00, 0x00, 0x00, 0x00,
    0x00, 0x00, 0x00, 0x00, 0x00, 0x00, 0x00, 0x00,
    0x05, 0x00, 0x00, 0x00, 0x00, 0x00, 0x00, 0x00,
    0x05, 0x05, 0x05, 0x00, 0x00, 0x00, 0x00, 0x00,

    0x00, 0x00, 0x07, 0x0A, 0x0A, 0x0A, 0x0A, 0x0A,
    0x00, 0x00, 0x00, 0x07, 0x0A, 0x0A, 0x0A, 0x0A,
    0x00, 0x00, 0x00, 0x07, 0x0A, 0x0A, 0x0A, 0x0A,
    0x00, 0x00, 0x00, 0x00, 0x07, 0x07, 0x0A, 0x0A,
    0x00, 0x00, 0x00, 0x00, 0x00, 0x00, 0x07, 0x07,
    0x00, 0x00, 0x00, 0x00, 0x00, 0x00, 0x00, 0x0A,
    0x00, 0x00, 0x00, 0x00, 0x00, 0x00, 0x0A, 0x0A,
    0x00, 0x00, 0x00, 0x00, 0x0A, 0x0A, 0x0A, 0x0A,

    0x0A, 0x0A, 0x0A, 0x0A, 0x07, 0x00, 0x00, 0x0A,
    0x0A, 0x0A, 0x0A, 0x07, 0x00, 0x00, 0x0A, 0x00,
    0x0A, 0x0A, 0x0A, 0x07, 0x0A, 0x0A, 0x00, 0x00,
    0x0A, 0x07, 0x07, 0x00, 0x00, 0x00, 0x00, 0x00,
    0x07, 0x00, 0x00, 0x00, 0x00, 0x00, 0x00, 0x00,
    0x00, 0x00, 0x00, 0x00, 0x00, 0x00, 0x00, 0x00,
    0x0A, 0x00, 0x00, 0x00, 0x00, 0x00, 0x00, 0x00,
    0x0A, 0x0A, 0x0A, 0x00, 0x00, 0x00, 0x00, 0x00,

    // Tile 432 (0,6)
    0x00, 0x00, 0x00, 0x00, 0x00, 0x00, 0x00, 0x00,
    0x00, 0x00, 0x00, 0x00, 0x07, 0x07, 0x07, 0x07,
    0x00, 0x00, 0x0E, 0x0E, 0x0E, 0x0E, 0x0E, 0x0E,
    0x00, 0x0E, 0x07, 0x07, 0x07, 0x07, 0x07, 0x07,
    0x0E, 0x07, 0x0E, 0x0E, 0x0E, 0x0E, 0x0E, 0x0E,
    0x07, 0x0E, 0x0A, 0x0A, 0x0A, 0x0A, 0x0A, 0x0A,
    0x07, 0x07, 0x07, 0x07, 0x07, 0x07, 0x07, 0x07,
    0x0E, 0x0E, 0x0E, 0x0E, 0x0E, 0x0E, 0x0E, 0x0E,

    0x00, 0x00, 0x00, 0x00, 0x00, 0x00, 0x00, 0x00,
    0x07, 0x07, 0x07, 0x07, 0x00, 0x00, 0x00, 0x00,
    0x0A, 0x0A, 0x0A, 0x0A, 0x0A, 0x07, 0x00, 0x00,
    0x0E, 0x0A, 0x0A, 0x0A, 0x0A, 0x0A, 0x07, 0x00,
    0x07, 0x0E, 0x0A, 0x0A, 0x0A, 0x0A, 0x0A, 0x07,
    0x0E, 0x07, 0x0E, 0x0E, 0x0E, 0x0E, 0x0E, 0x0E,
    0x07, 0x0E, 0x07, 0x07, 0x07, 0x07, 0x07, 0x07,
    0x0E, 0x0E, 0x0A, 0x0A, 0x0A, 0x0A, 0x0A, 0x0A,

    0x00, 0x00, 0x00, 0x00, 0x00, 0x00, 0x00, 0x00,
    0x00, 0x00, 0x00, 0x00, 0x0B, 0x0B, 0x0B, 0x0B,
    0x00, 0x00, 0x0A, 0x0F, 0x0F, 0x0F, 0x0F, 0x0F,
    0x00, 0x0A, 0x05, 0x05, 0x05, 0x05, 0x05, 0x05,
    0x0A, 0x05, 0x0A, 0x0A, 0x0A, 0x0A, 0x0A, 0x0A,
    0x05, 0x0A, 0x0B, 0x0B, 0x0B, 0x0B, 0x0B, 0x0B,
    0x05, 0x05, 0x05, 0x05, 0x05, 0x05, 0x05, 0x05,
    0x0A, 0x0B, 0x0B, 0x0B, 0x0B, 0x0B, 0x0B, 0x0B,

    0x00, 0x00, 0x00, 0x00, 0x00, 0x00, 0x00, 0x00,
    0x0B, 0x0B, 0x0B, 0x0B, 0x00, 0x00, 0x00, 0x00,
    0x0A, 0x0B, 0x0B, 0x0B, 0x0B, 0x0B, 0x00, 0x00,
    0x0F, 0x0A, 0x0B, 0x0B, 0x0B, 0x0B, 0x0B, 0x00,
    0x05, 0x0F, 0x0A, 0x0B, 0x0B, 0x0B, 0x0B, 0x0B,
    0x0A, 0x05, 0x0F, 0x0A, 0x0A, 0x0A, 0x0A, 0x0A,
    0x05, 0x0A, 0x05, 0x05, 0x05, 0x05, 0x05, 0x05,
    0x0B, 0x0A, 0x05, 0x08, 0x08, 0x08, 0x08, 0x08,

    // Tile 436 (4,6)
    0x00, 0x00, 0x00, 0x00, 0x00, 0x00, 0x00, 0x00,
    0x00, 0x00, 0x00, 0x00, 0x0A, 0x0A, 0x0A, 0x0A,
    0x00, 0x00, 0x08, 0x09, 0x09, 0x09, 0x09, 0x09,
    0x00, 0x08, 0x02, 0x02, 0x02, 0x02, 0x02, 0x02,
    0x08, 0x03, 0x08, 0x08, 0x08, 0x08, 0x08, 0x08,
    0x03, 0x08, 0x07, 0x07, 0x07, 0x07, 0x07, 0x07,
    0x02, 0x02, 0x02, 0x02, 0x02, 0x02, 0x02, 0x02,
    0x08, 0x08, 0x08, 0x08, 0x08, 0x08, 0x08, 0x08,

    0x00, 0x00, 0x00, 0x00, 0x00, 0x00, 0x00, 0x00,
    0x0A, 0x0A, 0x0A, 0x0A, 0x00, 0x00, 0x00, 0x00,
    0x08, 0x0A, 0x0A, 0x0A, 0x0A, 0x0A, 0x00, 0x00,
    0x09, 0x08, 0x0A, 0x0A, 0x0A, 0x0A, 0x0A, 0x00,
    0x02, 0x09, 0x08, 0x0A, 0x0A, 0x0A, 0x0A, 0x0A,
    0x08, 0x02, 0x09, 0x08, 0x08, 0x08, 0x08, 0x08,
    0x02, 0x08, 0x02, 0x02, 0x02, 0x02, 0x02, 0x02,
    0x09, 0x09, 0x02, 0x03, 0x03, 0x03, 0x03, 0x03,

    0x00, 0x00, 0x00, 0x00, 0x00, 0x00, 0x00, 0x00,
    0x00, 0x00, 0x00, 0x00, 0x09, 0x09, 0x09, 0x09,
    0x00, 0x00, 0x0A, 0x0F, 0x0F, 0x0F, 0x0F, 0x0F,
    0x00, 0x0A, 0x08, 0x08, 0x08, 0x08, 0x08, 0x08,
    0x0A, 0x08, 0x0A, 0x0A, 0x0A, 0x0A, 0x0A, 0x0A,
    0x08, 0x0A, 0x09, 0x09, 0x09, 0x09, 0x09, 0x09,
    0x05, 0x05, 0x05, 0x05, 0x05, 0x05, 0x05, 0x05,
    0x0A, 0x09, 0x09, 0x09, 0x09, 0x09, 0x09, 0x09,

    0x00, 0x00, 0x00, 0x00, 0x00, 0x00, 0x00, 0x00,
    0x09, 0x09, 0x09, 0x09, 0x00, 0x00, 0x00, 0x00,
    0x0A, 0x09, 0x09, 0x09, 0x09, 0x09, 0x00, 0x00,
    0x0F, 0x0A, 0x09, 0x09, 0x09, 0x09, 0x09, 0x00,
    0x08, 0x0F, 0x0A, 0x09, 0x09, 0x09, 0x09, 0x09,
    0x0A, 0x08, 0x0F, 0x0A, 0x0A, 0x0A, 0x0A, 0x0A,
    0x05, 0x0A, 0x05, 0x05, 0x05, 0x05, 0x05, 0x05,
    0x09, 0x0A, 0x05, 0x08, 0x08, 0x08, 0x08, 0x08,

    // Tile 440 (8,6)
    0x00, 0x00, 0x00, 0x00, 0x00, 0x00, 0x00, 0x00,
    0x00, 0x00, 0x00, 0x00, 0x09, 0x09, 0x09, 0x09,
    0x00, 0x00, 0x0B, 0x0F, 0x0F, 0x0F, 0x0F, 0x0F,
    0x00, 0x09, 0x09, 0x09, 0x09, 0x09, 0x09, 0x09,
    0x09, 0x09, 0x09, 0x09, 0x09, 0x09, 0x09, 0x09,
    0x09, 0x09, 0x0B, 0x0B, 0x0B, 0x0B, 0x0B, 0x0B,
    0x09, 0x09, 0x09, 0x09, 0x09, 0x09, 0x09, 0x09,
    0x09, 0x0B, 0x0B, 0x0B, 0x0B, 0x0B, 0x0B, 0x0B,

    0x00, 0x00, 0x00, 0x00, 0x00, 0x00, 0x00, 0x00,
    0x09, 0x09, 0x09, 0x09, 0x00, 0x00, 0x00, 0x00,
    0x0B, 0x0B, 0x0B, 0x0B, 0x09, 0x09, 0x00, 0x00,
    0x0F, 0x0B, 0x0B, 0x0B, 0x0B, 0x0B, 0x09, 0x00,
    0x09, 0x0F, 0x0B, 0x0B, 0x0B, 0x0B, 0x0B, 0x09,
    0x09, 0x09, 0x0F, 0x09, 0x09, 0x09, 0x09, 0x09,
    0x09, 0x09, 0x08, 0x08, 0x08, 0x08, 0x08, 0x08,
    0x0B, 0x0F, 0x09, 0x09, 0x09, 0x09, 0x09, 0x09,

    0x00, 0x00, 0x00, 0x00, 0x00, 0x00, 0x00, 0x00,
    0x00, 0x00, 0x00, 0x00, 0x00, 0x00, 0x00, 0x0F,
    0x00, 0x00, 0x00, 0x00, 0x00, 0x00, 0x0F, 0x0F,
    0x00, 0x00, 0x00, 0x00, 0x00, 0x00, 0x0F, 0x0F,
    0x00, 0x00, 0x00, 0x00, 0x00, 0x00, 0x0A, 0x0F,
    0x00, 0x00, 0x00, 0x00, 0x00, 0x00, 0x00, 0x0A,
    0x00, 0x00, 0x00, 0x00, 0x00, 0x00, 0x00, 0x00,
    0x00, 0x00, 0x00, 0x00, 0x00, 0x0F, 0x0F, 0x00,

    0x0F, 0x0F, 0x0F, 0x0A, 0x00, 0x00, 0x00, 0x00,
    0x0F, 0x0F, 0x0F, 0x0F, 0x0A, 0x00, 0x00, 0x00,
    0x0F, 0x0A, 0x0F, 0x0F, 0x0F, 0x0A, 0x00, 0x00,
    0x0A, 0x00, 0x0A, 0x0F, 0x0F, 0x0A, 0x00, 0x00,
    0x0F, 0x0A, 0x00, 0x0A, 0x0F, 0x0A, 0x00, 0x00,
    0x0A, 0x0A, 0x00, 0x0A, 0x0F, 0x0A, 0x00, 0x00,
    0x00, 0x00, 0x0A, 0x0F, 0x0F, 0x00, 0x00, 0x00,
    0x0A, 0x0F, 0x0F, 0x0F, 0x0A, 0x00, 0x00, 0x00,

    // Tile 444 (12,6)
    0x00, 0x00, 0x00, 0x00, 0x00, 0x00, 0x00, 0x00,
    0x00, 0x00, 0x00, 0x00, 0x00, 0x00, 0x00, 0x00,
    0x00, 0x00, 0x00, 0x00, 0x00, 0x00, 0x00, 0x0B,
    0x00, 0x00, 0x00, 0x00, 0x00, 0x00, 0x00, 0x0B,
    0x00, 0x00, 0x00, 0x00, 0x00, 0x00, 0x00, 0x0B,
    0x00, 0x00, 0x00, 0x00, 0x00, 0x00, 0x00, 0x00,
    0x00, 0x00, 0x00, 0x00, 0x00, 0x00, 0x00, 0x00,
    0x00, 0x00, 0x00, 0x00, 0x00, 0x00, 0x08, 0x08,

    0x00, 0x0B, 0x0B, 0x0B, 0x0B, 0x00, 0x00, 0x00,
    0x0B, 0x0F, 0x0F, 0x0F, 0x0A, 0x0B, 0x00, 0x00,
    0x0F, 0x0A, 0x0A, 0x0A, 0x0F, 0x0A, 0x0B, 0x00,
    0x0F, 0x0A, 0x00, 0x0B, 0x0A, 0x0A, 0x0B, 0x00,
    0x0A, 0x0A, 0x0B, 0x00, 0x0B, 0x0A, 0x0B, 0x00,
    0x0B, 0x0B, 0x0B, 0x00, 0x0B, 0x0A, 0x0B, 0x00,
    0x00, 0x00, 0x00, 0x0B, 0x0A, 0x0B, 0x00, 0x00,
    0x00, 0x0B, 0x0B, 0x0A, 0x0A, 0x0B, 0x00, 0x00,

    0x00, 0x00, 0x00, 0x00, 0x00, 0x00, 0x00, 0x00,
    0x00, 0x00, 0x00, 0x00, 0x00, 0x00, 0x00, 0x07,
    0x00, 0x00, 0x00, 0x00, 0x00, 0x00, 0x07, 0x0A,
    0x00, 0x00, 0x00, 0x00, 0x00, 0x00, 0x07, 0x0C,
    0x00, 0x00, 0x00, 0x00, 0x00, 0x00, 0x07, 0x07,
    0x00, 0x00, 0x00, 0x00, 0x00, 0x00, 0x00, 0x07,
    0x00, 0x00, 0x00, 0x00, 0x00, 0x00, 0x0C, 0x00,
    0x00, 0x00, 0x00, 0x00, 0x08, 0x0C, 0x00, 0x00,

    0x07, 0x07, 0x07, 0x07, 0x00, 0x00, 0x00, 0x00,
    0x08, 0x0C, 0x0A, 0x08, 0x07, 0x00, 0x00, 0x00,
    0x07, 0x07, 0x07, 0x08, 0x07, 0x07, 0x00, 0x00,
    0x07, 0x00, 0x07, 0x07, 0x08, 0x07, 0x00, 0x00,
    0x07, 0x07, 0x00, 0x07, 0x07, 0x07, 0x00, 0x00,
    0x07, 0x07, 0x00, 0x07, 0x07, 0x07, 0x00, 0x00,
    0x00, 0x00, 0x07, 0x07, 0x07, 0x00, 0x00, 0x00,
    0x07, 0x07, 0x0C, 0x07, 0x07, 0x00, 0x00, 0x00,

    // Tile 448 (16,6)
    0x00, 0x00, 0x00, 0x00, 0x00, 0x00, 0x00, 0x00,
    0x00, 0x00, 0x00, 0x00, 0x00, 0x00, 0x00, 0x00,
    0x00, 0x00, 0x00, 0x00, 0x00, 0x00, 0x00, 0x08,
    0x00, 0x00, 0x00, 0x00, 0x00, 0x00, 0x00, 0x08,
    0x00, 0x00, 0x00, 0x00, 0x00, 0x00, 0x00, 0x08,
    0x00, 0x00, 0x00, 0x00, 0x00, 0x00, 0x00, 0x00,
    0x00, 0x00, 0x00, 0x00, 0x00, 0x00, 0x00, 0x00,
    0x00, 0x00, 0x00, 0x00, 0x00, 0x00, 0x05, 0x05,

    0x00, 0x08, 0x08, 0x08, 0x08, 0x00, 0x00, 0x00,
    0x08, 0x0A, 0x0C, 0x0C, 0x08, 0x08, 0x00, 0x00,
    0x0A, 0x08, 0x08, 0x08, 0x0C, 0x08, 0x08, 0x00,
    0x0C, 0x08, 0x00, 0x08, 0x08, 0x08, 0x08, 0x00,
    0x08, 0x08, 0x08, 0x00, 0x08, 0x08, 0x08, 0x00,
    0x08, 0x08, 0x08, 0x00, 0x08, 0x08, 0x08, 0x00,
    0x00, 0x00, 0x00, 0x08, 0x08, 0x08, 0x00, 0x00,
    0x00, 0x08, 0x08, 0x08, 0x08, 0x08, 0x00, 0x00,

    0x00, 0x00, 0x00, 0x00, 0x00, 0x00, 0x00, 0x00,
    0x00, 0x00, 0x00, 0x00, 0x00, 0x00, 0x00, 0x06,
    0x00, 0x00, 0x00, 0x00, 0x00, 0x00, 0x06, 0x0A,
    0x00, 0x00, 0x00, 0x00, 0x00, 0x00, 0x06, 0x0A,
    0x00, 0x00, 0x00, 0x00, 0x00, 0x00, 0x06, 0x06,
    0x00, 0x00, 0x00, 0x00, 0x00, 0x00, 0x00, 0x06,
    0x00, 0x00, 0x00, 0x00, 0x00, 0x00, 0x00, 0x00,
    0x00, 0x00, 0x00, 0x00, 0x00, 0x05, 0x05, 0x00,

    0x06, 0x06, 0x06, 0x06, 0x00, 0x00, 0x00, 0x00,
    0x0A, 0x0A, 0x0A, 0x06, 0x06, 0x00, 0x00, 0x00,
    0x06, 0x06, 0x06, 0x0A, 0x06, 0x06, 0x00, 0x00,
    0x06, 0x00, 0x06, 0x06, 0x06, 0x06, 0x00, 0x00,
    0x06, 0x06, 0x00, 0x06, 0x06, 0x06, 0x00, 0x00,
    0x06, 0x06, 0x00, 0x06, 0x06, 0x06, 0x00, 0x00,
    0x00, 0x00, 0x06, 0x06, 0x06, 0x00, 0x00, 0x00,
    0x06, 0x06, 0x06, 0x06, 0x06, 0x00, 0x00, 0x00,

    // Tile 452 (20,6)
    0x00, 0x00, 0x00, 0x00, 0x00, 0x00, 0x00, 0x00,
    0x00, 0x00, 0x00, 0x00, 0x00, 0x00, 0x00, 0x08,
    0x00, 0x00, 0x00, 0x00, 0x00, 0x00, 0x08, 0x0F,
    0x00, 0x00, 0x00, 0x00, 0x00, 0x00, 0x08, 0x0F,
    0x00, 0x00, 0x00, 0x00, 0x00, 0x00, 0x08, 0x08,
    0x00, 0x00, 0x00, 0x00, 0x00, 0x00, 0x00, 0x08,
    0x00, 0x00, 0x00, 0x00, 0x00, 0x00, 0x00, 0x00,
    0x00, 0x00, 0x00, 0x00, 0x00, 0x08, 0x08, 0x00,

    0x08, 0x08, 0x08, 0x08, 0x00, 0x00, 0x00, 0x00,
    0x0F, 0x0F, 0x09, 0x08, 0x08, 0x00, 0x00, 0x00,
    0x08, 0x08, 0x08, 0x09, 0x08, 0x08, 0x00, 0x00,
    0x08, 0x00, 0x08, 0x08, 0x08, 0x08, 0x00, 0x00,
    0x08, 0x08, 0x00, 0x08, 0x08, 0x08, 0x00, 0x00,
    0x08, 0x08, 0x00, 0x08, 0x08, 0x08, 0x00, 0x00,
    0x00, 0x00, 0x08, 0x08, 0x08, 0x00, 0x00, 0x00,
    0x08, 0x08, 0x08, 0x08, 0x08, 0x00, 0x00, 0x00,

    0x00, 0x00, 0x00, 0x00, 0x00, 0x00, 0x00, 0x09,
    0x00, 0x00, 0x00, 0x00, 0x00, 0x00, 0x09, 0x00,
    0x00, 0x00, 0x00, 0x00, 0x00, 0x09, 0x09, 0x00,
    0x00, 0x00, 0x00, 0x00, 0x09, 0x09, 0x0B, 0x0B,
    0x00, 0x00, 0x00, 0x09, 0x0B, 0x0B, 0x0B, 0x0B,
    0x00, 0x00, 0x00, 0x09, 0x0B, 0x0F, 0x0F, 0x0B,
    0x00, 0x00, 0x09, 0x0B, 0x0F, 0x0F, 0x0F, 0x0F,
    0x00, 0x00, 0x09, 0x0B, 0x0B, 0x0F, 0x0F, 0x0B,

    0x09, 0x00, 0x00, 0x00, 0x00, 0x00, 0x00, 0x00,
    0x00, 0x09, 0x00, 0x00, 0x00, 0x00, 0x00, 0x00,
    0x00, 0x09, 0x09, 0x00, 0x00, 0x00, 0x00, 0x00,
    0x0B, 0x0B, 0x09, 0x09, 0x00, 0x00, 0x00, 0x00,
    0x0B, 0x0B, 0x0B, 0x09, 0x09, 0x00, 0x00, 0x00,
    0x0B, 0x0B, 0x0B, 0x0B, 0x09, 0x00, 0x00, 0x00,
    0x0B, 0x0B, 0x0B, 0x0B, 0x09, 0x09, 0x00, 0x00,
    0x0B, 0x0B, 0x0B, 0x0B, 0x09, 0x09, 0x00, 0x00,

    // Tile 456 (24,6)
    0x00, 0x00, 0x00, 0x00, 0x00, 0x0F, 0x0F, 0x05,
    0x00, 0x00, 0x00, 0x00, 0x05, 0x05, 0x0F, 0x0F,
    0x00, 0x00, 0x00, 0x05, 0x0F, 0x0F, 0x0F, 0x0F,
    0x00, 0x00, 0x00, 0x0F, 0x05, 0x05, 0x05, 0x05,
    0x00, 0x00, 0x00, 0x05, 0x05, 0x0F, 0x0F, 0x05,
    0x00, 0x00, 0x00, 0x05, 0x0F, 0x0F, 0x00, 0x0F,
    0x00, 0x00, 0x00, 0x05, 0x0F, 0x00, 0x00, 0x0F,
    0x00, 0x00, 0x00, 0x05, 0x05, 0x0F, 0x0F, 0x05,

    0x0F, 0x0F, 0x00, 0x00, 0x00, 0x00, 0x00, 0x00,
    0x0F, 0x05, 0x05, 0x00, 0x00, 0x00, 0x00, 0x00,
    0x0F, 0x0F, 0x0F, 0x05, 0x00, 0x00, 0x00, 0x00,
    0x05, 0x05, 0x05, 0x0F, 0x00, 0x00, 0x00, 0x00,
    0x0F, 0x0F, 0x05, 0x05, 0x00, 0x00, 0x00, 0x00,
    0x0F, 0x00, 0x0F, 0x05, 0x00, 0x00, 0x00, 0x00,
    0x00, 0x00, 0x0F, 0x05, 0x00, 0x00, 0x00, 0x00,
    0x0F, 0x0F, 0x05, 0x05, 0x00, 0x00, 0x00, 0x00,

    0x00, 0x00, 0x00, 0x00, 0x00, 0x00, 0x00, 0x00,
    0x00, 0x00, 0x00, 0x00, 0x00, 0x00, 0x00, 0x00,
    0x00, 0x00, 0x00, 0x00, 0x00, 0x00, 0x00, 0x00,
    0x00, 0x00, 0x00, 0x00, 0x00, 0x00, 0x00, 0x00,
    0x00, 0x00, 0x00, 0x0B, 0x03, 0x00, 0x00, 0x00,
    0x00, 0x00, 0x0B, 0x08, 0x08, 0x03, 0x00, 0x00,
    0x00, 0x00, 0x0B, 0x08, 0x03, 0x08, 0x03, 0x00,
    0x00, 0x00, 0x00, 0x0B, 0x08, 0x08, 0x08, 0x03,

    0x00, 0x00, 0x00, 0x00, 0x00, 0x00, 0x00, 0x00,
    0x00, 0x00, 0x00, 0x00, 0x00, 0x00, 0x00, 0x00,
    0x00, 0x00, 0x00, 0x00, 0x00, 0x00, 0x00, 0x00,
    0x00, 0x00, 0x00, 0x00, 0x00, 0x00, 0x00, 0x00,
    0x00, 0x00, 0x00, 0x0B, 0x0B, 0x00, 0x00, 0x00,
    0x00, 0x00, 0x0B, 0x08, 0x08, 0x0B, 0x00, 0x00,
    0x00, 0x0B, 0x08, 0x03, 0x08, 0x03, 0x00, 0x00,
    0x0B, 0x08, 0x08, 0x08, 0x03, 0x00, 0x00, 0x00,

    // Tile 460 (28,6)
    0x00, 0x00, 0x00, 0x0A, 0x0F, 0x0A, 0x00, 0x00,
    0x00, 0x00, 0x0A, 0x0A, 0x0A, 0x0A, 0x0A, 0x00,
    0x00, 0x00, 0x0A, 0x00, 0x00, 0x0A, 0x0A, 0x00,
    0x00, 0x00, 0x00, 0x00, 0x00, 0x0A, 0x00, 0x00,
    0x00, 0x00, 0x00, 0x00, 0x0A, 0x0A, 0x00, 0x00,
    0x00, 0x00, 0x00, 0x0A, 0x0A, 0x00, 0x0A, 0x0A,
    0x00, 0x00, 0x00, 0x0A, 0x0A, 0x0A, 0x0A, 0x0A,
    0x00, 0x00, 0x00, 0x0A, 0x0A, 0x0A, 0x00, 0x0A,

    0x00, 0x00, 0x00, 0x00, 0x00, 0x00, 0x00, 0x00,
    0x00, 0x00, 0x00, 0x00, 0x00, 0x00, 0x00, 0x00,
    0x00, 0x00, 0x00, 0x00, 0x00, 0x00, 0x00, 0x00,
    0x00, 0x00, 0x00, 0x00, 0x00, 0x00, 0x00, 0x00,
    0x0A, 0x0A, 0x0A, 0x0A, 0x00, 0x00, 0x00, 0x00,
    0x0A, 0x0A, 0x0A, 0x0A, 0x0A, 0x00, 0x00, 0x00,
    0x0A, 0x0A, 0x0A, 0x0A, 0x0A, 0x0A, 0x00, 0x00,
    0x00, 0x0A, 0x0A, 0x0A, 0x0A, 0x0A, 0x0A, 0x00,

    0x00, 0x00, 0x00, 0x00, 0x00, 0x00, 0x00, 0x00,
    0x00, 0x00, 0x00, 0x00, 0x00, 0x00, 0x00, 0x00,
    0x00, 0x00, 0x00, 0x00, 0x00, 0x00, 0x00, 0x00,
    0x00, 0x00, 0x00, 0x00, 0x00, 0x00, 0x00, 0x00,
    0x00, 0x00, 0x00, 0x00, 0x00, 0x00, 0x00, 0x0A,
    0x00, 0x00, 0x00, 0x00, 0x00, 0x00, 0x0A, 0x0F,
    0x00, 0x00, 0x00, 0x00, 0x00, 0x0A, 0x0A, 0x0A,
    0x00, 0x00, 0x00, 0x00, 0x00, 0x00, 0x0A, 0x0A,

    0x00, 0x00, 0x00, 0x00, 0x00, 0x00, 0x00, 0x00,
    0x00, 0x00, 0x00, 0x00, 0x00, 0x00, 0x00, 0x00,
    0x00, 0x00, 0x00, 0x00, 0x00, 0x00, 0x00, 0x00,
    0x00, 0x00, 0x00, 0x00, 0x00, 0x00, 0x00, 0x00,
    0x00, 0x00, 0x00, 0x00, 0x00, 0x00, 0x00, 0x00,
    0x0A, 0x00, 0x00, 0x00, 0x00, 0x00, 0x00, 0x00,
    0x0A, 0x0A, 0x00, 0x00, 0x00, 0x00, 0x00, 0x00,
    0x0A, 0x0A, 0x00, 0x00, 0x00, 0x00, 0x00, 0x00,

    // Tile 464 (32,6)
    0x00, 0x00, 0x00, 0x00, 0x00, 0x00, 0x00, 0x00,
    0x00, 0x00, 0x00, 0x09, 0x0F, 0x0F, 0x0F, 0x0F,
    0x00, 0x00, 0x00, 0x09, 0x00, 0x00, 0x0F, 0x00,
    0x00, 0x00, 0x00, 0x09, 0x00, 0x00, 0x0F, 0x00,
    0x00, 0x00, 0x00, 0x09, 0x00, 0x00, 0x0F, 0x00,
    0x00, 0x00, 0x00, 0x09, 0x00, 0x0F, 0x0F, 0x0F,
    0x00, 0x00, 0x00, 0x09, 0x0F, 0x0F, 0x0F, 0x0F,
    0x00, 0x00, 0x00, 0x09, 0x05, 0x0A, 0x0F, 0x0A,

    0x00, 0x00, 0x00, 0x00, 0x00, 0x00, 0x00, 0x00,
    0x0F, 0x0F, 0x09, 0x09, 0x00, 0x00, 0x00, 0x00,
    0x00, 0x00, 0x00, 0x09, 0x00, 0x00, 0x00, 0x00,
    0x00, 0x00, 0x00, 0x09, 0x00, 0x00, 0x00, 0x00,
    0x0F, 0x00, 0x00, 0x09, 0x0A, 0x09, 0x00, 0x00,
    0x0F, 0x0F, 0x00, 0x09, 0x08, 0x08, 0x08, 0x00,
    0x0F, 0x0F, 0x09, 0x09, 0x00, 0x09, 0x08, 0x00,
    0x0A, 0x0A, 0x05, 0x08, 0x00, 0x09, 0x08, 0x00,

    0x00, 0x00, 0x00, 0x00, 0x00, 0x00, 0x00, 0x00,
    0x00, 0x00, 0x00, 0x00, 0x00, 0x00, 0x00, 0x00,
    0x00, 0x00, 0x00, 0x00, 0x00, 0x08, 0x08, 0x08,
    0x00, 0x00, 0x00, 0x00, 0x08, 0x03, 0x05, 0x03,
    0x00, 0x00, 0x00, 0x08, 0x05, 0x03, 0x05, 0x0A,
    0x00, 0x00, 0x00, 0x08, 0x03, 0x03, 0x05, 0x05,
    0x00, 0x00, 0x08, 0x05, 0x0A, 0x03, 0x03, 0x03,
    0x00, 0x00, 0x08, 0x03, 0x03, 0x05, 0x0A, 0x03,

    0x00, 0x00, 0x00, 0x00, 0x00, 0x00, 0x00, 0x00,
    0x00, 0x00, 0x00, 0x00, 0x00, 0x00, 0x00, 0x00,
    0x05, 0x08, 0x08, 0x00, 0x00, 0x00, 0x00, 0x00,
    0x03, 0x0A, 0x0B, 0x08, 0x00, 0x00, 0x00, 0x00,
    0x03, 0x0B, 0x03, 0x0B, 0x08, 0x00, 0x00, 0x00,
    0x03, 0x05, 0x03, 0x05, 0x08, 0x00, 0x00, 0x00,
    0x05, 0x03, 0x0A, 0x03, 0x03, 0x08, 0x00, 0x00,
    0x03, 0x03, 0x03, 0x05, 0x03, 0x08, 0x00, 0x00,

    // Tile 468 (36,6)
    0x00, 0x00, 0x00, 0x00, 0x00, 0x00, 0x09, 0x09,
    0x00, 0x00, 0x00, 0x00, 0x00, 0x09, 0x0A, 0x0A,
    0x00, 0x00, 0x00, 0x00, 0x00, 0x09, 0x0F, 0x0F,
    0x00, 0x00, 0x00, 0x00, 0x09, 0x0A, 0x0F, 0x0F,
    0x00, 0x00, 0x00, 0x00, 0x09, 0x0A, 0x0A, 0x0A,
    0x00, 0x00, 0x00, 0x00, 0x09, 0x0A, 0x0A, 0x0A,
    0x00, 0x00, 0x00, 0x00, 0x00, 0x09, 0x0A, 0x0A,
    0x00, 0x00, 0x00, 0x00, 0x0A, 0x09, 0x09, 0x09,

    0x09, 0x09, 0x00, 0x00, 0x00, 0x00, 0x00, 0x00,
    0x0A, 0x09, 0x09, 0x00, 0x00, 0x00, 0x00, 0x00,
    0x0A, 0x0A, 0x09, 0x00, 0x00, 0x00, 0x00, 0x00,
    0x0A, 0x0A, 0x09, 0x09, 0x00, 0x00, 0x00, 0x00,
    0x0A, 0x0A, 0x09, 0x09, 0x00, 0x00, 0x00, 0x00,
    0x0A, 0x0A, 0x09, 0x09, 0x00, 0x00, 0x00, 0x00,
    0x0A, 0x09, 0x09, 0x00, 0x00, 0x00, 0x00, 0x00,
    0x09, 0x09, 0x09, 0x07, 0x00, 0x00, 0x00, 0x00,

    0x00, 0x00, 0x00, 0x00, 0x00, 0x00, 0x00, 0x00,
    0x00, 0x00, 0x00, 0x00, 0x00, 0x00, 0x00, 0x00,
    0x00, 0x00, 0x00, 0x00, 0x00, 0x00, 0x00, 0x00,
    0x00, 0x00, 0x00, 0x00, 0x00, 0x00, 0x00, 0x00,
    0x00, 0x00, 0x00, 0x00, 0x00, 0x00, 0x00, 0x00,
    0x00, 0x00, 0x00, 0x00, 0x00, 0x00, 0x00, 0x00,
    0x00, 0x00, 0x00, 0x00, 0x00, 0x00, 0x00, 0x00,
    0x00, 0x00, 0x00, 0x00, 0x00, 0x00, 0x00, 0x0B,

    0x00, 0x00, 0x00, 0x00, 0x00, 0x00, 0x0B, 0x0B,
    0x00, 0x00, 0x00, 0x00, 0x00, 0x0B, 0x0B, 0x0B,
    0x00, 0x00, 0x00, 0x00, 0x0B, 0x0B, 0x0B, 0x0B,
    0x00, 0x00, 0x00, 0x0B, 0x0B, 0x0B, 0x0B, 0x00,
    0x00, 0x00, 0x0B, 0x0B, 0x0B, 0x0B, 0x0B, 0x00,
    0x00, 0x0B, 0x0B, 0x0B, 0x0B, 0x0B, 0x00, 0x00,
    0x0B, 0x0B, 0x0B, 0x0B, 0x0B, 0x0B, 0x00, 0x00,
    0x0B, 0x0B, 0x0B, 0x0B, 0x0B, 0x00, 0x00, 0x00,

    // Tile 472 (40,6)
    0x00, 0x00, 0x00, 0x00, 0x00, 0x00, 0x00, 0x00,
    0x00, 0x00, 0x00, 0x00, 0x00, 0x00, 0x00, 0x00,
    0x00, 0x00, 0x00, 0x00, 0x00, 0x00, 0x00, 0x00,
    0x00, 0x00, 0x00, 0x00, 0x00, 0x00, 0x00, 0x00,
    0x00, 0x00, 0x00, 0x00, 0x00, 0x00, 0x00, 0x0B,
    0x00, 0x00, 0x00, 0x00, 0x00, 0x00, 0x00, 0x0B,
    0x00, 0x00, 0x00, 0x00, 0x00, 0x00, 0x00, 0x0B,
    0x00, 0x00, 0x00, 0x00, 0x00, 0x00, 0x00, 0x0B,

    0x00, 0x00, 0x00, 0x0B, 0x00, 0x00, 0x00, 0x00,
    0x00, 0x00, 0x0B, 0x00, 0x00, 0x00, 0x0B, 0x00,
    0x00, 0x0B, 0x00, 0x00, 0x00, 0x0B, 0x00, 0x00,
    0x0B, 0x00, 0x00, 0x00, 0x0B, 0x00, 0x00, 0x00,
    0x0B, 0x00, 0x00, 0x0B, 0x00, 0x00, 0x00, 0x0B,
    0x0B, 0x0B, 0x0B, 0x00, 0x00, 0x00, 0x0B, 0x00,
    0x0B, 0x0B, 0x0B, 0x00, 0x00, 0x0B, 0x00, 0x00,
    0x0B, 0x0B, 0x0B, 0x0B, 0x0B, 0x00, 0x00, 0x00,

    0x00, 0x00, 0x00, 0x00, 0x00, 0x00, 0x08, 0x00,
    0x00, 0x00, 0x00, 0x00, 0x08, 0x08, 0x08, 0x0B,
    0x00, 0x00, 0x00, 0x08, 0x08, 0x0B, 0x0A, 0x00,
    0x00, 0x00, 0x00, 0x08, 0x0A, 0x0A, 0x0A, 0x00,
    0x00, 0x00, 0x08, 0x0B, 0x0A, 0x0B, 0x00, 0x08,
    0x00, 0x00, 0x08, 0x0B, 0x0B, 0x00, 0x08, 0x0B,
    0x00, 0x00, 0x00, 0x0A, 0x00, 0x0F, 0x00, 0x0B,
    0x00, 0x00, 0x00, 0x0A, 0x00, 0x05, 0x00, 0x0A,

    0x08, 0x08, 0x00, 0x00, 0x00, 0x00, 0x00, 0x00,
    0x00, 0x0B, 0x08, 0x00, 0x00, 0x00, 0x00, 0x00,
    0x0A, 0x0A, 0x0B, 0x08, 0x00, 0x00, 0x00, 0x00,
    0x00, 0x0B, 0x0A, 0x0B, 0x00, 0x00, 0x00, 0x00,
    0x0B, 0x00, 0x00, 0x0B, 0x08, 0x00, 0x00, 0x00,
    0x00, 0x00, 0x00, 0x00, 0x08, 0x00, 0x00, 0x00,
    0x00, 0x0F, 0x05, 0x00, 0x08, 0x00, 0x00, 0x00,
    0x00, 0x05, 0x05, 0x00, 0x08, 0x00, 0x00, 0x00,

    // Tile 476 (44,6)
    0x00, 0x00, 0x0A, 0x00, 0x00, 0x00, 0x09, 0x09,
    0x00, 0x0A, 0x00, 0x00, 0x09, 0x09, 0x09, 0x09,
    0x0A, 0x0A, 0x0A, 0x09, 0x09, 0x00, 0x00, 0x00,
    0x0A, 0x0A, 0x0A, 0x09, 0x00, 0x0B, 0x09, 0x00,
    0x00, 0x0A, 0x0A, 0x09, 0x0B, 0x09, 0x09, 0x00,
    0x08, 0x0F, 0x08, 0x0B, 0x0B, 0x0B, 0x09, 0x00,
    0x00, 0x08, 0x08, 0x0B, 0x09, 0x09, 0x09, 0x00,
    0x00, 0x08, 0x08, 0x0B, 0x0B, 0x0B, 0x09, 0x00,

    0x09, 0x09, 0x00, 0x00, 0x00, 0x0A, 0x00, 0x00,
    0x09, 0x09, 0x09, 0x09, 0x00, 0x00, 0x0A, 0x00,
    0x00, 0x00, 0x00, 0x09, 0x09, 0x0A, 0x0A, 0x0A,
    0x00, 0x0B, 0x0B, 0x00, 0x09, 0x0A, 0x0A, 0x0A,
    0x00, 0x0B, 0x09, 0x0B, 0x09, 0x0A, 0x0A, 0x00,
    0x00, 0x0B, 0x0B, 0x0B, 0x0B, 0x09, 0x0F, 0x08,
    0x00, 0x0B, 0x09, 0x09, 0x0B, 0x09, 0x08, 0x00,
    0x00, 0x0B, 0x0B, 0x0B, 0x0B, 0x09, 0x08, 0x00,

    0x00, 0x00, 0x00, 0x00, 0x00, 0x00, 0x00, 0x00,
    0x00, 0x00, 0x00, 0x00, 0x00, 0x09, 0x07, 0x0C,
    0x00, 0x00, 0x00, 0x00, 0x0C, 0x09, 0x07, 0x09,
    0x00, 0x00, 0x00, 0x07, 0x07, 0x07, 0x06, 0x06,
    0x00, 0x00, 0x0C, 0x09, 0x07, 0x06, 0x07, 0x00,
    0x00, 0x00, 0x09, 0x09, 0x06, 0x0A, 0x07, 0x00,
    0x00, 0x07, 0x07, 0x07, 0x06, 0x06, 0x06, 0x00,
    0x00, 0x0C, 0x09, 0x06, 0x08, 0x0A, 0x07, 0x00,

    0x00, 0x00, 0x00, 0x00, 0x00, 0x00, 0x00, 0x00,
    0x09, 0x07, 0x0C, 0x00, 0x00, 0x00, 0x00, 0x00,
    0x09, 0x07, 0x09, 0x09, 0x00, 0x00, 0x00, 0x00,
    0x06, 0x06, 0x07, 0x07, 0x07, 0x00, 0x00, 0x00,
    0x00, 0x0A, 0x07, 0x07, 0x0C, 0x09, 0x00, 0x00,
    0x00, 0x0A, 0x07, 0x07, 0x09, 0x09, 0x00, 0x00,
    0x00, 0x06, 0x06, 0x06, 0x07, 0x07, 0x07, 0x00,
    0x00, 0x0A, 0x07, 0x07, 0x07, 0x0C, 0x09, 0x00,

    // Tile 480 (48,6)
    0x00, 0x00, 0x00, 0x00, 0x00, 0x00, 0x00, 0x00,
    0x00, 0x00, 0x00, 0x00, 0x03, 0x03, 0x03, 0x03,
    0x00, 0x00, 0x03, 0x03, 0x09, 0x09, 0x09, 0x03,
    0x00, 0x03, 0x09, 0x09, 0x09, 0x09, 0x09, 0x09,
    0x03, 0x09, 0x09, 0x09, 0x09, 0x09, 0x09, 0x09,
    0x03, 0x03, 0x03, 0x03, 0x03, 0x03, 0x03, 0x03,
    0x03, 0x09, 0x09, 0x09, 0x09, 0x09, 0x09, 0x09,
    0x03, 0x09, 0x09, 0x03, 0x03, 0x03, 0x03, 0x03,

    0x00, 0x00, 0x00, 0x00, 0x00, 0x00, 0x00, 0x00,
    0x03, 0x03, 0x03, 0x03, 0x00, 0x00, 0x00, 0x00,
    0x03, 0x08, 0x08, 0x08, 0x03, 0x03, 0x00, 0x00,
    0x09, 0x03, 0x08, 0x08, 0x08, 0x08, 0x03, 0x00,
    0x09, 0x09, 0x03, 0x08, 0x08, 0x08, 0x08, 0x03,
    0x03, 0x03, 0x03, 0x03, 0x03, 0x03, 0x03, 0x03,
    0x09, 0x09, 0x03, 0x08, 0x08, 0x08, 0x08, 0x03,
    0x09, 0x09, 0x03, 0x03, 0x03, 0x03, 0x03, 0x03,

    0x00, 0x00, 0x00, 0x00, 0x00, 0x00, 0x00, 0x00,
    0x00, 0x00, 0x00, 0x00, 0x03, 0x03, 0x03, 0x03,
    0x00, 0x00, 0x03, 0x03, 0x0E, 0x0E, 0x0E, 0x03,
    0x00, 0x03, 0x0E, 0x0E, 0x0E, 0x0E, 0x0E, 0x0E,
    0x03, 0x0E, 0x0E, 0x0E, 0x0E, 0x0E, 0x0E, 0x0E,
    0x03, 0x03, 0x03, 0x03, 0x03, 0x03, 0x03, 0x03,
    0x03, 0x0E, 0x0E, 0x0E, 0x0E, 0x0E, 0x0E, 0x0E,
    0x03, 0x0E, 0x0E, 0x03, 0x03, 0x03, 0x03, 0x03,

    0x00, 0x00, 0x00, 0x00, 0x00, 0x00, 0x00, 0x00,
    0x03, 0x03, 0x03, 0x03, 0x00, 0x00, 0x00, 0x00,
    0x03, 0x0A, 0x0A, 0x0A, 0x03, 0x03, 0x00, 0x00,
    0x0E, 0x03, 0x0A, 0x0A, 0x0A, 0x0A, 0x03, 0x00,
    0x0E, 0x0E, 0x03, 0x0A, 0x0A, 0x0A, 0x0A, 0x03,
    0x03, 0x03, 0x03, 0x03, 0x03, 0x03, 0x03, 0x03,
    0x0E, 0x0E, 0x03, 0x0A, 0x0A, 0x0A, 0x0A, 0x03,
    0x0E, 0x0E, 0x03, 0x03, 0x03, 0x03, 0x03, 0x03,

    // Tile 484 (52,6)
    0x00, 0x00, 0x00, 0x00, 0x00, 0x00, 0x00, 0x00,
    0x00, 0x00, 0x00, 0x00, 0x03, 0x03, 0x03, 0x03,
    0x00, 0x00, 0x03, 0x03, 0x0B, 0x0B, 0x0B, 0x03,
    0x00, 0x03, 0x0B, 0x0B, 0x0B, 0x0B, 0x0B, 0x0B,
    0x03, 0x0B, 0x0B, 0x0B, 0x0B, 0x0B, 0x0B, 0x0B,
    0x03, 0x03, 0x03, 0x03, 0x03, 0x03, 0x03, 0x03,
    0x03, 0x0B, 0x0B, 0x0B, 0x0B, 0x0B, 0x0B, 0x0B,
    0x03, 0x0B, 0x0B, 0x03, 0x03, 0x03, 0x03, 0x03,

    0x00, 0x00, 0x00, 0x00, 0x00, 0x00, 0x00, 0x00,
    0x03, 0x03, 0x03, 0x03, 0x00, 0x00, 0x00, 0x00,
    0x03, 0x08, 0x08, 0x08, 0x03, 0x03, 0x00, 0x00,
    0x0B, 0x03, 0x08, 0x08, 0x08, 0x08, 0x03, 0x00,
    0x0B, 0x0B, 0x03, 0x08, 0x08, 0x08, 0x08, 0x03,
    0x03, 0x03, 0x03, 0x03, 0x03, 0x03, 0x03, 0x03,
    0x0B, 0x0B, 0x03, 0x08, 0x08, 0x08, 0x08, 0x03,
    0x0B, 0x0B, 0x03, 0x03, 0x03, 0x03, 0x03, 0x03,

    0x00, 0x00, 0x00, 0x00, 0x00, 0x00, 0x00, 0x00,
    0x00, 0x00, 0x00, 0x00, 0x03, 0x03, 0x03, 0x03,
    0x00, 0x00, 0x03, 0x03, 0x0A, 0x0A, 0x0A, 0x03,
    0x00, 0x03, 0x0A, 0x0A, 0x0B, 0x0B, 0x0B, 0x0A,
    0x03, 0x0A, 0x0B, 0x0B, 0x0B, 0x0B, 0x0B, 0x0B,
    0x03, 0x03, 0x03, 0x03, 0x03, 0x03, 0x03, 0x03,
    0x03, 0x0A, 0x0A, 0x0A, 0x0A, 0x0B, 0x0A, 0x0B,
    0x03, 0x0A, 0x0B, 0x03, 0x03, 0x03, 0x03, 0x03,

    0x00, 0x00, 0x00, 0x00, 0x00, 0x00, 0x00, 0x00,
    0x03, 0x03, 0x03, 0x03, 0x00, 0x00, 0x00, 0x00,
    0x03, 0x0A, 0x08, 0x08, 0x03, 0x03, 0x00, 0x00,
    0x0A, 0x03, 0x0A, 0x08, 0x08, 0x08, 0x03, 0x00,
    0x0B, 0x0A, 0x03, 0x0A, 0x0A, 0x0A, 0x0A, 0x03,
    0x03, 0x03, 0x03, 0x03, 0x03, 0x03, 0x03, 0x03,
    0x0A, 0x0A, 0x03, 0x0A, 0x0A, 0x0A, 0x0A, 0x03,
    0x0B, 0x0A, 0x03, 0x03, 0x03, 0x03, 0x03, 0x03,

    // Tile 488 (56,6)
    0x00, 0x00, 0x00, 0x00, 0x00, 0x03, 0x04, 0x04,
    0x00, 0x00, 0x00, 0x00, 0x02, 0x01, 0x03, 0x03,
    0x00, 0x00, 0x00, 0x00, 0x00, 0x02, 0x00, 0x00,
    0x00, 0x00, 0x00, 0x00, 0x00, 0x02, 0x0F, 0x0F,
    0x00, 0x00, 0x00, 0x00, 0x00, 0x02, 0x0F, 0x0F,
    0x00, 0x00, 0x00, 0x00, 0x02, 0x02, 0x01, 0x00,
    0x00, 0x00, 0x00, 0x03, 0x01, 0x01, 0x00, 0x00,
    0x00, 0x00, 0x03, 0x01, 0x00, 0x0F, 0x0F, 0x00,

    0x04, 0x03, 0x03, 0x00, 0x00, 0x00, 0x00, 0x00,
    0x00, 0x03, 0x01, 0x02, 0x00, 0x00, 0x00, 0x00,
    0x03, 0x01, 0x02, 0x00, 0x00, 0x00, 0x00, 0x00,
    0x03, 0x01, 0x02, 0x00, 0x00, 0x00, 0x00, 0x00,
    0x00, 0x01, 0x02, 0x00, 0x00, 0x00, 0x00, 0x00,
    0x00, 0x00, 0x01, 0x01, 0x00, 0x00, 0x00, 0x00,
    0x00, 0x04, 0x00, 0x00, 0x01, 0x00, 0x00, 0x00,
    0x04, 0x03, 0x00, 0x00, 0x00, 0x01, 0x00, 0x00,

    0x00, 0x00, 0x00, 0x00, 0x00, 0x00, 0x00, 0x00,
    0x00, 0x00, 0x00, 0x00, 0x00, 0x00, 0x00, 0x00,
    0x00, 0x00, 0x0F, 0x0F, 0x00, 0x0F, 0x0F, 0x0F,
    0x00, 0x00, 0x0F, 0x0F, 0x0F, 0x0F, 0x0F, 0x0F,
    0x00, 0x00, 0x00, 0x0F, 0x0F, 0x00, 0x00, 0x00,
    0x00, 0x00, 0x0B, 0x00, 0x00, 0x00, 0x0B, 0x0B,
    0x00, 0x00, 0x09, 0x0B, 0x0B, 0x00, 0x00, 0x00,
    0x00, 0x00, 0x09, 0x0B, 0x09, 0x00, 0x09, 0x09,

    0x00, 0x00, 0x00, 0x00, 0x00, 0x00, 0x00, 0x00,
    0x00, 0x00, 0x00, 0x00, 0x00, 0x00, 0x00, 0x00,
    0x0F, 0x0F, 0x0F, 0x0F, 0x0F, 0x0F, 0x00, 0x00,
    0x0F, 0x0F, 0x0F, 0x0F, 0x0F, 0x0F, 0x00, 0x00,
    0x00, 0x00, 0x00, 0x00, 0x00, 0x00, 0x00, 0x00,
    0x0B, 0x0B, 0x0B, 0x0B, 0x0B, 0x0B, 0x0B, 0x00,
    0x00, 0x09, 0x09, 0x09, 0x00, 0x00, 0x00, 0x00,
    0x09, 0x00, 0x09, 0x00, 0x09, 0x09, 0x09, 0x00,

    // Tile 492 (60,6)
    0x00, 0x00, 0x00, 0x00, 0x00, 0x00, 0x00, 0x00,
    0x00, 0x00, 0x00, 0x00, 0x00, 0x00, 0x00, 0x00,
    0x00, 0x00, 0x00, 0x00, 0x00, 0x00, 0x00, 0x00,
    0x00, 0x00, 0x00, 0x00, 0x00, 0x00, 0x00, 0x00,
    0x00, 0x00, 0x00, 0x00, 0x00, 0x00, 0x00, 0x00,
    0x00, 0x00, 0x00, 0x00, 0x00, 0x00, 0x00, 0x00,
    0x00, 0x00, 0x00, 0x00, 0x00, 0x00, 0x00, 0x00,
    0x00, 0x00, 0x00, 0x00, 0x00, 0x00, 0x00, 0x00,

    0x00, 0x00, 0x00, 0x00, 0x00, 0x00, 0x00, 0x00,
    0x00, 0x00, 0x00, 0x00, 0x00, 0x00, 0x00, 0x00,
    0x00, 0x00, 0x00, 0x00, 0x00, 0x00, 0x00, 0x00,
    0x00, 0x00, 0x00, 0x00, 0x00, 0x00, 0x00, 0x00,
    0x00, 0x00, 0x00, 0x00, 0x00, 0x00, 0x00, 0x00,
    0x00, 0x00, 0x00, 0x00, 0x00, 0x00, 0x00, 0x00,
    0x00, 0x00, 0x00, 0x00, 0x00, 0x00, 0x00, 0x00,
    0x00, 0x00, 0x00, 0x00, 0x00, 0x00, 0x00, 0x00,

    0x00, 0x00, 0x00, 0x00, 0x00, 0x00, 0x00, 0x00,
    0x00, 0x00, 0x00, 0x00, 0x00, 0x00, 0x00, 0x00,
    0x00, 0x00, 0x00, 0x00, 0x00, 0x00, 0x00, 0x00,
    0x00, 0x00, 0x00, 0x00, 0x00, 0x00, 0x00, 0x00,
    0x00, 0x00, 0x00, 0x00, 0x00, 0x00, 0x00, 0x00,
    0x00, 0x00, 0x00, 0x00, 0x00, 0x00, 0x00, 0x00,
    0x00, 0x00, 0x00, 0x00, 0x00, 0x00, 0x00, 0x00,
    0x00, 0x00, 0x00, 0x00, 0x00, 0x00, 0x00, 0x00,

    0x00, 0x00, 0x00, 0x00, 0x00, 0x00, 0x00, 0x00,
    0x00, 0x00, 0x00, 0x00, 0x00, 0x00, 0x00, 0x00,
    0x00, 0x00, 0x00, 0x00, 0x00, 0x00, 0x00, 0x00,
    0x00, 0x00, 0x00, 0x00, 0x00, 0x00, 0x00, 0x00,
    0x00, 0x00, 0x00, 0x00, 0x00, 0x00, 0x00, 0x00,
    0x00, 0x00, 0x00, 0x00, 0x00, 0x00, 0x00, 0x00,
    0x00, 0x00, 0x00, 0x00, 0x00, 0x00, 0x00, 0x00,
    0x00, 0x00, 0x00, 0x00, 0x00, 0x00, 0x00, 0x00,

    // Tile 496 (64,6)
    0x00, 0x00, 0x00, 0x00, 0x00, 0x00, 0x00, 0x00,
    0x00, 0x00, 0x00, 0x00, 0x00, 0x00, 0x00, 0x00,
    0x00, 0x00, 0x00, 0x00, 0x00, 0x00, 0x00, 0x00,
    0x00, 0x00, 0x00, 0x00, 0x00, 0x00, 0x00, 0x00,
    0x00, 0x00, 0x00, 0x00, 0x00, 0x00, 0x00, 0x00,
    0x00, 0x00, 0x00, 0x00, 0x00, 0x00, 0x00, 0x00,
    0x00, 0x00, 0x00, 0x00, 0x00, 0x00, 0x00, 0x00,
    0x00, 0x00, 0x00, 0x00, 0x00, 0x00, 0x00, 0x00,

    0x00, 0x00, 0x00, 0x00, 0x00, 0x00, 0x00, 0x00,
    0x00, 0x00, 0x00, 0x00, 0x00, 0x00, 0x00, 0x00,
    0x00, 0x00, 0x00, 0x00, 0x00, 0x00, 0x00, 0x00,
    0x00, 0x00, 0x00, 0x00, 0x00, 0x00, 0x00, 0x00,
    0x00, 0x00, 0x00, 0x00, 0x00, 0x00, 0x00, 0x00,
    0x00, 0x00, 0x00, 0x00, 0x00, 0x00, 0x00, 0x00,
    0x00, 0x00, 0x00, 0x00, 0x00, 0x00, 0x00, 0x00,
    0x00, 0x00, 0x00, 0x00, 0x00, 0x00, 0x00, 0x00,

    0x00, 0x00, 0x00, 0x00, 0x00, 0x00, 0x00, 0x00,
    0x00, 0x00, 0x00, 0x00, 0x00, 0x00, 0x00, 0x00,
    0x00, 0x00, 0x00, 0x00, 0x00, 0x00, 0x00, 0x00,
    0x00, 0x00, 0x00, 0x00, 0x00, 0x00, 0x00, 0x00,
    0x00, 0x00, 0x00, 0x00, 0x00, 0x00, 0x00, 0x00,
    0x00, 0x00, 0x00, 0x00, 0x00, 0x00, 0x00, 0x00,
    0x00, 0x00, 0x00, 0x00, 0x00, 0x00, 0x00, 0x00,
    0x00, 0x00, 0x00, 0x00, 0x00, 0x00, 0x00, 0x00,

    0x00, 0x00, 0x00, 0x00, 0x00, 0x00, 0x00, 0x00,
    0x00, 0x00, 0x00, 0x00, 0x00, 0x00, 0x00, 0x00,
    0x00, 0x00, 0x00, 0x00, 0x00, 0x00, 0x00, 0x00,
    0x00, 0x00, 0x00, 0x00, 0x00, 0x00, 0x00, 0x00,
    0x00, 0x00, 0x00, 0x00, 0x00, 0x00, 0x00, 0x00,
    0x00, 0x00, 0x00, 0x00, 0x00, 0x00, 0x00, 0x00,
    0x00, 0x00, 0x00, 0x00, 0x00, 0x00, 0x00, 0x00,
    0x00, 0x00, 0x00, 0x00, 0x00, 0x00, 0x00, 0x00,

    // Tile 500 (68,6)
    0x00, 0x00, 0x00, 0x00, 0x00, 0x00, 0x00, 0x00,
    0x00, 0x00, 0x00, 0x00, 0x00, 0x00, 0x00, 0x00,
    0x00, 0x00, 0x00, 0x00, 0x00, 0x00, 0x00, 0x00,
    0x00, 0x00, 0x00, 0x00, 0x00, 0x00, 0x00, 0x00,
    0x00, 0x00, 0x00, 0x00, 0x00, 0x00, 0x00, 0x00,
    0x00, 0x00, 0x00, 0x00, 0x00, 0x00, 0x00, 0x00,
    0x00, 0x00, 0x00, 0x00, 0x00, 0x00, 0x00, 0x00,
    0x00, 0x00, 0x00, 0x00, 0x00, 0x00, 0x00, 0x00,

    0x00, 0x00, 0x00, 0x00, 0x00, 0x00, 0x00, 0x00,
    0x00, 0x00, 0x00, 0x00, 0x00, 0x00, 0x00, 0x00,
    0x00, 0x00, 0x00, 0x00, 0x00, 0x00, 0x00, 0x00,
    0x00, 0x00, 0x00, 0x00, 0x00, 0x00, 0x00, 0x00,
    0x00, 0x00, 0x00, 0x00, 0x00, 0x00, 0x00, 0x00,
    0x00, 0x00, 0x00, 0x00, 0x00, 0x00, 0x00, 0x00,
    0x00, 0x00, 0x00, 0x00, 0x00, 0x00, 0x00, 0x00,
    0x00, 0x00, 0x00, 0x00, 0x00, 0x00, 0x00, 0x00,

    0x00, 0x00, 0x00, 0x00, 0x00, 0x00, 0x00, 0x00,
    0x00, 0x00, 0x00, 0x00, 0x00, 0x00, 0x00, 0x00,
    0x00, 0x00, 0x00, 0x00, 0x00, 0x00, 0x00, 0x00,
    0x00, 0x00, 0x00, 0x00, 0x00, 0x00, 0x00, 0x00,
    0x00, 0x00, 0x00, 0x00, 0x00, 0x00, 0x00, 0x00,
    0x00, 0x00, 0x00, 0x00, 0x00, 0x00, 0x00, 0x00,
    0x00, 0x00, 0x00, 0x00, 0x00, 0x00, 0x00, 0x00,
    0x00, 0x00, 0x00, 0x00, 0x00, 0x00, 0x00, 0x00,

    0x00, 0x00, 0x00, 0x00, 0x00, 0x00, 0x00, 0x00,
    0x00, 0x00, 0x00, 0x00, 0x00, 0x00, 0x00, 0x00,
    0x00, 0x00, 0x00, 0x00, 0x00, 0x00, 0x00, 0x00,
    0x00, 0x00, 0x00, 0x00, 0x00, 0x00, 0x00, 0x00,
    0x00, 0x00, 0x00, 0x00, 0x00, 0x00, 0x00, 0x00,
    0x00, 0x00, 0x00, 0x00, 0x00, 0x00, 0x00, 0x00,
    0x00, 0x00, 0x00, 0x00, 0x00, 0x00, 0x00, 0x00,
    0x00, 0x00, 0x00, 0x00, 0x00, 0x00, 0x00, 0x00,

    // Tile 504 (0,7)
    0x07, 0x0A, 0x07, 0x07, 0x07, 0x07, 0x07, 0x07,
    0x0A, 0x0A, 0x07, 0x07, 0x0E, 0x0E, 0x07, 0x07,
    0x0A, 0x0A, 0x07, 0x0E, 0x0A, 0x0A, 0x0A, 0x07,
    0x0E, 0x0A, 0x07, 0x0E, 0x0A, 0x0A, 0x0A, 0x07,
    0x0E, 0x0A, 0x07, 0x0E, 0x0A, 0x0A, 0x0A, 0x07,
    0x0E, 0x0A, 0x07, 0x07, 0x0A, 0x0A, 0x07, 0x07,
    0x07, 0x0A, 0x07, 0x07, 0x07, 0x07, 0x07, 0x07,
    0x0E, 0x0A, 0x0A, 0x0A, 0x0A, 0x0A, 0x0A, 0x0A,

    0x0A, 0x07, 0x07, 0x07, 0x07, 0x07, 0x07, 0x07,
    0x0A, 0x0E, 0x07, 0x0A, 0x07, 0x07, 0x0A, 0x07,
    0x0A, 0x0E, 0x07, 0x07, 0x0A, 0x0A, 0x07, 0x07,
    0x0A, 0x0E, 0x07, 0x07, 0x0A, 0x07, 0x07, 0x07,
    0x0A, 0x0E, 0x07, 0x07, 0x0A, 0x07, 0x07, 0x07,
    0x0A, 0x0E, 0x07, 0x07, 0x0A, 0x07, 0x07, 0x07,
    0x0A, 0x07, 0x07, 0x0A, 0x07, 0x07, 0x0A, 0x07,
    0x0A, 0x0E, 0x07, 0x07, 0x07, 0x07, 0x07, 0x07,

    0x05, 0x0B, 0x05, 0x05, 0x05, 0x05, 0x05, 0x05,
    0x0B, 0x0B, 0x05, 0x05, 0x0A, 0x0A, 0x05, 0x05,
    0x0B, 0x0B, 0x05, 0x0A, 0x0B, 0x0B, 0x0B, 0x05,
    0x0A, 0x0B, 0x05, 0x0A, 0x0B, 0x0B, 0x0B, 0x05,
    0x0A, 0x0B, 0x05, 0x0A, 0x0B, 0x0B, 0x0B, 0x05,
    0x0A, 0x0B, 0x05, 0x05, 0x0B, 0x0B, 0x05, 0x05,
    0x05, 0x0B, 0x05, 0x05, 0x05, 0x05, 0x05, 0x05,
    0x0A, 0x0B, 0x0B, 0x0B, 0x0B, 0x0B, 0x0B, 0x0B,

    0x0B, 0x05, 0x05, 0x0B, 0x05, 0x05, 0x05, 0x08,
    0x0B, 0x0A, 0x05, 0x05, 0x0A, 0x0B, 0x05, 0x08,
    0x0B, 0x0A, 0x05, 0x05, 0x0B, 0x08, 0x05, 0x08,
    0x0B, 0x0A, 0x05, 0x05, 0x0B, 0x08, 0x05, 0x08,
    0x0B, 0x0A, 0x05, 0x05, 0x0B, 0x08, 0x05, 0x08,
    0x0B, 0x0A, 0x05, 0x05, 0x05, 0x05, 0x05, 0x08,
    0x0B, 0x05, 0x05, 0x0B, 0x08, 0x08, 0x0B, 0x08,
    0x0B, 0x0A, 0x05, 0x08, 0x08, 0x08, 0x08, 0x08,

    // Tile 508 (4,7)
    0x02, 0x07, 0x03, 0x03, 0x03, 0x03, 0x03, 0x03,
    0x07, 0x07, 0x03, 0x02, 0x08, 0x08, 0x02, 0x03,
    0x07, 0x07, 0x03, 0x08, 0x0A, 0x0A, 0x0A, 0x03,
    0x08, 0x07, 0x03, 0x08, 0x0A, 0x0A, 0x0A, 0x03,
    0x08, 0x07, 0x03, 0x08, 0x0A, 0x0A, 0x0A, 0x03,
    0x08, 0x07, 0x03, 0x02, 0x0A, 0x0A, 0x02, 0x03,
    0x02, 0x07, 0x03, 0x03, 0x03, 0x03, 0x03, 0x03,
    0x08, 0x07, 0x07, 0x07, 0x07, 0x07, 0x07, 0x07,

    0x07, 0x02, 0x02, 0x0A, 0x02, 0x02, 0x0A, 0x03,
    0x07, 0x09, 0x02, 0x02, 0x08, 0x0A, 0x02, 0x03,
    0x07, 0x09, 0x02, 0x02, 0x0A, 0x03, 0x02, 0x03,
    0x07, 0x09, 0x02, 0x02, 0x0A, 0x03, 0x02, 0x03,
    0x07, 0x09, 0x02, 0x02, 0x0A, 0x03, 0x02, 0x03,
    0x07, 0x09, 0x02, 0x02, 0x02, 0x02, 0x02, 0x03,
    0x07, 0x02, 0x02, 0x0A, 0x03, 0x03, 0x0A, 0x03,
    0x07, 0x09, 0x02, 0x02, 0x02, 0x03, 0x03, 0x03,

    0x05, 0x09, 0x08, 0x08, 0x08, 0x08, 0x08, 0x08,
    0x09, 0x09, 0x08, 0x05, 0x0A, 0x0A, 0x05, 0x08,
    0x09, 0x09, 0x08, 0x0A, 0x09, 0x09, 0x09, 0x08,
    0x0A, 0x09, 0x08, 0x0A, 0x09, 0x09, 0x09, 0x08,
    0x0A, 0x09, 0x08, 0x0A, 0x09, 0x09, 0x09, 0x08,
    0x0A, 0x09, 0x08, 0x05, 0x09, 0x09, 0x05, 0x08,
    0x05, 0x09, 0x08, 0x08, 0x08, 0x08, 0x08, 0x08,
    0x0A, 0x09, 0x09, 0x09, 0x09, 0x09, 0x09, 0x09,

    0x09, 0x05, 0x05, 0x09, 0x05, 0x05, 0x09, 0x08,
    0x09, 0x0A, 0x05, 0x05, 0x0A, 0x09, 0x05, 0x08,
    0x09, 0x0A, 0x05, 0x05, 0x09, 0x08, 0x05, 0x08,
    0x09, 0x0A, 0x05, 0x05, 0x09, 0x08, 0x05, 0x08,
    0x09, 0x0A, 0x05, 0x05, 0x09, 0x08, 0x05, 0x08,
    0x09, 0x0A, 0x05, 0x05, 0x05, 0x05, 0x05, 0x08,
    0x09, 0x05, 0x05, 0x09, 0x08, 0x08, 0x09, 0x08,
    0x09, 0x0A, 0x05, 0x05, 0x05, 0x08, 0x08, 0x08,

    // Tile 512 (8,7)
    0x09, 0x0B, 0x09, 0x09, 0x09, 0x09, 0x09, 0x09,
    0x0B, 0x0B, 0x09, 0x09, 0x09, 0x09, 0x09, 0x09,
    0x0B, 0x0B, 0x09, 0x09, 0x0B, 0x0B, 0x0B, 0x09,
    0x0B, 0x0B, 0x09, 0x09, 0x0B, 0x0B, 0x0B, 0x09,
    0x0B, 0x0B, 0x09, 0x09, 0x0B, 0x0B, 0x0B, 0x09,
    0x0B, 0x0B, 0x09, 0x09, 0x0B, 0x0B, 0x09, 0x09,
    0x09, 0x0B, 0x09, 0x09, 0x09, 0x09, 0x09, 0x09,
    0x09, 0x0B, 0x0B, 0x0B, 0x0B, 0x0B, 0x0B, 0x0B,

    0x0B, 0x09, 0x09, 0x0B, 0x09, 0x09, 0x0B, 0x09,
    0x0B, 0x0B, 0x09, 0x09, 0x0B, 0x0B, 0x09, 0x09,
    0x0B, 0x0B, 0x09, 0x09, 0x0B, 0x09, 0x09, 0x09,
    0x0B, 0x0B, 0x09, 0x09, 0x0B, 0x09, 0x09, 0x09,
    0x0B, 0x0B, 0x09, 0x09, 0x0B, 0x09, 0x09, 0x09,
    0x0B, 0x0B, 0x09, 0x09, 0x09, 0x09, 0x09, 0x09,
    0x0B, 0x09, 0x09, 0x0B, 0x09, 0x09, 0x0B, 0x09,
    0x0B, 0x09, 0x09, 0x09, 0x09, 0x09, 0x09, 0x09,

    0x00, 0x00, 0x00, 0x00, 0x00, 0x0A, 0x00, 0x0A,
    0x00, 0x00, 0x00, 0x00, 0x00, 0x00, 0x0A, 0x0F,
    0x00, 0x00, 0x00, 0x00, 0x00, 0x0A, 0x0F, 0x0F,
    0x00, 0x00, 0x00, 0x00, 0x0F, 0x0F, 0x0A, 0x0A,
    0x00, 0x00, 0x00, 0x0F, 0x0F, 0x0A, 0x00, 0x00,
    0x00, 0x00, 0x0F, 0x0F, 0x0A, 0x00, 0x0F, 0x00,
    0x00, 0x0F, 0x0F, 0x0A, 0x00, 0x00, 0x00, 0x00,
    0x00, 0x0A, 0x0A, 0x00, 0x00, 0x00, 0x00, 0x00,

    0x0F, 0x0F, 0x0A, 0x0A, 0x00, 0x00, 0x00, 0x00,
    0x0F, 0x09, 0x00, 0x00, 0x00, 0x00, 0x00, 0x00,
    0x0A, 0x00, 0x0F, 0x0F, 0x00, 0x00, 0x00, 0x00,
    0x00, 0x00, 0x0A, 0x0A, 0x00, 0x00, 0x00, 0x00,
    0x00, 0x00, 0x00, 0x00, 0x00, 0x00, 0x00, 0x00,
    0x00, 0x00, 0x00, 0x00, 0x00, 0x00, 0x00, 0x00,
    0x00, 0x00, 0x00, 0x00, 0x00, 0x00, 0x00, 0x00,
    0x00, 0x00, 0x00, 0x00, 0x00, 0x00, 0x00, 0x00,

    // Tile 516 (12,7)
    0x00, 0x00, 0x00, 0x00, 0x00, 0x00, 0x08, 0x00,
    0x00, 0x00, 0x00, 0x00, 0x00, 0x00, 0x00, 0x0B,
    0x00, 0x00, 0x00, 0x00, 0x00, 0x00, 0x0B, 0x0F,
    0x00, 0x00, 0x00, 0x00, 0x00, 0x0B, 0x0A, 0x0B,
    0x00, 0x00, 0x00, 0x00, 0x0B, 0x0A, 0x08, 0x00,
    0x00, 0x00, 0x00, 0x0B, 0x0A, 0x0B, 0x00, 0x08,
    0x00, 0x00, 0x0B, 0x0F, 0x0B, 0x00, 0x00, 0x00,
    0x00, 0x00, 0x0B, 0x0B, 0x00, 0x00, 0x00, 0x00,

    0x0B, 0x0F, 0x0A, 0x0B, 0x0B, 0x00, 0x00, 0x00,
    0x0F, 0x0A, 0x08, 0x00, 0x00, 0x00, 0x00, 0x00,
    0x0A, 0x0B, 0x00, 0x08, 0x08, 0x00, 0x00, 0x00,
    0x0B, 0x00, 0x00, 0x08, 0x08, 0x00, 0x00, 0x00,
    0x00, 0x00, 0x00, 0x00, 0x00, 0x00, 0x00, 0x00,
    0x00, 0x00, 0x00, 0x00, 0x00, 0x00, 0x00, 0x00,
    0x00, 0x00, 0x00, 0x00, 0x00, 0x00, 0x00, 0x00,
    0x00, 0x00, 0x00, 0x00, 0x00, 0x00, 0x00, 0x00,

    0x00, 0x00, 0x00, 0x00, 0x07, 0x08, 0x00, 0x07,
    0x00, 0x00, 0x00, 0x00, 0x00, 0x00, 0x07, 0x0C,
    0x00, 0x00, 0x00, 0x00, 0x00, 0x07, 0x08, 0x07,
    0x00, 0x00, 0x00, 0x00, 0x07, 0x07, 0x07, 0x07,
    0x00, 0x00, 0x00, 0x07, 0x07, 0x07, 0x00, 0x00,
    0x00, 0x00, 0x07, 0x0C, 0x07, 0x00, 0x07, 0x0C,
    0x00, 0x07, 0x0A, 0x07, 0x00, 0x00, 0x07, 0x07,
    0x00, 0x07, 0x07, 0x00, 0x00, 0x00, 0x00, 0x00,

    0x08, 0x0A, 0x07, 0x07, 0x00, 0x00, 0x08, 0x00,
    0x07, 0x07, 0x00, 0x00, 0x08, 0x0A, 0x00, 0x00,
    0x07, 0x00, 0x07, 0x08, 0x08, 0x00, 0x00, 0x00,
    0x00, 0x00, 0x07, 0x08, 0x00, 0x00, 0x00, 0x00,
    0x0C, 0x00, 0x00, 0x00, 0x00, 0x00, 0x00, 0x00,
    0x00, 0x00, 0x00, 0x00, 0x00, 0x00, 0x00, 0x00,
    0x00, 0x00, 0x00, 0x00, 0x00, 0x00, 0x00, 0x00,
    0x00, 0x00, 0x00, 0x00, 0x00, 0x00, 0x00, 0x00,

    // Tile 520 (16,7)
    0x00, 0x00, 0x00, 0x00, 0x00, 0x00, 0x05, 0x05,
    0x00, 0x00, 0x00, 0x00, 0x00, 0x00, 0x00, 0x08,
    0x00, 0x00, 0x00, 0x00, 0x00, 0x00, 0x08, 0x0A,
    0x00, 0x00, 0x00, 0x00, 0x00, 0x08, 0x08, 0x08,
    0x00, 0x00, 0x00, 0x00, 0x08, 0x08, 0x05, 0x00,
    0x00, 0x00, 0x00, 0x08, 0x08, 0x08, 0x05, 0x05,
    0x00, 0x00, 0x08, 0x0A, 0x08, 0x00, 0x00, 0x00,
    0x00, 0x00, 0x08, 0x08, 0x00, 0x00, 0x00, 0x00,

    0x08, 0x0A, 0x08, 0x08, 0x08, 0x00, 0x00, 0x00,
    0x0C, 0x08, 0x05, 0x00, 0x00, 0x00, 0x00, 0x00,
    0x08, 0x08, 0x00, 0x05, 0x05, 0x00, 0x00, 0x00,
    0x08, 0x00, 0x00, 0x05, 0x05, 0x00, 0x00, 0x00,
    0x00, 0x00, 0x00, 0x00, 0x00, 0x00, 0x00, 0x00,
    0x00, 0x00, 0x00, 0x00, 0x00, 0x00, 0x00, 0x00,
    0x00, 0x00, 0x00, 0x00, 0x00, 0x00, 0x00, 0x00,
    0x00, 0x00, 0x00, 0x00, 0x00, 0x00, 0x00, 0x00,

    0x00, 0x00, 0x00, 0x00, 0x00, 0x05, 0x05, 0x06,
    0x00, 0x00, 0x00, 0x00, 0x00, 0x00, 0x06, 0x0A,
    0x00, 0x00, 0x00, 0x00, 0x00, 0x06, 0x0A, 0x06,
    0x00, 0x00, 0x00, 0x00, 0x06, 0x06, 0x06, 0x06,
    0x00, 0x00, 0x00, 0x06, 0x06, 0x05, 0x00, 0x00,
    0x00, 0x00, 0x06, 0x06, 0x06, 0x05, 0x05, 0x00,
    0x00, 0x06, 0x06, 0x06, 0x00, 0x00, 0x00, 0x00,
    0x00, 0x06, 0x06, 0x00, 0x00, 0x00, 0x00, 0x00,

    0x0A, 0x06, 0x06, 0x06, 0x00, 0x00, 0x00, 0x00,
    0x06, 0x05, 0x00, 0x00, 0x00, 0x00, 0x00, 0x00,
    0x06, 0x00, 0x05, 0x05, 0x00, 0x00, 0x00, 0x00,
    0x00, 0x00, 0x05, 0x05, 0x00, 0x00, 0x00, 0x00,
    0x00, 0x00, 0x00, 0x00, 0x00, 0x00, 0x00, 0x00,
    0x00, 0x00, 0x00, 0x00, 0x00, 0x00, 0x00, 0x00,
    0x00, 0x00, 0x00, 0x00, 0x00, 0x00, 0x00, 0x00,
    0x00, 0x00, 0x00, 0x00, 0x00, 0x00, 0x00, 0x00,

    // Tile 524 (20,7)
    0x00, 0x00, 0x00, 0x00, 0x00, 0x08, 0x00, 0x08,
    0x00, 0x00, 0x00, 0x00, 0x00, 0x00, 0x08, 0x09,
    0x00, 0x00, 0x00, 0x00, 0x00, 0x08, 0x0F, 0x08,
    0x00, 0x00, 0x00, 0x00, 0x08, 0x08, 0x08, 0x08,
    0x00, 0x00, 0x00, 0x08, 0x08, 0x08, 0x00, 0x00,
    0x00, 0x00, 0x08, 0x08, 0x08, 0x00, 0x08, 0x00,
    0x00, 0x08, 0x0F, 0x08, 0x00, 0x00, 0x00, 0x00,
    0x00, 0x08, 0x08, 0x00, 0x00, 0x00, 0x00, 0x00,

    0x0F, 0x08, 0x08, 0x08, 0x00, 0x00, 0x00, 0x00,
    0x08, 0x08, 0x00, 0x00, 0x00, 0x00, 0x00, 0x00,
    0x08, 0x00, 0x08, 0x08, 0x00, 0x00, 0x00, 0x00,
    0x00, 0x00, 0x08, 0x08, 0x00, 0x00, 0x00, 0x00,
    0x00, 0x00, 0x00, 0x00, 0x00, 0x00, 0x00, 0x00,
    0x00, 0x00, 0x00, 0x00, 0x00, 0x00, 0x00, 0x00,
    0x00, 0x00, 0x00, 0x00, 0x00, 0x00, 0x00, 0x00,
    0x00, 0x00, 0x00, 0x00, 0x00, 0x00, 0x00, 0x00,

    0x00, 0x00, 0x09, 0x0B, 0x0B, 0x0B, 0x0B, 0x0B,
    0x00, 0x09, 0x09, 0x09, 0x09, 0x09, 0x09, 0x09,
    0x00, 0x00, 0x09, 0x0B, 0x0B, 0x0B, 0x0B, 0x0B,
    0x00, 0x00, 0x09, 0x09, 0x0B, 0x0B, 0x0B, 0x09,
    0x00, 0x00, 0x00, 0x09, 0x09, 0x09, 0x09, 0x00,
    0x00, 0x00, 0x00, 0x09, 0x09, 0x09, 0x09, 0x00,
    0x00, 0x00, 0x00, 0x00, 0x09, 0x09, 0x09, 0x09,
    0x00, 0x00, 0x00, 0x00, 0x00, 0x00, 0x09, 0x09,

    0x0B, 0x0B, 0x0B, 0x0B, 0x09, 0x09, 0x00, 0x00,
    0x09, 0x09, 0x09, 0x09, 0x09, 0x0B, 0x0B, 0x00,
    0x0B, 0x0B, 0x09, 0x09, 0x09, 0x09, 0x00, 0x00,
    0x00, 0x0B, 0x09, 0x09, 0x09, 0x09, 0x00, 0x00,
    0x00, 0x00, 0x09, 0x09, 0x09, 0x00, 0x00, 0x00,
    0x00, 0x00, 0x09, 0x09, 0x09, 0x00, 0x00, 0x00,
    0x00, 0x09, 0x09, 0x09, 0x00, 0x00, 0x00, 0x00,
    0x00, 0x09, 0x00, 0x00, 0x00, 0x00, 0x00, 0x00,

    // Tile 528 (24,7)
    0x00, 0x00, 0x00, 0x00, 0x05, 0x05, 0x00, 0x00,
    0x00, 0x00, 0x00, 0x00, 0x05, 0x00, 0x05, 0x05,
    0x00, 0x05, 0x05, 0x05, 0x05, 0x05, 0x00, 0x05,
    0x05, 0x00, 0x00, 0x05, 0x05, 0x05, 0x05, 0x05,
    0x00, 0x05, 0x05, 0x05, 0x05, 0x00, 0x05, 0x05,
    0x05, 0x05, 0x00, 0x05, 0x00, 0x05, 0x05, 0x05,
    0x00, 0x00, 0x05, 0x05, 0x00, 0x05, 0x05, 0x00,
    0x00, 0x05, 0x05, 0x00, 0x05, 0x05, 0x00, 0x00,

    0x05, 0x05, 0x05, 0x00, 0x00, 0x00, 0x00, 0x00,
    0x05, 0x05, 0x05, 0x00, 0x05, 0x05, 0x00, 0x00,
    0x05, 0x05, 0x00, 0x05, 0x05, 0x05, 0x05, 0x00,
    0x05, 0x05, 0x05, 0x05, 0x00, 0x00, 0x05, 0x00,
    0x05, 0x00, 0x05, 0x05, 0x05, 0x05, 0x00, 0x00,
    0x05, 0x05, 0x00, 0x05, 0x00, 0x05, 0x05, 0x00,
    0x05, 0x05, 0x00, 0x05, 0x05, 0x00, 0x00, 0x00,
    0x00, 0x05, 0x05, 0x00, 0x05, 0x05, 0x00, 0x00,

    0x00, 0x00, 0x00, 0x00, 0x0B, 0x08, 0x03, 0x08,
    0x00, 0x00, 0x00, 0x00, 0x00, 0x03, 0x08, 0x03,
    0x00, 0x00, 0x00, 0x00, 0x00, 0x0B, 0x08, 0x08,
    0x00, 0x00, 0x00, 0x00, 0x0B, 0x08, 0x08, 0x08,
    0x00, 0x00, 0x00, 0x0B, 0x08, 0x08, 0x08, 0x03,
    0x00, 0x00, 0x0B, 0x08, 0x03, 0x08, 0x03, 0x00,
    0x00, 0x00, 0x03, 0x08, 0x08, 0x03, 0x00, 0x00,
    0x00, 0x00, 0x00, 0x03, 0x03, 0x00, 0x00, 0x00,

    0x08, 0x08, 0x08, 0x03, 0x00, 0x00, 0x00, 0x00,
    0x08, 0x08, 0x03, 0x00, 0x00, 0x00, 0x00, 0x00,
    0x08, 0x03, 0x03, 0x00, 0x00, 0x00, 0x00, 0x00,
    0x03, 0x03, 0x08, 0x03, 0x00, 0x00, 0x00, 0x00,
    0x03, 0x08, 0x08, 0x08, 0x03, 0x00, 0x00, 0x00,
    0x00, 0x0B, 0x08, 0x03, 0x08, 0x03, 0x00, 0x00,
    0x00, 0x00, 0x0B, 0x08, 0x08, 0x03, 0x00, 0x00,
    0x00, 0x00, 0x00, 0x0B, 0x03, 0x00, 0x00, 0x00,

    // Tile 532 (28,7)
    0x00, 0x00, 0x00, 0x0A, 0x0A, 0x0A, 0x0A, 0x00,
    0x00, 0x00, 0x00, 0x00, 0x0A, 0x0A, 0x0A, 0x0A,
    0x00, 0x00, 0x00, 0x00, 0x00, 0x00, 0x0A, 0x0A,
    0x00, 0x00, 0x00, 0x00, 0x00, 0x00, 0x00, 0x00,
    0x00, 0x00, 0x00, 0x00, 0x00, 0x00, 0x00, 0x00,
    0x00, 0x00, 0x00, 0x00, 0x00, 0x00, 0x00, 0x00,
    0x00, 0x00, 0x00, 0x00, 0x00, 0x00, 0x00, 0x00,
    0x00, 0x00, 0x00, 0x00, 0x00, 0x00, 0x0B, 0x0B,

    0x0A, 0x00, 0x00, 0x0A, 0x0A, 0x00, 0x00, 0x00,
    0x00, 0x0A, 0x0A, 0x0A, 0x00, 0x00, 0x00, 0x00,
    0x0A, 0x0A, 0x00, 0x00, 0x00, 0x00, 0x00, 0x00,
    0x08, 0x00, 0x00, 0x00, 0x00, 0x00, 0x00, 0x00,
    0x08, 0x00, 0x00, 0x00, 0x00, 0x00, 0x00, 0x00,
    0x08, 0x00, 0x00, 0x00, 0x00, 0x00, 0x00, 0x00,
    0x08, 0x00, 0x00, 0x00, 0x00, 0x00, 0x00, 0x00,
    0x08, 0x00, 0x00, 0x00, 0x00, 0x00, 0x00, 0x00,

    0x00, 0x00, 0x00, 0x00, 0x0A, 0x0A, 0x0F, 0x0A,
    0x00, 0x00, 0x0A, 0x0A, 0x0A, 0x0A, 0x0A, 0x00,
    0x00, 0x0A, 0x0A, 0x00, 0x0A, 0x0A, 0x0A, 0x00,
    0x00, 0x0A, 0x0A, 0x00, 0x00, 0x0A, 0x0A, 0x00,
    0x00, 0x00, 0x00, 0x00, 0x0A, 0x0F, 0x0A, 0x0A,
    0x00, 0x00, 0x00, 0x0A, 0x0A, 0x0A, 0x0A, 0x00,
    0x00, 0x00, 0x00, 0x0A, 0x0A, 0x0A, 0x0A, 0x0A,
    0x00, 0x00, 0x00, 0x00, 0x0A, 0x0A, 0x0A, 0x0A,

    0x0A, 0x0A, 0x0A, 0x0A, 0x00, 0x00, 0x00, 0x00,
    0x0A, 0x00, 0x0A, 0x0A, 0x0A, 0x00, 0x00, 0x00,
    0x0A, 0x00, 0x0A, 0x0A, 0x0A, 0x0A, 0x00, 0x00,
    0x0A, 0x00, 0x0A, 0x00, 0x0A, 0x0A, 0x00, 0x00,
    0x0A, 0x0A, 0x0A, 0x0A, 0x00, 0x00, 0x00, 0x00,
    0x0A, 0x00, 0x0A, 0x0A, 0x0A, 0x00, 0x00, 0x00,
    0x00, 0x0A, 0x0A, 0x0A, 0x0A, 0x00, 0x00, 0x00,
    0x0A, 0x0A, 0x0A, 0x0A, 0x00, 0x00, 0x00, 0x00,

    // Tile 536 (32,7)
    0x00, 0x00, 0x00, 0x09, 0x05, 0x0A, 0x0F, 0x0A,
    0x00, 0x00, 0x00, 0x09, 0x05, 0x0A, 0x0F, 0x0A,
    0x00, 0x00, 0x00, 0x09, 0x05, 0x0A, 0x0F, 0x0A,
    0x00, 0x00, 0x00, 0x09, 0x05, 0x0A, 0x0A, 0x0A,
    0x00, 0x00, 0x00, 0x09, 0x05, 0x0A, 0x0A, 0x0A,
    0x00, 0x00, 0x00, 0x09, 0x05, 0x05, 0x0A, 0x0A,
    0x00, 0x00, 0x00, 0x08, 0x08, 0x05, 0x05, 0x05,
    0x00, 0x00, 0x00, 0x00, 0x08, 0x08, 0x08, 0x08,

    0x0A, 0x0A, 0x05, 0x08, 0x00, 0x0A, 0x08, 0x00,
    0x0A, 0x0A, 0x05, 0x05, 0x0A, 0x08, 0x08, 0x00,
    0x0A, 0x0A, 0x05, 0x05, 0x0A, 0x08, 0x00, 0x00,
    0x0A, 0x0A, 0x05, 0x05, 0x08, 0x00, 0x00, 0x00,
    0x0A, 0x0A, 0x05, 0x05, 0x00, 0x00, 0x00, 0x00,
    0x0A, 0x05, 0x05, 0x05, 0x00, 0x00, 0x00, 0x00,
    0x05, 0x05, 0x05, 0x05, 0x00, 0x00, 0x00, 0x00,
    0x05, 0x05, 0x05, 0x00, 0x00, 0x00, 0x00, 0x00,

    0x00, 0x00, 0x08, 0x03, 0x0A, 0x03, 0x03, 0x05,
    0x00, 0x00, 0x08, 0x03, 0x05, 0x03, 0x03, 0x05,
    0x00, 0x00, 0x08, 0x05, 0x03, 0x0A, 0x03, 0x05,
    0x00, 0x00, 0x08, 0x03, 0x05, 0x0A, 0x05, 0x03,
    0x00, 0x00, 0x00, 0x08, 0x03, 0x05, 0x03, 0x03,
    0x00, 0x00, 0x00, 0x08, 0x03, 0x03, 0x0A, 0x05,
    0x00, 0x00, 0x00, 0x00, 0x08, 0x05, 0x03, 0x03,
    0x00, 0x00, 0x00, 0x00, 0x00, 0x08, 0x08, 0x08,

    0x03, 0x05, 0x03, 0x0A, 0x03, 0x08, 0x00, 0x00,
    0x03, 0x03, 0x03, 0x03, 0x03, 0x08, 0x00, 0x00,
    0x03, 0x05, 0x05, 0x0A, 0x0A, 0x08, 0x00, 0x00,
    0x0A, 0x0A, 0x05, 0x03, 0x03, 0x08, 0x00, 0x00,
    0x03, 0x03, 0x05, 0x03, 0x08, 0x00, 0x00, 0x00,
    0x05, 0x03, 0x03, 0x03, 0x08, 0x00, 0x00, 0x00,
    0x05, 0x05, 0x03, 0x08, 0x00, 0x00, 0x00, 0x00,
    0x08, 0x08, 0x08, 0x00, 0x00, 0x00, 0x00, 0x00,

    // Tile 540 (36,7)
    0x00, 0x00, 0x00, 0x00, 0x0A, 0x0A, 0x09, 0x09,
    0x00, 0x00, 0x00, 0x0A, 0x0A, 0x0F, 0x0A, 0x0A,
    0x00, 0x00, 0x00, 0x0A, 0x0A, 0x0A, 0x0F, 0x0A,
    0x00, 0x00, 0x0A, 0x0A, 0x0A, 0x0A, 0x0A, 0x07,
    0x00, 0x0A, 0x0A, 0x0A, 0x0A, 0x0A, 0x0A, 0x07,
    0x00, 0x00, 0x0A, 0x0A, 0x0A, 0x0A, 0x0A, 0x07,
    0x00, 0x00, 0x00, 0x0A, 0x0A, 0x0A, 0x07, 0x07,
    0x00, 0x00, 0x00, 0x00, 0x0A, 0x0A, 0x00, 0x0A,

    0x09, 0x09, 0x07, 0x07, 0x00, 0x00, 0x00, 0x00,
    0x0A, 0x0A, 0x07, 0x07, 0x07, 0x00, 0x00, 0x00,
    0x0A, 0x07, 0x07, 0x07, 0x07, 0x00, 0x00, 0x00,
    0x0A, 0x07, 0x07, 0x07, 0x07, 0x07, 0x00, 0x00,
    0x0A, 0x07, 0x0A, 0x07, 0x07, 0x07, 0x07, 0x00,
    0x0A, 0x07, 0x0A, 0x07, 0x07, 0x07, 0x00, 0x00,
    0x0A, 0x07, 0x0A, 0x0A, 0x07, 0x00, 0x00, 0x00,
    0x0A, 0x00, 0x0A, 0x0A, 0x00, 0x00, 0x00, 0x00,

    0x00, 0x00, 0x00, 0x00, 0x00, 0x00, 0x0B, 0x0B,
    0x00, 0x00, 0x00, 0x00, 0x00, 0x0B, 0x0B, 0x0B,
    0x00, 0x00, 0x00, 0x00, 0x0B, 0x0B, 0x0B, 0x0B,
    0x00, 0x00, 0x00, 0x0B, 0x0B, 0x0B, 0x00, 0x0B,
    0x00, 0x00, 0x0B, 0x0B, 0x0B, 0x00, 0x00, 0x00,
    0x00, 0x0B, 0x0B, 0x0B, 0x00, 0x00, 0x00, 0x00,
    0x0B, 0x0B, 0x0B, 0x00, 0x00, 0x00, 0x00, 0x00,
    0x0B, 0x0B, 0x00, 0x00, 0x00, 0x00, 0x00, 0x00,

    0x0B, 0x0B, 0x0B, 0x0B, 0x00, 0x00, 0x00, 0x00,
    0x0B, 0x0B, 0x0B, 0x00, 0x00, 0x00, 0x00, 0x00,
    0x0B, 0x0B, 0x00, 0x00, 0x00, 0x00, 0x00, 0x00,
    0x0B, 0x00, 0x00, 0x00, 0x00, 0x00, 0x00, 0x00,
    0x00, 0x00, 0x00, 0x00, 0x00, 0x00, 0x00, 0x00,
    0x00, 0x00, 0x00, 0x00, 0x00, 0x00, 0x00, 0x00,
    0x00, 0x00, 0x00, 0x00, 0x00, 0x00, 0x00, 0x00,
    0x00, 0x00, 0x00, 0x00, 0x00, 0x00, 0x00, 0x00,

    // Tile 544 (40,7)
    0x00, 0x00, 0x00, 0x00, 0x00, 0x00, 0x0B, 0x0B,
    0x00, 0x00, 0x00, 0x00, 0x00, 0x0B, 0x0B, 0x0B,
    0x00, 0x00, 0x00, 0x00, 0x0B, 0x0B, 0x0B, 0x00,
    0x00, 0x00, 0x00, 0x0B, 0x0B, 0x0B, 0x00, 0x00,
    0x00, 0x00, 0x0B, 0x0B, 0x0B, 0x00, 0x00, 0x00,
    0x00, 0x0B, 0x0B, 0x0B, 0x00, 0x00, 0x00, 0x00,
    0x0B, 0x0B, 0x0B, 0x00, 0x00, 0x00, 0x00, 0x00,
    0x0B, 0x0B, 0x00, 0x00, 0x00, 0x00, 0x00, 0x00,

    0x0B, 0x0B, 0x0B, 0x0B, 0x00, 0x00, 0x00, 0x00,
    0x00, 0x00, 0x00, 0x00, 0x00, 0x00, 0x00, 0x00,
    0x00, 0x00, 0x00, 0x00, 0x00, 0x00, 0x00, 0x00,
    0x00, 0x00, 0x00, 0x00, 0x00, 0x00, 0x00, 0x00,
    0x00, 0x00, 0x00, 0x00, 0x00, 0x00, 0x00, 0x00,
    0x00, 0x00, 0x00, 0x00, 0x00, 0x00, 0x00, 0x00,
    0x00, 0x00, 0x00, 0x00, 0x00, 0x00, 0x00, 0x00,
    0x00, 0x00, 0x00, 0x00, 0x00, 0x00, 0x00, 0x00,

    0x00, 0x00, 0x00, 0x0B, 0x0A, 0x00, 0x0A, 0x0B,
    0x00, 0x00, 0x08, 0x08, 0x0B, 0x0B, 0x0B, 0x0B,
    0x00, 0x00, 0x08, 0x00, 0x08, 0x0A, 0x00, 0x0A,
    0x00, 0x00, 0x00, 0x00, 0x00, 0x0A, 0x00, 0x00,
    0x00, 0x00, 0x00, 0x00, 0x00, 0x00, 0x00, 0x00,
    0x00, 0x00, 0x00, 0x00, 0x08, 0x0B, 0x00, 0x0A,
    0x00, 0x00, 0x00, 0x00, 0x00, 0x08, 0x0A, 0x0B,
    0x00, 0x00, 0x00, 0x00, 0x00, 0x08, 0x08, 0x08,

    0x0A, 0x00, 0x00, 0x0B, 0x08, 0x00, 0x00, 0x00,
    0x0B, 0x0B, 0x0B, 0x00, 0x08, 0x00, 0x00, 0x00,
    0x00, 0x0B, 0x08, 0x00, 0x00, 0x00, 0x00, 0x00,
    0x00, 0x0B, 0x00, 0x00, 0x00, 0x00, 0x00, 0x00,
    0x00, 0x00, 0x00, 0x00, 0x00, 0x00, 0x00, 0x00,
    0x00, 0x0B, 0x08, 0x00, 0x00, 0x00, 0x00, 0x00,
    0x0B, 0x08, 0x00, 0x00, 0x00, 0x00, 0x00, 0x00,
    0x08, 0x08, 0x00, 0x00, 0x00, 0x00, 0x00, 0x00,

    // Tile 548 (44,7)
    0x00, 0x08, 0x08, 0x0B, 0x09, 0x09, 0x09, 0x00,
    0x00, 0x00, 0x00, 0x0B, 0x0B, 0x0B, 0x09, 0x00,
    0x00, 0x09, 0x00, 0x0B, 0x09, 0x09, 0x09, 0x00,
    0x00, 0x09, 0x09, 0x0B, 0x0B, 0x0B, 0x09, 0x00,
    0x00, 0x09, 0x00, 0x0B, 0x09, 0x09, 0x09, 0x00,
    0x00, 0x09, 0x00, 0x0B, 0x0B, 0x0B, 0x09, 0x00,
    0x00, 0x09, 0x00, 0x0B, 0x09, 0x09, 0x09, 0x00,
    0x00, 0x09, 0x00, 0x0B, 0x0B, 0x0B, 0x09, 0x00,

    0x00, 0x0B, 0x09, 0x09, 0x0B, 0x09, 0x08, 0x00,
    0x00, 0x0B, 0x0B, 0x0B, 0x0B, 0x00, 0x00, 0x00,
    0x00, 0x0B, 0x09, 0x09, 0x0B, 0x00, 0x09, 0x00,
    0x00, 0x0B, 0x0B, 0x0B, 0x0B, 0x09, 0x09, 0x00,
    0x00, 0x0B, 0x09, 0x09, 0x0B, 0x00, 0x09, 0x00,
    0x00, 0x0B, 0x0B, 0x0B, 0x0B, 0x00, 0x09, 0x00,
    0x00, 0x0B, 0x09, 0x09, 0x0B, 0x00, 0x09, 0x00,
    0x00, 0x0B, 0x0B, 0x0B, 0x0B, 0x00, 0x09, 0x00,

    0x00, 0x09, 0x09, 0x06, 0x06, 0x06, 0x06, 0x00,
    0x00, 0x07, 0x07, 0x06, 0x08, 0x0A, 0x07, 0x00,
    0x00, 0x0C, 0x09, 0x06, 0x06, 0x06, 0x06, 0x00,
    0x00, 0x09, 0x09, 0x06, 0x08, 0x0A, 0x07, 0x00,
    0x00, 0x07, 0x07, 0x06, 0x06, 0x06, 0x06, 0x00,
    0x00, 0x0C, 0x09, 0x06, 0x08, 0x0A, 0x07, 0x00,
    0x00, 0x09, 0x09, 0x06, 0x06, 0x06, 0x06, 0x00,
    0x00, 0x07, 0x07, 0x06, 0x08, 0x0A, 0x07, 0x00,

    0x00, 0x06, 0x06, 0x06, 0x06, 0x09, 0x09, 0x00,
    0x00, 0x0A, 0x07, 0x07, 0x07, 0x07, 0x07, 0x00,
    0x00, 0x06, 0x0A, 0x08, 0x08, 0x0C, 0x09, 0x00,
    0x0A, 0x08, 0x0A, 0x00, 0x08, 0x09, 0x09, 0x00,
    0x00, 0x06, 0x0A, 0x00, 0x08, 0x07, 0x07, 0x00,
    0x00, 0x0A, 0x0A, 0x08, 0x08, 0x0C, 0x09, 0x00,
    0x00, 0x06, 0x06, 0x06, 0x06, 0x09, 0x09, 0x00,
    0x00, 0x0A, 0x07, 0x07, 0x07, 0x07, 0x07, 0x00,

    // Tile 552 (48,7)
    0x03, 0x09, 0x03, 0x03, 0x07, 0x07, 0x07, 0x03,
    0x03, 0x09, 0x03, 0x07, 0x07, 0x07, 0x07, 0x07,
    0x03, 0x09, 0x03, 0x07, 0x07, 0x07, 0x07, 0x07,
    0x03, 0x09, 0x03, 0x07, 0x07, 0x07, 0x07, 0x07,
    0x03, 0x09, 0x03, 0x03, 0x07, 0x07, 0x07, 0x03,
    0x03, 0x09, 0x09, 0x03, 0x03, 0x03, 0x03, 0x03,
    0x03, 0x09, 0x09, 0x09, 0x09, 0x09, 0x09, 0x09,
    0x03, 0x03, 0x03, 0x03, 0x03, 0x03, 0x03, 0x03,

    0x03, 0x09, 0x03, 0x07, 0x07, 0x07, 0x07, 0x03,
    0x03, 0x09, 0x03, 0x07, 0x03, 0x03, 0x07, 0x03,
    0x03, 0x09, 0x03, 0x03, 0x07, 0x07, 0x03, 0x03,
    0x03, 0x09, 0x03, 0x07, 0x03, 0x03, 0x07, 0x03,
    0x03, 0x09, 0x03, 0x07, 0x07, 0x07, 0x07, 0x03,
    0x09, 0x09, 0x03, 0x03, 0x03, 0x03, 0x03, 0x03,
    0x09, 0x09, 0x03, 0x08, 0x08, 0x08, 0x08, 0x03,
    0x03, 0x03, 0x03, 0x03, 0x03, 0x03, 0x03, 0x03,

    0x03, 0x0E, 0x03, 0x05, 0x05, 0x05, 0x05, 0x05,
    0x03, 0x0E, 0x03, 0x05, 0x05, 0x05, 0x05, 0x05,
    0x03, 0x0E, 0x03, 0x05, 0x05, 0x05, 0x05, 0x05,
    0x03, 0x0E, 0x03, 0x05, 0x05, 0x05, 0x05, 0x05,
    0x03, 0x0E, 0x03, 0x05, 0x05, 0x05, 0x05, 0x05,
    0x03, 0x0E, 0x0E, 0x03, 0x03, 0x03, 0x03, 0x03,
    0x03, 0x0E, 0x0E, 0x0E, 0x0E, 0x0E, 0x0E, 0x0E,
    0x03, 0x03, 0x03, 0x03, 0x03, 0x03, 0x03, 0x03,

    0x03, 0x0E, 0x03, 0x05, 0x05, 0x05, 0x05, 0x03,
    0x03, 0x0E, 0x03, 0x05, 0x03, 0x03, 0x05, 0x03,
    0x03, 0x0E, 0x03, 0x03, 0x05, 0x05, 0x03, 0x03,
    0x03, 0x0E, 0x03, 0x05, 0x03, 0x03, 0x05, 0x03,
    0x03, 0x0E, 0x03, 0x05, 0x05, 0x05, 0x05, 0x03,
    0x0E, 0x0E, 0x03, 0x03, 0x03, 0x03, 0x03, 0x03,
    0x0E, 0x0E, 0x03, 0x0A, 0x0A, 0x0A, 0x0A, 0x03,
    0x03, 0x03, 0x03, 0x03, 0x03, 0x03, 0x03, 0x03,

    // Tile 556 (52,7)
    0x03, 0x0B, 0x03, 0x0B, 0x0B, 0x0B, 0x0B, 0x0B,
    0x03, 0x0B, 0x03, 0x0B, 0x0B, 0x0B, 0x0B, 0x0B,
    0x03, 0x0B, 0x03, 0x0B, 0x0B, 0x0B, 0x0B, 0x0B,
    0x03, 0x0B, 0x03, 0x0B, 0x0B, 0x0B, 0x0B, 0x0B,
    0x03, 0x0B, 0x03, 0x0B, 0x0B, 0x0B, 0x0B, 0x0B,
    0x03, 0x0B, 0x0B, 0x03, 0x03, 0x03, 0x03, 0x03,
    0x03, 0x0B, 0x0B, 0x0B, 0x0B, 0x0B, 0x0B, 0x0B,
    0x03, 0x03, 0x03, 0x03, 0x03, 0x03, 0x03, 0x03,

    0x03, 0x0B, 0x03, 0x08, 0x08, 0x08, 0x08, 0x03,
    0x03, 0x0B, 0x03, 0x08, 0x03, 0x03, 0x08, 0x03,
    0x03, 0x0B, 0x03, 0x03, 0x08, 0x08, 0x03, 0x03,
    0x03, 0x0B, 0x03, 0x08, 0x03, 0x03, 0x08, 0x03,
    0x03, 0x0B, 0x03, 0x08, 0x08, 0x08, 0x08, 0x03,
    0x0B, 0x0B, 0x03, 0x03, 0x03, 0x03, 0x03, 0x03,
    0x0B, 0x0B, 0x03, 0x08, 0x08, 0x08, 0x08, 0x03,
    0x03, 0x03, 0x03, 0x03, 0x03, 0x03, 0x03, 0x03,

    0x03, 0x0B, 0x03, 0x0B, 0x0B, 0x0B, 0x0B, 0x0B,
    0x03, 0x0A, 0x03, 0x0B, 0x0B, 0x0B, 0x0B, 0x0B,
    0x03, 0x0B, 0x03, 0x0B, 0x0B, 0x0B, 0x0B, 0x0B,
    0x03, 0x0A, 0x03, 0x0B, 0x0B, 0x0B, 0x0B, 0x0B,
    0x03, 0x0B, 0x03, 0x0B, 0x0B, 0x0B, 0x0B, 0x0B,
    0x03, 0x0A, 0x0B, 0x03, 0x03, 0x03, 0x03, 0x03,
    0x03, 0x0A, 0x0A, 0x0B, 0x0B, 0x0A, 0x0B, 0x0A,
    0x03, 0x03, 0x03, 0x03, 0x03, 0x03, 0x03, 0x03,

    0x03, 0x0B, 0x03, 0x0A, 0x08, 0x08, 0x0A, 0x03,
    0x03, 0x0A, 0x03, 0x08, 0x03, 0x03, 0x08, 0x03,
    0x03, 0x0B, 0x03, 0x03, 0x0A, 0x0A, 0x03, 0x03,
    0x03, 0x0A, 0x03, 0x08, 0x03, 0x03, 0x08, 0x03,
    0x03, 0x0B, 0x03, 0x0A, 0x08, 0x08, 0x0A, 0x03,
    0x0B, 0x0A, 0x03, 0x03, 0x03, 0x03, 0x03, 0x03,
    0x0A, 0x0A, 0x03, 0x0A, 0x0A, 0x0A, 0x0A, 0x03,
    0x03, 0x03, 0x03, 0x03, 0x03, 0x03, 0x03, 0x03,

    // Tile 560 (56,7)
    0x00, 0x03, 0x01, 0x00, 0x00, 0x0F, 0x0F, 0x04,
    0x00, 0x03, 0x01, 0x00, 0x00, 0x03, 0x04, 0x04,
    0x00, 0x02, 0x01, 0x00, 0x03, 0x04, 0x04, 0x04,
    0x00, 0x02, 0x01, 0x00, 0x00, 0x00, 0x00, 0x00,
    0x00, 0x02, 0x02, 0x01, 0x00, 0x00, 0x00, 0x04,
    0x00, 0x00, 0x02, 0x02, 0x01, 0x01, 0x04, 0x03,
    0x00, 0x00, 0x00, 0x02, 0x02, 0x02, 0x03, 0x00,
    0x00, 0x00, 0x00, 0x00, 0x02, 0x02, 0x02, 0x02,

    0x04, 0x00, 0x00, 0x00, 0x00, 0x00, 0x01, 0x00,
    0x03, 0x00, 0x00, 0x00, 0x00, 0x00, 0x01, 0x00,
    0x04, 0x04, 0x04, 0x03, 0x00, 0x01, 0x02, 0x00,
    0x04, 0x04, 0x03, 0x00, 0x00, 0x01, 0x02, 0x00,
    0x04, 0x03, 0x00, 0x00, 0x00, 0x01, 0x02, 0x00,
    0x03, 0x00, 0x00, 0x00, 0x01, 0x02, 0x00, 0x00,
    0x00, 0x01, 0x02, 0x02, 0x02, 0x00, 0x00, 0x00,
    0x02, 0x02, 0x02, 0x02, 0x00, 0x00, 0x00, 0x00,

    0x00, 0x00, 0x09, 0x0B, 0x09, 0x00, 0x09, 0x00,
    0x00, 0x00, 0x09, 0x0B, 0x09, 0x00, 0x09, 0x09,
    0x00, 0x00, 0x09, 0x0B, 0x09, 0x00, 0x09, 0x09,
    0x00, 0x00, 0x09, 0x0B, 0x09, 0x00, 0x09, 0x09,
    0x00, 0x00, 0x09, 0x0B, 0x09, 0x00, 0x09, 0x00,
    0x00, 0x00, 0x09, 0x0B, 0x09, 0x00, 0x09, 0x09,
    0x00, 0x00, 0x09, 0x0B, 0x09, 0x09, 0x00, 0x00,
    0x00, 0x00, 0x00, 0x0B, 0x09, 0x00, 0x09, 0x09,

    0x09, 0x00, 0x09, 0x00, 0x09, 0x00, 0x09, 0x00,
    0x00, 0x09, 0x09, 0x09, 0x00, 0x09, 0x09, 0x00,
    0x09, 0x09, 0x06, 0x09, 0x09, 0x09, 0x09, 0x00,
    0x00, 0x09, 0x09, 0x09, 0x00, 0x09, 0x09, 0x00,
    0x09, 0x00, 0x09, 0x00, 0x09, 0x00, 0x09, 0x00,
    0x09, 0x00, 0x09, 0x00, 0x09, 0x09, 0x09, 0x00,
    0x00, 0x09, 0x09, 0x09, 0x00, 0x00, 0x00, 0x00,
    0x09, 0x09, 0x09, 0x09, 0x09, 0x09, 0x09, 0x00,

    // Tile 564 (60,7)
    0x00, 0x00, 0x00, 0x00, 0x00, 0x00, 0x00, 0x00,
    0x00, 0x00, 0x00, 0x00, 0x00, 0x00, 0x00, 0x00,
    0x00, 0x00, 0x00, 0x00, 0x00, 0x00, 0x00, 0x00,
    0x00, 0x00, 0x00, 0x00, 0x00, 0x00, 0x00, 0x00,
    0x00, 0x00, 0x00, 0x00, 0x00, 0x00, 0x00, 0x00,
    0x00, 0x00, 0x00, 0x00, 0x00, 0x00, 0x00, 0x00,
    0x00, 0x00, 0x00, 0x00, 0x00, 0x00, 0x00, 0x00,
    0x00, 0x00, 0x00, 0x00, 0x00, 0x00, 0x00, 0x00,

    0x00, 0x00, 0x00, 0x00, 0x00, 0x00, 0x00, 0x00,
    0x00, 0x00, 0x00, 0x00, 0x00, 0x00, 0x00, 0x00,
    0x00, 0x00, 0x00, 0x00, 0x00, 0x00, 0x00, 0x00,
    0x00, 0x00, 0x00, 0x00, 0x00, 0x00, 0x00, 0x00,
    0x00, 0x00, 0x00, 0x00, 0x00, 0x00, 0x00, 0x00,
    0x00, 0x00, 0x00, 0x00, 0x00, 0x00, 0x00, 0x00,
    0x00, 0x00, 0x00, 0x00, 0x00, 0x00, 0x00, 0x00,
    0x00, 0x00, 0x00, 0x00, 0x00, 0x00, 0x00, 0x00,

    0x00, 0x00, 0x00, 0x00, 0x00, 0x00, 0x00, 0x00,
    0x00, 0x00, 0x00, 0x00, 0x00, 0x00, 0x00, 0x00,
    0x00, 0x00, 0x00, 0x00, 0x00, 0x00, 0x00, 0x00,
    0x00, 0x00, 0x00, 0x00, 0x00, 0x00, 0x00, 0x00,
    0x00, 0x00, 0x00, 0x00, 0x00, 0x00, 0x00, 0x00,
    0x00, 0x00, 0x00, 0x00, 0x00, 0x00, 0x00, 0x00,
    0x00, 0x00, 0x00, 0x00, 0x00, 0x00, 0x00, 0x00,
    0x00, 0x00, 0x00, 0x00, 0x00, 0x00, 0x00, 0x00,

    0x00, 0x00, 0x00, 0x00, 0x00, 0x00, 0x00, 0x00,
    0x00, 0x00, 0x00, 0x00, 0x00, 0x00, 0x00, 0x00,
    0x00, 0x00, 0x00, 0x00, 0x00, 0x00, 0x00, 0x00,
    0x00, 0x00, 0x00, 0x00, 0x00, 0x00, 0x00, 0x00,
    0x00, 0x00, 0x00, 0x00, 0x00, 0x00, 0x00, 0x00,
    0x00, 0x00, 0x00, 0x00, 0x00, 0x00, 0x00, 0x00,
    0x00, 0x00, 0x00, 0x00, 0x00, 0x00, 0x00, 0x00,
    0x00, 0x00, 0x00, 0x00, 0x00, 0x00, 0x00, 0x00,

    // Tile 568 (64,7)
    0x00, 0x00, 0x00, 0x00, 0x00, 0x00, 0x00, 0x00,
    0x00, 0x00, 0x00, 0x00, 0x00, 0x00, 0x00, 0x00,
    0x00, 0x00, 0x00, 0x00, 0x00, 0x00, 0x00, 0x00,
    0x00, 0x00, 0x00, 0x00, 0x00, 0x00, 0x00, 0x00,
    0x00, 0x00, 0x00, 0x00, 0x00, 0x00, 0x00, 0x00,
    0x00, 0x00, 0x00, 0x00, 0x00, 0x00, 0x00, 0x00,
    0x00, 0x00, 0x00, 0x00, 0x00, 0x00, 0x00, 0x00,
    0x00, 0x00, 0x00, 0x00, 0x00, 0x00, 0x00, 0x00,

    0x00, 0x00, 0x00, 0x00, 0x00, 0x00, 0x00, 0x00,
    0x00, 0x00, 0x00, 0x00, 0x00, 0x00, 0x00, 0x00,
    0x00, 0x00, 0x00, 0x00, 0x00, 0x00, 0x00, 0x00,
    0x00, 0x00, 0x00, 0x00, 0x00, 0x00, 0x00, 0x00,
    0x00, 0x00, 0x00, 0x00, 0x00, 0x00, 0x00, 0x00,
    0x00, 0x00, 0x00, 0x00, 0x00, 0x00, 0x00, 0x00,
    0x00, 0x00, 0x00, 0x00, 0x00, 0x00, 0x00, 0x00,
    0x00, 0x00, 0x00, 0x00, 0x00, 0x00, 0x00, 0x00,

    0x00, 0x00, 0x00, 0x00, 0x00, 0x00, 0x00, 0x00,
    0x00, 0x00, 0x00, 0x00, 0x00, 0x00, 0x00, 0x00,
    0x00, 0x00, 0x00, 0x00, 0x00, 0x00, 0x00, 0x00,
    0x00, 0x00, 0x00, 0x00, 0x00, 0x00, 0x00, 0x00,
    0x00, 0x00, 0x00, 0x00, 0x00, 0x00, 0x00, 0x00,
    0x00, 0x00, 0x00, 0x00, 0x00, 0x00, 0x00, 0x00,
    0x00, 0x00, 0x00, 0x00, 0x00, 0x00, 0x00, 0x00,
    0x00, 0x00, 0x00, 0x00, 0x00, 0x00, 0x00, 0x00,

    0x00, 0x00, 0x00, 0x00, 0x00, 0x00, 0x00, 0x00,
    0x00, 0x00, 0x00, 0x00, 0x00, 0x00, 0x00, 0x00,
    0x00, 0x00, 0x00, 0x00, 0x00, 0x00, 0x00, 0x00,
    0x00, 0x00, 0x00, 0x00, 0x00, 0x00, 0x00, 0x00,
    0x00, 0x00, 0x00, 0x00, 0x00, 0x00, 0x00, 0x00,
    0x00, 0x00, 0x00, 0x00, 0x00, 0x00, 0x00, 0x00,
    0x00, 0x00, 0x00, 0x00, 0x00, 0x00, 0x00, 0x00,
    0x00, 0x00, 0x00, 0x00, 0x00, 0x00, 0x00, 0x00,

    // Tile 572 (68,7)
    0x00, 0x00, 0x00, 0x00, 0x00, 0x00, 0x00, 0x00,
    0x00, 0x00, 0x00, 0x00, 0x00, 0x00, 0x00, 0x00,
    0x00, 0x00, 0x00, 0x00, 0x00, 0x00, 0x00, 0x00,
    0x00, 0x00, 0x00, 0x00, 0x00, 0x00, 0x00, 0x00,
    0x00, 0x00, 0x00, 0x00, 0x00, 0x00, 0x00, 0x00,
    0x00, 0x00, 0x00, 0x00, 0x00, 0x00, 0x00, 0x00,
    0x00, 0x00, 0x00, 0x00, 0x00, 0x00, 0x00, 0x00,
    0x00, 0x00, 0x00, 0x00, 0x00, 0x00, 0x00, 0x00,

    0x00, 0x00, 0x00, 0x00, 0x00, 0x00, 0x00, 0x00,
    0x00, 0x00, 0x00, 0x00, 0x00, 0x00, 0x00, 0x00,
    0x00, 0x00, 0x00, 0x00, 0x00, 0x00, 0x00, 0x00,
    0x00, 0x00, 0x00, 0x00, 0x00, 0x00, 0x00, 0x00,
    0x00, 0x00, 0x00, 0x00, 0x00, 0x00, 0x00, 0x00,
    0x00, 0x00, 0x00, 0x00, 0x00, 0x00, 0x00, 0x00,
    0x00, 0x00, 0x00, 0x00, 0x00, 0x00, 0x00, 0x00,
    0x00, 0x00, 0x00, 0x00, 0x00, 0x00, 0x00, 0x00,

    0x00, 0x00, 0x00, 0x00, 0x00, 0x00, 0x00, 0x00,
    0x00, 0x00, 0x00, 0x00, 0x00, 0x00, 0x00, 0x00,
    0x00, 0x00, 0x00, 0x00, 0x00, 0x00, 0x00, 0x00,
    0x00, 0x00, 0x00, 0x00, 0x00, 0x00, 0x00, 0x00,
    0x00, 0x00, 0x00, 0x00, 0x00, 0x00, 0x00, 0x00,
    0x00, 0x00, 0x00, 0x00, 0x00, 0x00, 0x00, 0x00,
    0x00, 0x00, 0x00, 0x00, 0x00, 0x00, 0x00, 0x00,
    0x00, 0x00, 0x00, 0x00, 0x00, 0x00, 0x00, 0x00,

    0x00, 0x00, 0x00, 0x00, 0x00, 0x00, 0x00, 0x00,
    0x00, 0x00, 0x00, 0x00, 0x00, 0x00, 0x00, 0x00,
    0x00, 0x00, 0x00, 0x00, 0x00, 0x00, 0x00, 0x00,
    0x00, 0x00, 0x00, 0x00, 0x00, 0x00, 0x00, 0x00,
    0x00, 0x00, 0x00, 0x00, 0x00, 0x00, 0x00, 0x00,
    0x00, 0x00, 0x00, 0x00, 0x00, 0x00, 0x00, 0x00,
    0x00, 0x00, 0x00, 0x00, 0x00, 0x00, 0x00, 0x00,
    0x00, 0x00, 0x00, 0x00, 0x00, 0x00, 0x00, 0x00,
};

// 36864 bytes total